ts_event,rtype,publisher_id,instrument_id,open,high,low,close,volume,symbol
2020-01-02T00:00:00.000000000Z,35,2,7444,323.660000000,325.250000000,322.540000000,325.070000000,8890856,SPY
2020-01-03T00:00:00.000000000Z,35,2,7446,321.770000000,323.640000000,319.690000000,322.740000000,10623102,SPY
2020-01-06T00:00:00.000000000Z,35,2,7449,320.130000000,323.940000000,319.930000000,323.220000000,8087764,SPY
2020-01-07T00:00:00.000000000Z,35,2,7446,324.130000000,324.130000000,318.790000000,319.470000000,6386891,SPY
2020-01-08T00:00:00.000000000Z,35,2,7447,322.200000000,325.780000000,322.020000000,325.150000000,10456194,SPY
2020-01-09T00:00:00.000000000Z,35,2,7448,326.190000000,326.940000000,325.520000000,326.900000000,7354977,SPY
2020-01-10T00:00:00.000000000Z,35,2,7450,327.170000000,327.720000000,325.200000000,325.620000000,6741933,SPY
2020-01-13T00:00:00.000000000Z,35,2,7451,326.690000000,328.410000000,325.930000000,328.380000000,6297159,SPY
2020-01-14T00:00:00.000000000Z,35,2,7454,327.440000000,328.620000000,326.850000000,327.200000000,9142254,SPY
2020-01-15T00:00:00.000000000Z,35,2,7452,327.470000000,329.030000000,327.040000000,328.800000000,9040143,SPY
2020-01-16T00:00:00.000000000Z,35,2,7452,329.720000000,331.370000000,329.340000000,331.130000000,7450737,SPY
2020-01-17T00:00:00.000000000Z,35,2,7454,331.390000000,332.180000000,331.070000000,331.800000000,8818673,SPY
2020-01-21T00:00:00.000000000Z,35,2,7449,330.490000000,332.180000000,330.140000000,331.200000000,9308231,SPY
2020-01-22T00:00:00.000000000Z,35,2,7451,332.300000000,332.950000000,330.690000000,330.690000000,6148592,SPY
2020-01-23T00:00:00.000000000Z,35,2,7450,331.000000000,332.400000000,329.410000000,332.250000000,8245858,SPY
2020-01-24T00:00:00.000000000Z,35,2,7453,332.740000000,332.920000000,327.370000000,328.410000000,13217846,SPY
2020-01-27T00:00:00.000000000Z,35,2,7451,325.610000000,325.610000000,322.680000000,324.030000000,13759637,SPY
2020-01-28T00:00:00.000000000Z,35,2,7452,324.440000000,327.840000000,323.560000000,326.890000000,10503631,SPY
2020-01-29T00:00:00.000000000Z,35,2,7455,328.090000000,328.630000000,325.990000000,326.730000000,8719469,SPY
2020-01-30T00:00:00.000000000Z,35,2,7457,324.500000000,328.880000000,323.550000000,328.320000000,13835180,SPY
2020-01-31T00:00:00.000000000Z,35,2,7458,327.480000000,327.480000000,320.740000000,321.920000000,18595175,SPY
2020-02-03T00:00:00.000000000Z,35,2,7461,323.440000000,326.150000000,322.720000000,323.610000000,10874847,SPY
2020-02-04T00:00:00.000000000Z,35,2,7460,327.410000000,330.010000000,327.200000000,328.880000000,9640388,SPY
2020-02-05T00:00:00.000000000Z,35,2,7465,330.960000000,333.340000000,330.680000000,332.900000000,10813933,SPY
2020-02-06T00:00:00.000000000Z,35,2,7469,334.460000000,334.640000000,332.810000000,334.450000000,7653442,SPY
2020-02-07T00:00:00.000000000Z,35,2,7473,333.750000000,334.000000000,331.510000000,331.740000000,9419550,SPY
2020-02-10T00:00:00.000000000Z,35,2,7467,331.770000000,334.890000000,331.100000000,334.610000000,6694174,SPY
2020-02-11T00:00:00.000000000Z,35,2,7468,335.500000000,337.020000000,334.745000000,335.620000000,8470976,SPY
2020-02-12T00:00:00.000000000Z,35,2,7470,336.630000000,337.760000000,336.000000000,336.150000000,6671562,SPY
2020-02-13T00:00:00.000000000Z,35,2,7474,336.100000000,338.110000000,334.620000000,337.060000000,8678999,SPY
2020-02-14T00:00:00.000000000Z,35,2,7471,337.770000000,338.170000000,336.200000000,337.810000000,8604539,SPY
2020-02-18T00:00:00.000000000Z,35,2,7429,336.350000000,337.500000000,335.220000000,337.400000000,9110894,SPY
2020-02-19T00:00:00.000000000Z,35,2,7431,337.350000000,339.070000000,337.250000000,338.860000000,6698066,SPY
2020-02-20T00:00:00.000000000Z,35,2,7433,337.590000000,338.635000000,333.700000000,335.360000000,13354288,SPY
2020-02-21T00:00:00.000000000Z,35,2,7435,335.400000000,335.970000000,332.580000000,333.450000000,15249837,SPY
2020-02-24T00:00:00.000000000Z,35,2,7437,326.430000000,326.520000000,321.240000000,323.800000000,27976220,SPY
2020-02-25T00:00:00.000000000Z,35,2,7439,324.390000000,324.610000000,311.690000000,315.000000000,41146036,SPY
2020-02-26T00:00:00.000000000Z,35,2,7439,311.650000000,318.110000000,309.100000000,310.280000000,35463494,SPY
2020-02-27T00:00:00.000000000Z,35,2,7454,309.390000000,310.360000000,293.620000000,296.870000000,48636794,SPY
2020-02-28T00:00:00.000000000Z,35,2,7462,291.770000000,299.660000000,285.550000000,299.000000000,67862814,SPY
2020-03-02T00:00:00.000000000Z,35,2,7458,300.010000000,309.420000000,290.660000000,308.300000000,38011446,SPY
2020-03-03T00:00:00.000000000Z,35,2,7460,308.640000000,313.820000000,297.570000000,299.340000000,57396538,SPY
2020-03-04T00:00:00.000000000Z,35,2,7460,305.130000000,313.100000000,303.330000000,310.830000000,26711257,SPY
2020-03-05T00:00:00.000000000Z,35,2,7455,307.590000000,308.460000000,300.020000000,302.770000000,25100946,SPY
2020-03-06T00:00:00.000000000Z,35,2,7451,298.810000000,299.600000000,290.230000000,295.350000000,37281869,SPY
2020-03-09T00:00:00.000000000Z,35,2,7451,289.400000000,289.400000000,270.290000000,280.290000000,57203079,SPY
2020-03-10T00:00:00.000000000Z,35,2,7448,281.960000000,288.820000000,273.500000000,283.170000000,53568323,SPY
2020-03-11T00:00:00.000000000Z,35,2,7449,281.420000000,284.000000000,270.880000000,273.800000000,46454680,SPY
2020-03-12T00:00:00.000000000Z,35,2,7449,263.950000000,266.650000000,242.000000000,244.850000000,75706248,SPY
2020-03-13T00:00:00.000000000Z,35,2,7443,257.990000000,272.000000000,249.580000000,267.150000000,65569861,SPY
2020-03-16T00:00:00.000000000Z,35,2,7445,262.750000000,262.750000000,237.360000000,244.860000000,51249792,SPY
2020-03-17T00:00:00.000000000Z,35,2,7446,246.970000000,256.400000000,237.070000000,242.950000000,47550607,SPY
2020-03-18T00:00:00.000000000Z,35,2,7452,239.400000000,247.650000000,228.030000000,246.000000000,70980353,SPY
2020-03-19T00:00:00.000000000Z,35,2,7451,240.230000000,247.380000000,232.220000000,237.350000000,52445233,SPY
2020-03-20T00:00:00.000000000Z,35,2,7451,243.850000000,250.080000000,226.370000000,226.370000000,57619374,SPY
2020-03-23T00:00:00.000000000Z,35,2,7448,221.540000000,238.890000000,218.250000000,226.390000000,58325921,SPY
2020-03-24T00:00:00.000000000Z,35,2,7449,232.050000000,247.150000000,230.390000000,242.470000000,36579185,SPY
2020-03-25T00:00:00.000000000Z,35,2,7445,246.940000000,256.350000000,239.040000000,246.960000000,45903894,SPY
2020-03-26T00:00:00.000000000Z,35,2,7442,242.210000000,263.500000000,240.400000000,263.350000000,36763436,SPY
2020-03-27T00:00:00.000000000Z,35,2,7439,258.000000000,260.800000000,251.060000000,252.090000000,34281222,SPY
2020-03-30T00:00:00.000000000Z,35,2,7426,250.320000000,262.590000000,250.200000000,261.900000000,25003625,SPY
2020-03-31T00:00:00.000000000Z,35,2,7417,262.940000000,263.870000000,254.160000000,254.310000000,25730870,SPY
2020-04-01T00:00:00.000000000Z,35,2,7414,251.840000000,251.980000000,243.900000000,247.500000000,31433775,SPY
2020-04-02T00:00:00.000000000Z,35,2,7415,247.620000000,252.810000000,242.940000000,250.890000000,31524882,SPY
2020-04-03T00:00:00.000000000Z,35,2,7416,250.000000000,253.320000000,245.230000000,247.990000000,25459576,SPY
2020-04-06T00:00:00.000000000Z,35,2,7415,258.240000000,266.960000000,256.700000000,266.530000000,28542594,SPY
2020-04-07T00:00:00.000000000Z,35,2,7416,270.750000000,275.030000000,262.940000000,265.200000000,29809439,SPY
2020-04-08T00:00:00.000000000Z,35,2,7418,265.880000000,275.400000000,263.050000000,274.970000000,21779665,SPY
2020-04-09T00:00:00.000000000Z,35,2,7421,276.790000000,281.200000000,270.400000000,279.030000000,26154116,SPY
2020-04-13T00:00:00.000000000Z,35,2,7419,274.630000000,278.170000000,271.410000000,277.020000000,16862180,SPY
2020-04-14T00:00:00.000000000Z,35,2,7419,279.150000000,284.710000000,278.440000000,283.390000000,19174116,SPY
2020-04-15T00:00:00.000000000Z,35,2,7417,280.260000000,280.960000000,275.410000000,275.660000000,17651532,SPY
2020-04-16T00:00:00.000000000Z,35,2,7417,277.920000000,289.390000000,275.760000000,287.510000000,20044047,SPY
2020-04-17T00:00:00.000000000Z,35,2,7414,286.140000000,288.120000000,282.405000000,286.650000000,19395438,SPY
2020-04-20T00:00:00.000000000Z,35,2,7412,285.710000000,286.290000000,280.750000000,281.920000000,14194303,SPY
2020-04-21T00:00:00.000000000Z,35,2,7406,279.170000000,280.280000000,272.020000000,274.470000000,21231064,SPY
2020-04-22T00:00:00.000000000Z,35,2,7407,275.800000000,280.990000000,275.600000000,278.130000000,13803102,SPY
2020-04-23T00:00:00.000000000Z,35,2,7407,278.260000000,283.940000000,276.790000000,277.370000000,18486943,SPY
2020-04-24T00:00:00.000000000Z,35,2,7413,278.250000000,283.690000000,277.180000000,283.250000000,12413602,SPY
2020-04-27T00:00:00.000000000Z,35,2,7413,285.680000000,288.270000000,284.620000000,286.950000000,11968926,SPY
2020-04-28T00:00:00.000000000Z,35,2,7412,288.180000000,291.450000000,285.400000000,287.390000000,17315301,SPY
2020-04-29T00:00:00.000000000Z,35,2,7413,289.370000000,296.100000000,288.210000000,294.840000000,20793909,SPY
2020-04-30T00:00:00.000000000Z,35,2,7413,294.220000000,295.400000000,285.610000000,287.680000000,20115476,SPY
2020-05-01T00:00:00.000000000Z,35,2,7417,284.360000000,286.040000000,281.520000000,282.810000000,19468777,SPY
2020-05-04T00:00:00.000000000Z,35,2,7417,280.650000000,283.900000000,278.710000000,283.500000000,13397333,SPY
2020-05-05T00:00:00.000000000Z,35,2,7416,286.240000000,289.250000000,283.610000000,287.020000000,11943274,SPY
2020-05-06T00:00:00.000000000Z,35,2,7421,287.850000000,288.960000000,282.700000000,283.680000000,12883708,SPY
2020-05-07T00:00:00.000000000Z,35,2,7418,286.930000000,289.770000000,286.710000000,289.520000000,10925196,SPY
2020-05-08T00:00:00.000000000Z,35,2,7422,290.860000000,293.740000000,289.860000000,293.740000000,11297068,SPY
2020-05-11T00:00:00.000000000Z,35,2,7425,294.340000000,294.340000000,289.350000000,291.950000000,10897740,SPY
2020-05-12T00:00:00.000000000Z,35,2,7423,291.860000000,294.230000000,283.100000000,283.290000000,17031547,SPY
2020-05-13T00:00:00.000000000Z,35,2,7423,285.680000000,287.940000000,278.965000000,282.020000000,21945850,SPY
2020-05-14T00:00:00.000000000Z,35,2,7424,280.970000000,285.750000000,276.380000000,285.720000000,19386912,SPY
2020-05-15T00:00:00.000000000Z,35,2,7429,286.360000000,286.400000000,281.340000000,285.690000000,13681546,SPY
2020-05-18T00:00:00.000000000Z,35,2,7429,289.230000000,296.750000000,288.800000000,295.400000000,15437569,SPY
2020-05-19T00:00:00.000000000Z,35,2,7427,295.280000000,296.200000000,291.280000000,292.720000000,12057735,SPY
2020-05-20T00:00:00.000000000Z,35,2,7420,293.460000000,297.870000000,293.440000000,296.830000000,11074632,SPY
2020-05-21T00:00:00.000000000Z,35,2,7424,295.770000000,297.670000000,293.690000000,295.380000000,11310467,SPY
2020-05-22T00:00:00.000000000Z,35,2,7425,291.230000000,296.090000000,291.220000000,295.570000000,8958440,SPY
2020-05-26T00:00:00.000000000Z,35,2,7424,300.790000000,302.250000000,298.690000000,299.390000000,12635538,SPY
2020-05-27T00:00:00.000000000Z,35,2,7424,301.910000000,304.590000000,296.870000000,304.450000000,16244714,SPY
2020-05-28T00:00:00.000000000Z,35,2,7416,304.690000000,306.840000000,302.240000000,302.790000000,13620938,SPY
2020-05-29T00:00:00.000000000Z,35,2,7417,302.120000000,306.130000000,299.550000000,306.090000000,17904153,SPY
2020-06-01T00:00:00.000000000Z,35,2,7416,305.270000000,306.200000000,302.520000000,304.190000000,8615409,SPY
2020-06-02T00:00:00.000000000Z,35,2,7412,305.600000000,309.070000000,305.090000000,308.890000000,11607643,SPY
2020-06-03T00:00:00.000000000Z,35,2,7423,309.280000000,313.220000000,308.860000000,312.660000000,13084564,SPY
2020-06-04T00:00:00.000000000Z,35,2,7430,311.370000000,313.000000000,309.090000000,311.200000000,13278985,SPY
2020-06-05T00:00:00.000000000Z,35,2,7437,314.720000000,321.270000000,313.180000000,319.150000000,23352430,SPY
2020-06-08T00:00:00.000000000Z,35,2,7433,318.960000000,323.410000000,318.920000000,322.610000000,11390162,SPY
2020-06-09T00:00:00.000000000Z,35,2,7434,321.140000000,322.360000000,319.340000000,321.920000000,12662331,SPY
2020-06-10T00:00:00.000000000Z,35,2,7435,322.360000000,322.480000000,316.600000000,316.680000000,17560183,SPY
2020-06-11T00:00:00.000000000Z,35,2,7440,313.150000000,314.850000000,300.010000000,303.080000000,43680909,SPY
2020-06-12T00:00:00.000000000Z,35,2,7448,304.700000000,309.065000000,298.600000000,303.500000000,36221048,SPY
2020-06-15T00:00:00.000000000Z,35,2,7446,296.200000000,310.160000000,295.890000000,310.150000000,24345729,SPY
2020-06-16T00:00:00.000000000Z,35,2,7448,310.090000000,316.970000000,307.670000000,313.900000000,30911317,SPY
2020-06-17T00:00:00.000000000Z,35,2,7446,314.890000000,316.000000000,310.380000000,310.600000000,13471403,SPY
2020-06-18T00:00:00.000000000Z,35,2,7458,311.490000000,313.310000000,308.800000000,312.930000000,12710525,SPY
2020-06-19T00:00:00.000000000Z,35,2,7465,312.120000000,314.490000000,305.860000000,306.150000000,21132613,SPY
2020-06-22T00:00:00.000000000Z,35,2,7465,308.420000000,312.560000000,306.750000000,312.290000000,12370174,SPY
2020-06-23T00:00:00.000000000Z,35,2,7466,313.340000000,314.570000000,310.820000000,311.200000000,11236544,SPY
2020-06-24T00:00:00.000000000Z,35,2,7470,310.740000000,310.810000000,302.100000000,303.820000000,24910408,SPY
2020-06-25T00:00:00.000000000Z,35,2,7476,301.590000000,308.000000000,301.280000000,307.370000000,15168353,SPY
2020-06-26T00:00:00.000000000Z,35,2,7486,306.480000000,308.100000000,299.340000000,300.150000000,21572777,SPY
2020-06-29T00:00:00.000000000Z,35,2,7486,301.240000000,305.950000000,298.940000000,305.480000000,14288740,SPY
2020-06-30T00:00:00.000000000Z,35,2,7484,304.060000000,310.200000000,303.220000000,308.280000000,18585067,SPY
2020-07-01T00:00:00.000000000Z,35,2,7491,308.680000000,311.885000000,306.460000000,310.350000000,12353860,SPY
2020-07-02T00:00:00.000000000Z,35,2,7490,312.160000000,315.680000000,311.510000000,312.700000000,12369181,SPY
2020-07-06T00:00:00.000000000Z,35,2,7489,316.620000000,317.900000000,315.560000000,317.730000000,9773987,SPY
2020-07-07T00:00:00.000000000Z,35,2,7490,315.380000000,317.520000000,313.370000000,314.180000000,13763602,SPY
2020-07-08T00:00:00.000000000Z,35,2,7492,314.630000000,317.050000000,312.710000000,316.850000000,9346769,SPY
2020-07-09T00:00:00.000000000Z,35,2,7493,316.200000000,317.200000000,310.680000000,315.160000000,14313819,SPY
2020-07-10T00:00:00.000000000Z,35,2,7496,312.780000000,318.180000000,311.970000000,318.110000000,11040752,SPY
2020-07-13T00:00:00.000000000Z,35,2,7497,319.110000000,322.710000000,314.130000000,315.500000000,17914793,SPY
2020-07-14T00:00:00.000000000Z,35,2,7500,314.930000000,321.800000000,312.000000000,320.990000000,18499327,SPY
2020-07-15T00:00:00.000000000Z,35,2,7506,320.680000000,323.380000000,319.270000000,321.860000000,14795505,SPY
2020-07-16T00:00:00.000000000Z,35,2,7509,320.110000000,321.280000000,318.920000000,320.410000000,9936079,SPY
2020-07-17T00:00:00.000000000Z,35,2,7514,319.650000000,322.580000000,319.600000000,321.900000000,9611931,SPY
2020-07-20T00:00:00.000000000Z,35,2,7517,319.990000000,325.130000000,319.620000000,324.380000000,10610552,SPY
2020-07-21T00:00:00.000000000Z,35,2,7518,326.380000000,327.330000000,323.950000000,325.600000000,9285294,SPY
2020-07-22T00:00:00.000000000Z,35,2,7523,324.530000000,327.200000000,322.880000000,326.150000000,9834848,SPY
2020-07-23T00:00:00.000000000Z,35,2,7525,328.190000000,328.510000000,321.490000000,323.430000000,13727522,SPY
2020-07-24T00:00:00.000000000Z,35,2,7534,320.650000000,322.520000000,319.240000000,320.300000000,12429687,SPY
2020-07-27T00:00:00.000000000Z,35,2,7534,321.520000000,323.810000000,320.780000000,323.750000000,7847030,SPY
2020-07-28T00:00:00.000000000Z,35,2,7534,323.390000000,323.650000000,320.855000000,321.800000000,8665063,SPY
2020-07-29T00:00:00.000000000Z,35,2,7536,322.040000000,325.730000000,321.510000000,325.150000000,8347387,SPY
2020-07-30T00:00:00.000000000Z,35,2,7543,322.860000000,327.390000000,319.640000000,326.790000000,11909884,SPY
2020-07-31T00:00:00.000000000Z,35,2,7546,325.570000000,327.060000000,321.330000000,326.440000000,13366583,SPY
2020-08-03T00:00:00.000000000Z,35,2,7540,326.570000000,329.620000000,325.720000000,328.810000000,8701697,SPY
2020-08-04T00:00:00.000000000Z,35,2,7542,328.070000000,330.090000000,327.150000000,329.980000000,7233884,SPY
2020-08-05T00:00:00.000000000Z,35,2,7546,331.870000000,332.390000000,331.000000000,331.980000000,7031282,SPY
2020-08-06T00:00:00.000000000Z,35,2,7547,332.350000000,334.550000000,330.150000000,334.110000000,8892549,SPY
2020-08-07T00:00:00.000000000Z,35,2,7554,333.910000000,334.880000000,332.310000000,334.570000000,11040651,SPY
2020-08-10T00:00:00.000000000Z,35,2,7553,335.120000000,335.770000000,332.960000000,335.320000000,7701108,SPY
2020-08-11T00:00:00.000000000Z,35,2,7550,336.910000000,337.870000000,332.010000000,333.370000000,13136753,SPY
2020-08-12T00:00:00.000000000Z,35,2,7554,335.500000000,338.280000000,334.900000000,337.110000000,9436163,SPY
2020-08-13T00:00:00.000000000Z,35,2,7559,336.920000000,338.250000000,335.830000000,337.620000000,7336583,SPY
2020-08-14T00:00:00.000000000Z,35,2,7568,336.220000000,337.420000000,335.050000000,336.650000000,6929320,SPY
2020-08-17T00:00:00.000000000Z,35,2,7565,337.540000000,338.760000000,337.000000000,338.620000000,6136039,SPY
2020-08-18T00:00:00.000000000Z,35,2,7559,337.740000000,339.100000000,336.620000000,338.920000000,6263791,SPY
2020-08-19T00:00:00.000000000Z,35,2,7563,339.160000000,339.610000000,336.210000000,336.290000000,10520330,SPY
2020-08-20T00:00:00.000000000Z,35,2,7568,336.120000000,339.000000000,335.030000000,338.970000000,7805130,SPY
2020-08-21T00:00:00.000000000Z,35,2,7573,338.210000000,339.710000000,335.760000000,339.630000000,7876066,SPY
2020-08-24T00:00:00.000000000Z,35,2,7566,341.210000000,343.420000000,341.060000000,343.390000000,7374757,SPY
2020-08-25T00:00:00.000000000Z,35,2,7566,344.500000000,344.720000000,342.270000000,344.600000000,6772118,SPY
2020-08-26T00:00:00.000000000Z,35,2,7568,344.440000000,348.350000000,344.140000000,347.730000000,8540077,SPY
2020-08-27T00:00:00.000000000Z,35,2,7572,347.490000000,349.900000000,346.535000000,349.260000000,9617356,SPY
2020-08-28T00:00:00.000000000Z,35,2,7576,349.410000000,351.050000000,348.160000000,351.000000000,7479570,SPY
2020-08-31T00:00:00.000000000Z,35,2,7573,351.710000000,351.810000000,348.500000000,349.690000000,9783843,SPY
2020-09-01T00:00:00.000000000Z,35,2,7574,351.290000000,353.560000000,349.250000000,353.550000000,8637928,SPY
2020-09-02T00:00:00.000000000Z,35,2,7579,354.480000000,358.750000000,353.430000000,358.430000000,13237764,SPY
2020-09-03T00:00:00.000000000Z,35,2,7584,358.080000000,358.360000000,342.600000000,343.250000000,28283252,SPY
2020-09-04T00:00:00.000000000Z,35,2,7592,346.870000000,348.500000000,334.870000000,341.990000000,23604118,SPY
2020-09-08T00:00:00.000000000Z,35,2,7592,343.570000000,343.580000000,329.680000000,332.300000000,22745947,SPY
2020-09-09T00:00:00.000000000Z,35,2,7593,335.420000000,342.460000000,335.150000000,340.900000000,15378571,SPY
2020-09-10T00:00:00.000000000Z,35,2,7597,338.310000000,342.520000000,332.850000000,334.810000000,19919766,SPY
2020-09-11T00:00:00.000000000Z,35,2,7605,336.160000000,337.610000000,331.010000000,333.910000000,14554617,SPY
2020-09-14T00:00:00.000000000Z,35,2,7609,338.150000000,340.380000000,336.550000000,338.650000000,11256066,SPY
2020-09-15T00:00:00.000000000Z,35,2,7611,339.250000000,342.020000000,339.030000000,340.290000000,8147205,SPY
2020-09-16T00:00:00.000000000Z,35,2,7623,341.320000000,343.060000000,338.530000000,339.110000000,12865427,SPY
2020-09-17T00:00:00.000000000Z,35,2,7636,334.550000000,337.690000000,332.810000000,336.000000000,15624722,SPY
2020-09-18T00:00:00.000000000Z,35,2,7645,334.370000000,336.150000000,327.970000000,331.380000000,14274403,SPY
2020-09-21T00:00:00.000000000Z,35,2,7657,328.130000000,328.150000000,321.720000000,328.100000000,17090312,SPY
2020-09-22T00:00:00.000000000Z,35,2,7659,326.590000000,330.900000000,325.870000000,330.140000000,10344277,SPY
2020-09-23T00:00:00.000000000Z,35,2,7670,330.860000000,331.890000000,321.050000000,321.690000000,15753674,SPY
2020-09-24T00:00:00.000000000Z,35,2,7676,322.970000000,326.790000000,319.800000000,325.370000000,14915484,SPY
2020-09-25T00:00:00.000000000Z,35,2,7690,323.830000000,329.575000000,320.700000000,328.030000000,11182984,SPY
2020-09-28T00:00:00.000000000Z,35,2,7669,331.220000000,335.470000000,330.870000000,335.380000000,9948348,SPY
2020-09-29T00:00:00.000000000Z,35,2,7670,333.950000000,334.770000000,331.630000000,333.550000000,8297554,SPY
2020-09-30T00:00:00.000000000Z,35,2,7673,330.490000000,338.280000000,329.600000000,336.100000000,15846355,SPY
2020-10-01T00:00:00.000000000Z,35,2,7685,337.610000000,338.730000000,335.010000000,336.770000000,11683464,SPY
2020-10-02T00:00:00.000000000Z,35,2,7692,332.760000000,335.920000000,330.470000000,332.440000000,14827280,SPY
2020-10-05T00:00:00.000000000Z,35,2,7699,335.150000000,339.950000000,335.130000000,338.850000000,7855189,SPY
2020-10-06T00:00:00.000000000Z,35,2,7702,338.730000000,342.170000000,333.190000000,334.610000000,16691524,SPY
2020-10-07T00:00:00.000000000Z,35,2,7708,337.390000000,341.630000000,336.650000000,341.360000000,8424854,SPY
2020-10-08T00:00:00.000000000Z,35,2,7719,342.380000000,345.420000000,341.480000000,345.260000000,8223805,SPY
2020-10-09T00:00:00.000000000Z,35,2,7729,344.960000000,347.880000000,344.650000000,347.210000000,10033440,SPY
2020-10-12T00:00:00.000000000Z,35,2,7730,347.960000000,354.015000000,347.960000000,353.060000000,9812042,SPY
2020-10-13T00:00:00.000000000Z,35,2,7731,351.420000000,353.110000000,349.100000000,350.770000000,10520332,SPY
2020-10-14T00:00:00.000000000Z,35,2,7728,351.590000000,352.300000000,347.140000000,348.350000000,9621243,SPY
2020-10-15T00:00:00.000000000Z,35,2,7739,346.310000000,348.600000000,343.140000000,348.320000000,10750656,SPY
2020-10-16T00:00:00.000000000Z,35,2,7748,347.710000000,350.745000000,346.060000000,346.210000000,9968648,SPY
2020-10-19T00:00:00.000000000Z,35,2,7745,348.820000000,349.430000000,341.050000000,343.900000000,12752151,SPY
2020-10-20T00:00:00.000000000Z,35,2,7747,344.100000000,346.880000000,341.820000000,344.430000000,11123430,SPY
2020-10-21T00:00:00.000000000Z,35,2,7759,344.050000000,345.670000000,340.280000000,341.330000000,12014925,SPY
2020-10-22T00:00:00.000000000Z,35,2,7762,341.750000000,345.500000000,340.650000000,345.150000000,9988106,SPY
2020-10-23T00:00:00.000000000Z,35,2,7768,345.410000000,346.180000000,343.130000000,345.500000000,8438289,SPY
2020-10-26T00:00:00.000000000Z,35,2,7766,341.510000000,342.980000000,335.630000000,339.170000000,16051569,SPY
2020-10-27T00:00:00.000000000Z,35,2,7773,340.460000000,341.030000000,335.770000000,336.550000000,11055131,SPY
2020-10-28T00:00:00.000000000Z,35,2,7784,335.330000000,335.650000000,326.130000000,328.190000000,21192439,SPY
2020-10-29T00:00:00.000000000Z,35,2,7792,329.060000000,333.385000000,325.090000000,327.650000000,14852675,SPY
2020-10-30T00:00:00.000000000Z,35,2,7798,324.370000000,329.680000000,322.600000000,327.500000000,20211252,SPY
2020-11-02T00:00:00.000000000Z,35,2,7790,328.510000000,332.360000000,327.240000000,330.960000000,13808038,SPY
2020-11-03T00:00:00.000000000Z,35,2,7793,333.650000000,339.420000000,333.180000000,338.290000000,14195853,SPY
2020-11-04T00:00:00.000000000Z,35,2,7791,337.750000000,347.930000000,335.780000000,343.550000000,23511962,SPY
2020-11-05T00:00:00.000000000Z,35,2,7795,347.910000000,352.185000000,347.280000000,349.930000000,13869405,SPY
2020-11-06T00:00:00.000000000Z,35,2,7796,348.040000000,351.870000000,345.720000000,350.950000000,11621708,SPY
2020-11-09T00:00:00.000000000Z,35,2,7798,355.240000000,366.770000000,354.070000000,354.600000000,28125535,SPY
2020-11-10T00:00:00.000000000Z,35,2,7802,354.320000000,355.760000000,350.590000000,353.660000000,13381749,SPY
2020-11-11T00:00:00.000000000Z,35,2,7801,356.570000000,357.560000000,355.060000000,356.820000000,8006859,SPY
2020-11-12T00:00:00.000000000Z,35,2,7805,354.720000000,356.860000000,351.260000000,353.310000000,11017430,SPY
2020-11-13T00:00:00.000000000Z,35,2,7815,355.160000000,358.890000000,354.710000000,358.280000000,9526763,SPY
2020-11-16T00:00:00.000000000Z,35,2,7820,360.580000000,363.660000000,359.590000000,362.350000000,12258576,SPY
2020-11-17T00:00:00.000000000Z,35,2,7824,361.050000000,361.920000000,358.340000000,360.890000000,9032778,SPY
2020-11-18T00:00:00.000000000Z,35,2,7825,360.300000000,362.210000000,355.650000000,356.300000000,10689196,SPY
2020-11-19T00:00:00.000000000Z,35,2,7841,354.730000000,358.180000000,354.150000000,354.860000000,8569411,SPY
2020-11-20T00:00:00.000000000Z,35,2,7853,356.710000000,358.190000000,354.250000000,355.050000000,7360748,SPY
2020-11-23T00:00:00.000000000Z,35,2,7865,357.790000000,359.620000000,354.860000000,359.090000000,8143303,SPY
2020-11-24T00:00:00.000000000Z,35,2,7867,359.880000000,364.230000000,359.290000000,364.060000000,9317023,SPY
2020-11-25T00:00:00.000000000Z,35,2,7875,363.240000000,363.540000000,361.480000000,363.110000000,5422404,SPY
2020-11-27T00:00:00.000000000Z,35,2,7882,363.500000000,364.180000000,362.590000000,363.660000000,3714598,SPY
2020-11-30T00:00:00.000000000Z,35,2,7891,362.180000000,363.850000000,359.170000000,363.760000000,11043222,SPY
2020-12-01T00:00:00.000000000Z,35,2,7892,365.500000000,367.670000000,364.930000000,365.740000000,9921151,SPY
2020-12-02T00:00:00.000000000Z,35,2,7899,365.180000000,367.270000000,364.210000000,366.600000000,6698759,SPY
2020-12-03T00:00:00.000000000Z,35,2,7909,366.230000000,368.180000000,365.500000000,367.000000000,9417933,SPY
2020-12-04T00:00:00.000000000Z,35,2,7911,367.550000000,369.940000000,366.870000000,369.110000000,7536329,SPY
2020-12-07T00:00:00.000000000Z,35,2,7914,367.510000000,369.620000000,367.370000000,368.250000000,7378309,SPY
2020-12-08T00:00:00.000000000Z,35,2,7923,368.320000000,371.400000000,366.410000000,370.630000000,5462239,SPY
2020-12-09T00:00:00.000000000Z,35,2,7936,371.280000000,371.310000000,365.950000000,367.400000000,10931457,SPY
2020-12-10T00:00:00.000000000Z,35,2,7949,367.250000000,368.090000000,364.430000000,367.220000000,7774326,SPY
2020-12-11T00:00:00.000000000Z,35,2,7962,364.800000000,366.580000000,362.850000000,366.080000000,8603287,SPY
2020-12-14T00:00:00.000000000Z,35,2,7963,368.080000000,369.800000000,364.470000000,365.390000000,8937653,SPY
2020-12-15T00:00:00.000000000Z,35,2,7971,366.880000000,369.780000000,365.920000000,369.320000000,7137552,SPY
2020-12-16T00:00:00.000000000Z,35,2,7969,370.320000000,371.150000000,368.870000000,370.350000000,7131978,SPY
2020-12-17T00:00:00.000000000Z,35,2,7973,371.880000000,372.500000000,371.050000000,372.270000000,5787116,SPY
2020-12-18T00:00:00.000000000Z,35,2,7981,370.800000000,372.340000000,367.025000000,370.000000000,13370212,SPY
2020-12-21T00:00:00.000000000Z,35,2,7981,367.690000000,368.800000000,359.580000000,367.590000000,14413721,SPY
2020-12-22T00:00:00.000000000Z,35,2,7980,368.210000000,368.960000000,366.040000000,367.690000000,6285852,SPY
2020-12-23T00:00:00.000000000Z,35,2,7986,367.950000000,369.620000000,366.920000000,367.810000000,6746182,SPY
2020-12-24T00:00:00.000000000Z,35,2,7982,368.210000000,369.500000000,367.450000000,369.230000000,3651389,SPY
2020-12-28T00:00:00.000000000Z,35,2,7983,371.240000000,372.830000000,371.000000000,372.830000000,5397088,SPY
2020-12-29T00:00:00.000000000Z,35,2,7986,373.900000000,374.010000000,370.830000000,371.600000000,7074423,SPY
2020-12-30T00:00:00.000000000Z,35,2,7987,372.700000000,373.080000000,371.550000000,372.190000000,6467702,SPY
2020-12-31T00:00:00.000000000Z,35,2,7990,371.380000000,374.690000000,371.000000000,374.390000000,9185656,SPY
2021-01-04T00:00:00.000000000Z,35,2,7999,375.740000000,376.720000000,364.810000000,368.700000000,15319113,SPY
2021-01-05T00:00:00.000000000Z,35,2,8005,369.120000000,372.490000000,366.840000000,370.950000000,8497108,SPY
2021-01-06T00:00:00.000000000Z,35,2,8008,368.620000000,376.980000000,368.160000000,374.500000000,15955607,SPY
2021-01-07T00:00:00.000000000Z,35,2,8017,375.750000000,379.890000000,374.250000000,379.480000000,9551523,SPY
2021-01-08T00:00:00.000000000Z,35,2,8033,380.170000000,381.960000000,377.110000000,381.600000000,10141260,SPY
2021-01-11T00:00:00.000000000Z,35,2,8038,379.270000000,380.580000000,377.250000000,379.250000000,7697834,SPY
2021-01-12T00:00:00.000000000Z,35,2,8049,379.290000000,380.170000000,376.375000000,379.050000000,7060231,SPY
2021-01-13T00:00:00.000000000Z,35,2,8057,379.220000000,380.860000000,377.250000000,380.200000000,6682085,SPY
2021-01-14T00:00:00.000000000Z,35,2,8066,380.810000000,381.130000000,378.100000000,378.980000000,6798808,SPY
2021-01-15T00:00:00.000000000Z,35,2,8081,377.440000000,377.900000000,373.720000000,374.770000000,10546742,SPY
2021-01-19T00:00:00.000000000Z,35,2,8082,377.770000000,379.850000000,376.750000000,379.850000000,6569386,SPY
2021-01-20T00:00:00.000000000Z,35,2,8084,379.640000000,384.795000000,379.350000000,384.360000000,7750526,SPY
2021-01-21T00:00:00.000000000Z,35,2,8086,384.650000000,385.260000000,383.250000000,383.900000000,6108122,SPY
2021-01-22T00:00:00.000000000Z,35,2,8094,382.490000000,384.070000000,380.970000000,382.640000000,6763674,SPY
2021-01-25T00:00:00.000000000Z,35,2,8106,384.200000000,384.770000000,378.460000000,384.200000000,11180693,SPY
2021-01-26T00:00:00.000000000Z,35,2,8122,383.670000000,385.840000000,383.350000000,384.200000000,7171219,SPY
2021-01-27T00:00:00.000000000Z,35,2,8132,383.250000000,383.700000000,370.000000000,370.600000000,20324619,SPY
2021-01-28T00:00:00.000000000Z,35,2,8143,370.560000000,381.920000000,370.320000000,376.250000000,13430479,SPY
2021-01-29T00:00:00.000000000Z,35,2,8162,374.030000000,377.040000000,368.280000000,369.600000000,23759402,SPY
2021-02-01T00:00:00.000000000Z,35,2,8172,373.270000000,377.340000000,371.420000000,376.550000000,11105424,SPY
2021-02-02T00:00:00.000000000Z,35,2,8179,378.860000000,383.210000000,378.830000000,382.470000000,9869230,SPY
2021-02-03T00:00:00.000000000Z,35,2,8183,382.940000000,383.690000000,380.490000000,382.880000000,7817755,SPY
2021-02-04T00:00:00.000000000Z,35,2,8201,382.780000000,386.540000000,381.830000000,386.140000000,6656399,SPY
2021-02-05T00:00:00.000000000Z,35,2,8230,386.960000000,388.470000000,386.490000000,388.050000000,6586330,SPY
2021-02-08T00:00:00.000000000Z,35,2,8238,388.600000000,390.910000000,388.310000000,390.600000000,5830394,SPY
2021-02-09T00:00:00.000000000Z,35,2,8251,390.280000000,390.890000000,389.170000000,390.610000000,5449043,SPY
2021-02-10T00:00:00.000000000Z,35,2,8259,391.710000000,392.480000000,387.500000000,390.210000000,8843553,SPY
2021-02-11T00:00:00.000000000Z,35,2,8267,391.020000000,391.690000000,388.120000000,390.700000000,6907788,SPY
2021-02-12T00:00:00.000000000Z,35,2,8273,389.400000000,393.200000000,389.400000000,393.100000000,6842003,SPY
2021-02-16T00:00:00.000000000Z,35,2,8273,394.750000000,395.050000000,391.540000000,391.850000000,8212857,SPY
2021-02-17T00:00:00.000000000Z,35,2,8288,392.650000000,392.690000000,389.330000000,392.600000000,8298570,SPY
2021-02-18T00:00:00.000000000Z,35,2,8294,392.070000000,392.080000000,387.740000000,390.210000000,8883617,SPY
2021-02-19T00:00:00.000000000Z,35,2,8303,390.840000000,392.760000000,389.360000000,389.710000000,10084320,SPY
2021-02-22T00:00:00.000000000Z,35,2,8305,386.470000000,389.620000000,386.290000000,387.420000000,10802704,SPY
2021-02-23T00:00:00.000000000Z,35,2,8313,387.220000000,388.940000000,380.200000000,387.280000000,18716978,SPY
2021-02-24T00:00:00.000000000Z,35,2,8323,387.460000000,393.060000000,385.280000000,393.060000000,12005073,SPY
2021-02-25T00:00:00.000000000Z,35,2,8335,391.810000000,392.120000000,380.780000000,381.830000000,28643614,SPY
2021-02-26T00:00:00.000000000Z,35,2,8348,383.950000000,385.580000000,378.230000000,380.100000000,31389947,SPY
2021-03-01T00:00:00.000000000Z,35,2,8377,384.950000000,390.920000000,384.120000000,390.050000000,19569923,SPY
2021-03-02T00:00:00.000000000Z,35,2,8395,387.000000000,390.070000000,386.250000000,387.510000000,15596847,SPY
2021-03-03T00:00:00.000000000Z,35,2,8404,388.740000000,389.510000000,379.500000000,379.500000000,24101385,SPY
2021-03-04T00:00:00.000000000Z,35,2,8417,380.790000000,384.000000000,371.880000000,375.810000000,34385643,SPY
2021-03-05T00:00:00.000000000Z,35,2,8438,375.000000000,384.760000000,372.640000000,383.780000000,28062154,SPY
2021-03-08T00:00:00.000000000Z,35,2,8449,381.270000000,387.680000000,379.500000000,383.600000000,26933144,SPY
2021-03-09T00:00:00.000000000Z,35,2,8449,385.210000000,389.910000000,384.880000000,387.400000000,19347902,SPY
2021-03-10T00:00:00.000000000Z,35,2,8462,387.540000000,391.400000000,386.400000000,389.850000000,21423870,SPY
2021-03-11T00:00:00.000000000Z,35,2,8476,392.260000000,395.650000000,391.580000000,393.960000000,13920459,SPY
2021-03-12T00:00:00.000000000Z,35,2,8491,391.120000000,394.540000000,390.910000000,394.100000000,9564479,SPY
2021-03-15T00:00:00.000000000Z,35,2,8508,393.880000000,396.710000000,392.040000000,395.950000000,13269203,SPY
2021-03-16T00:00:00.000000000Z,35,2,8515,396.580000000,397.830000000,395.080000000,396.220000000,13826601,SPY
2021-03-17T00:00:00.000000000Z,35,2,8526,395.910000000,398.120000000,393.310000000,398.020000000,15239771,SPY
2021-03-18T00:00:00.000000000Z,35,2,8549,395.990000000,396.720000000,390.750000000,391.980000000,17723606,SPY
2021-03-19T00:00:00.000000000Z,35,2,8564,391.290000000,391.790000000,387.150000000,389.100000000,15936084,SPY
2021-03-22T00:00:00.000000000Z,35,2,8574,388.680000000,394.060000000,388.420000000,393.220000000,10663283,SPY
2021-03-23T00:00:00.000000000Z,35,2,8582,391.770000000,393.450000000,388.660000000,389.430000000,14324386,SPY
2021-03-24T00:00:00.000000000Z,35,2,8597,389.460000000,392.750000000,387.340000000,388.150000000,17777033,SPY
2021-03-25T00:00:00.000000000Z,35,2,8618,387.940000000,390.650000000,383.900000000,390.330000000,20526038,SPY
2021-03-26T00:00:00.000000000Z,35,2,8636,391.000000000,396.410000000,390.040000000,395.620000000,18420193,SPY
2021-03-29T00:00:00.000000000Z,35,2,8664,393.710000000,396.750000000,392.820000000,396.200000000,15445992,SPY
2021-03-30T00:00:00.000000000Z,35,2,8678,395.670000000,395.760000000,393.020000000,394.640000000,13062915,SPY
2021-03-31T00:00:00.000000000Z,35,2,8680,394.220000000,397.995000000,393.960000000,396.620000000,15855179,SPY
2021-04-01T00:00:00.000000000Z,35,2,8694,397.600000000,401.230000000,397.240000000,401.200000000,11334858,SPY
2021-04-05T00:00:00.000000000Z,35,2,8715,402.130000000,406.960000000,402.080000000,406.720000000,13169656,SPY
2021-04-06T00:00:00.000000000Z,35,2,8716,405.370000000,407.230000000,405.000000000,406.750000000,9896428,SPY
2021-04-07T00:00:00.000000000Z,35,2,8715,406.450000000,407.840000000,405.300000000,407.600000000,9430219,SPY
2021-04-08T00:00:00.000000000Z,35,2,8716,407.920000000,409.500000000,406.935000000,409.500000000,8438056,SPY
2021-04-09T00:00:00.000000000Z,35,2,8728,409.130000000,411.660000000,407.720000000,410.680000000,10094939,SPY
2021-04-12T00:00:00.000000000Z,35,2,8740,410.480000000,412.000000000,410.200000000,411.670000000,9543318,SPY
2021-04-13T00:00:00.000000000Z,35,2,8742,411.760000000,413.530000000,409.680000000,412.650000000,9537377,SPY
2021-04-14T00:00:00.000000000Z,35,2,8745,413.070000000,413.950000000,410.870000000,411.810000000,10746061,SPY
2021-04-15T00:00:00.000000000Z,35,2,8756,413.240000000,416.155000000,413.050000000,415.820000000,11339741,SPY
2021-04-16T00:00:00.000000000Z,35,2,8768,415.460000000,417.910000000,415.290000000,416.800000000,10976697,SPY
2021-04-19T00:00:00.000000000Z,35,2,8792,416.870000000,417.050000000,413.790000000,415.720000000,12377451,SPY
2021-04-20T00:00:00.000000000Z,35,2,8794,415.680000000,415.680000000,410.600000000,411.930000000,10717723,SPY
2021-04-21T00:00:00.000000000Z,35,2,8797,412.470000000,416.270000000,411.090000000,414.960000000,11575076,SPY
2021-04-22T00:00:00.000000000Z,35,2,8825,415.600000000,416.775000000,411.140000000,412.550000000,15785889,SPY
2021-04-23T00:00:00.000000000Z,35,2,8821,413.480000000,418.240000000,412.550000000,416.240000000,11769513,SPY
2021-04-26T00:00:00.000000000Z,35,2,8842,416.800000000,418.215000000,416.140000000,417.950000000,7345042,SPY
2021-04-27T00:00:00.000000000Z,35,2,8845,418.090000000,418.270000000,416.330000000,417.640000000,6850271,SPY
2021-04-28T00:00:00.000000000Z,35,2,8848,417.500000000,419.010000000,416.900000000,418.440000000,8655484,SPY
2021-04-29T00:00:00.000000000Z,35,2,8859,420.010000000,420.720000000,416.440000000,419.310000000,13972800,SPY
2021-04-30T00:00:00.000000000Z,35,2,8873,418.810000000,418.980000000,416.350000000,417.220000000,13768680,SPY
2021-05-03T00:00:00.000000000Z,35,2,8893,419.110000000,419.840000000,417.500000000,417.560000000,9747622,SPY
2021-05-04T00:00:00.000000000Z,35,2,8897,417.200000000,417.990000000,411.670000000,415.600000000,15728692,SPY
2021-05-05T00:00:00.000000000Z,35,2,8900,416.760000000,417.630000000,414.930000000,415.690000000,11403537,SPY
2021-05-06T00:00:00.000000000Z,35,2,8915,416.290000000,419.380000000,413.680000000,419.120000000,13757523,SPY
2021-05-07T00:00:00.000000000Z,35,2,8923,419.130000000,422.815000000,419.100000000,422.400000000,11545326,SPY
2021-05-10T00:00:00.000000000Z,35,2,8942,422.260000000,422.900000000,416.870000000,417.960000000,13774974,SPY
2021-05-11T00:00:00.000000000Z,35,2,8950,415.160000000,415.580000000,410.080000000,414.240000000,20000038,SPY
2021-05-12T00:00:00.000000000Z,35,2,8955,414.010000000,414.020000000,404.770000000,406.120000000,22322009,SPY
2021-05-13T00:00:00.000000000Z,35,2,8972,403.950000000,412.340000000,402.840000000,411.030000000,20566112,SPY
2021-05-14T00:00:00.000000000Z,35,2,8990,412.290000000,417.490000000,412.020000000,417.390000000,13193644,SPY
2021-05-17T00:00:00.000000000Z,35,2,8992,415.390000000,416.380000000,413.360000000,416.220000000,11541274,SPY
2021-05-18T00:00:00.000000000Z,35,2,9004,417.020000000,417.080000000,410.600000000,410.600000000,10175096,SPY
2021-05-19T00:00:00.000000000Z,35,2,9008,409.290000000,411.100000000,405.330000000,409.820000000,16476940,SPY
2021-05-20T00:00:00.000000000Z,35,2,9016,410.520000000,416.625000000,408.260000000,415.820000000,12653320,SPY
2021-05-21T00:00:00.000000000Z,35,2,9024,415.850000000,418.200000000,414.450000000,415.420000000,10384095,SPY
2021-05-24T00:00:00.000000000Z,35,2,9027,416.820000000,420.315000000,416.290000000,419.820000000,8644959,SPY
2021-05-25T00:00:00.000000000Z,35,2,9028,420.390000000,420.700000000,417.620000000,419.100000000,8047293,SPY
2021-05-26T00:00:00.000000000Z,35,2,9042,419.460000000,420.060000000,417.760000000,419.000000000,6958528,SPY
2021-05-27T00:00:00.000000000Z,35,2,9047,418.130000000,421.250000000,417.690000000,421.190000000,8108555,SPY
2021-05-28T00:00:00.000000000Z,35,2,9056,420.920000000,421.380000000,419.790000000,419.970000000,7543370,SPY
2021-06-01T00:00:00.000000000Z,35,2,9054,421.580000000,422.720000000,418.840000000,419.280000000,7738837,SPY
2021-06-02T00:00:00.000000000Z,35,2,9055,419.560000000,421.220000000,419.090000000,420.630000000,6588967,SPY
2021-06-03T00:00:00.000000000Z,35,2,9053,419.700000000,419.990000000,416.280000000,418.370000000,8770063,SPY
2021-06-04T00:00:00.000000000Z,35,2,9052,418.870000000,422.920000000,418.120000000,422.620000000,7549807,SPY
2021-06-07T00:00:00.000000000Z,35,2,9059,421.780000000,422.990000000,421.190000000,422.300000000,7213566,SPY
2021-06-08T00:00:00.000000000Z,35,2,9063,422.190000000,423.360000000,420.320000000,422.380000000,7086169,SPY
2021-06-09T00:00:00.000000000Z,35,2,9066,422.350000000,423.260000000,421.410000000,421.840000000,6106798,SPY
2021-06-10T00:00:00.000000000Z,35,2,9069,421.680000000,424.620000000,420.510000000,423.460000000,8144702,SPY
2021-06-11T00:00:00.000000000Z,35,2,9074,423.560000000,424.510000000,422.820000000,424.430000000,6540409,SPY
2021-06-14T00:00:00.000000000Z,35,2,9079,424.790000000,425.450000000,423.110000000,425.070000000,6239413,SPY
2021-06-15T00:00:00.000000000Z,35,2,9082,425.990000000,425.990000000,423.545000000,424.400000000,6347589,SPY
2021-06-16T00:00:00.000000000Z,35,2,9089,424.220000000,424.840000000,419.940000000,420.360000000,11402826,SPY
2021-06-17T00:00:00.000000000Z,35,2,9103,420.830000000,423.000000000,419.320000000,422.310000000,11154814,SPY
2021-06-18T00:00:00.000000000Z,35,2,9113,420.480000000,420.830000000,413.570000000,413.610000000,13355949,SPY
2021-06-21T00:00:00.000000000Z,35,2,9115,416.070000000,421.610000000,415.650000000,421.200000000,9804504,SPY
2021-06-22T00:00:00.000000000Z,35,2,9112,420.620000000,423.990000000,420.080000000,423.260000000,7581946,SPY
2021-06-23T00:00:00.000000000Z,35,2,9122,423.320000000,424.050000000,422.510000000,423.110000000,6547827,SPY
2021-06-24T00:00:00.000000000Z,35,2,9130,423.840000000,425.800000000,423.840000000,425.490000000,6150312,SPY
2021-06-25T00:00:00.000000000Z,35,2,9131,425.330000000,427.090000000,425.040000000,426.710000000,8300241,SPY
2021-06-28T00:00:00.000000000Z,35,2,9131,426.870000000,427.650000000,425.890000000,427.200000000,6409163,SPY
2021-06-29T00:00:00.000000000Z,35,2,9148,427.520000000,428.560000000,427.050000000,428.250000000,5153680,SPY
2021-06-30T00:00:00.000000000Z,35,2,9152,428.060000000,428.920000000,426.370000000,428.870000000,7992476,SPY
2021-07-01T00:00:00.000000000Z,35,2,9156,429.770000000,430.600000000,428.150000000,430.380000000,7377891,SPY
2021-07-02T00:00:00.000000000Z,35,2,9156,430.960000000,434.100000000,430.380000000,433.380000000,7913236,SPY
2021-07-06T00:00:00.000000000Z,35,2,9161,433.240000000,434.000000000,430.000000000,432.200000000,10326351,SPY
2021-07-07T00:00:00.000000000Z,35,2,9167,433.500000000,434.750000000,431.510000000,434.480000000,9142250,SPY
2021-07-08T00:00:00.000000000Z,35,2,9172,431.050000000,431.730000000,427.490000000,430.260000000,15475752,SPY
2021-07-09T00:00:00.000000000Z,35,2,9185,431.400000000,435.810000000,431.400000000,435.610000000,10835696,SPY
2021-07-12T00:00:00.000000000Z,35,2,9183,433.850000000,437.350000000,433.830000000,437.160000000,7434297,SPY
2021-07-13T00:00:00.000000000Z,35,2,9192,436.620000000,437.840000000,434.940000000,435.020000000,7645715,SPY
2021-07-14T00:00:00.000000000Z,35,2,9206,435.180000000,437.910000000,434.780000000,436.230000000,8665768,SPY
2021-07-15T00:00:00.000000000Z,35,2,9208,435.500000000,436.420000000,432.720000000,433.750000000,9042988,SPY
2021-07-16T00:00:00.000000000Z,35,2,9215,434.830000000,436.320000000,430.920000000,431.280000000,11568507,SPY
2021-07-19T00:00:00.000000000Z,35,2,9213,429.440000000,429.940000000,421.980000000,425.740000000,22328457,SPY
2021-07-20T00:00:00.000000000Z,35,2,9221,426.660000000,432.410000000,424.830000000,432.020000000,15475371,SPY
2021-07-21T00:00:00.000000000Z,35,2,9226,432.610000000,435.160000000,431.100000000,434.970000000,9815059,SPY
2021-07-22T00:00:00.000000000Z,35,2,9233,435.030000000,436.690000000,433.700000000,436.480000000,6128180,SPY
2021-07-23T00:00:00.000000000Z,35,2,9240,437.160000000,440.290000000,436.790000000,439.230000000,8631170,SPY
2021-07-26T00:00:00.000000000Z,35,2,9238,437.610000000,441.160000000,437.100000000,440.690000000,6099219,SPY
2021-07-27T00:00:00.000000000Z,35,2,9246,439.180000000,440.700000000,435.990000000,438.750000000,10462482,SPY
2021-07-28T00:00:00.000000000Z,35,2,9259,439.010000000,440.300000000,437.310000000,438.940000000,8485790,SPY
2021-07-29T00:00:00.000000000Z,35,2,9268,439.250000000,441.800000000,438.150000000,438.200000000,7251825,SPY
2021-07-30T00:00:00.000000000Z,35,2,9280,436.990000000,440.050000000,436.860000000,438.830000000,10268828,SPY
2021-08-02T00:00:00.000000000Z,35,2,9280,440.760000000,441.290000000,437.300000000,438.190000000,9298835,SPY
2021-08-03T00:00:00.000000000Z,35,2,9279,439.040000000,441.270000000,436.110000000,440.420000000,8963076,SPY
2021-08-04T00:00:00.000000000Z,35,2,9287,440.560000000,440.980000000,438.740000000,439.300000000,7216882,SPY
2021-08-05T00:00:00.000000000Z,35,2,9297,439.760000000,441.850000000,439.600000000,441.310000000,5653584,SPY
2021-08-06T00:00:00.000000000Z,35,2,9303,441.480000000,442.940000000,441.350000000,442.350000000,6999980,SPY
2021-08-09T00:00:00.000000000Z,35,2,9306,441.690000000,442.795000000,441.310000000,442.090000000,5210780,SPY
2021-08-10T00:00:00.000000000Z,35,2,9310,442.150000000,443.435000000,441.885000000,442.460000000,6485193,SPY
2021-08-11T00:00:00.000000000Z,35,2,9314,441.990000000,443.950000000,441.910000000,443.570000000,6481736,SPY
2021-08-12T00:00:00.000000000Z,35,2,9313,443.600000000,445.260000000,442.660000000,444.880000000,5949160,SPY
2021-08-13T00:00:00.000000000Z,35,2,9325,445.370000000,445.940000000,445.070000000,445.400000000,5096299,SPY
2021-08-16T00:00:00.000000000Z,35,2,9323,445.170000000,447.240000000,442.870000000,446.750000000,9497801,SPY
2021-08-17T00:00:00.000000000Z,35,2,9326,445.060000000,445.500000000,440.850000000,443.000000000,12399884,SPY
2021-08-18T00:00:00.000000000Z,35,2,9331,443.490000000,444.610000000,437.500000000,438.800000000,12452365,SPY
2021-08-19T00:00:00.000000000Z,35,2,9336,436.310000000,441.140000000,434.500000000,439.100000000,13406691,SPY
2021-08-20T00:00:00.000000000Z,35,2,9335,437.550000000,443.710000000,437.150000000,443.510000000,9860522,SPY
2021-08-23T00:00:00.000000000Z,35,2,9338,444.480000000,448.220000000,444.300000000,448.010000000,7800435,SPY
2021-08-24T00:00:00.000000000Z,35,2,9336,448.220000000,448.530000000,447.370000000,447.800000000,5209658,SPY
2021-08-25T00:00:00.000000000Z,35,2,9339,447.980000000,449.450000000,447.500000000,448.880000000,5669596,SPY
2021-08-26T00:00:00.000000000Z,35,2,9345,448.580000000,448.930000000,446.160000000,446.320000000,9138427,SPY
2021-08-27T00:00:00.000000000Z,35,2,9339,447.790000000,450.645000000,447.060000000,450.440000000,10110386,SPY
2021-08-30T00:00:00.000000000Z,35,2,9344,450.530000000,453.070000000,450.390000000,452.380000000,6634225,SPY
2021-08-31T00:00:00.000000000Z,35,2,9346,453.320000000,453.420000000,450.920000000,452.440000000,7517376,SPY
2021-09-01T00:00:00.000000000Z,35,2,9351,453.520000000,453.540000000,451.545000000,451.960000000,7432660,SPY
2021-09-02T00:00:00.000000000Z,35,2,9347,452.480000000,454.050000000,451.920000000,453.140000000,6223767,SPY
2021-09-03T00:00:00.000000000Z,35,2,9350,453.930000000,454.500000000,451.320000000,452.770000000,6802005,SPY
2021-09-07T00:00:00.000000000Z,35,2,9350,453.500000000,453.500000000,450.750000000,451.080000000,6806393,SPY
2021-09-08T00:00:00.000000000Z,35,2,9351,450.000000000,451.760000000,448.870000000,450.470000000,8942000,SPY
2021-09-09T00:00:00.000000000Z,35,2,9362,449.590000000,452.570000000,448.380000000,448.760000000,9532773,SPY
2021-09-10T00:00:00.000000000Z,35,2,9362,450.540000000,451.480000000,445.250000000,445.260000000,13680319,SPY
2021-09-13T00:00:00.000000000Z,35,2,9367,447.300000000,448.920000000,444.110000000,447.220000000,11928455,SPY
2021-09-14T00:00:00.000000000Z,35,2,9375,446.740000000,448.560000000,443.230000000,444.690000000,10301749,SPY
2021-09-15T00:00:00.000000000Z,35,2,9377,444.680000000,448.400000000,443.450000000,448.170000000,10236791,SPY
2021-09-16T00:00:00.000000000Z,35,2,9385,447.720000000,448.350000000,444.020000000,446.490000000,10739483,SPY
2021-09-17T00:00:00.000000000Z,35,2,9391,445.880000000,445.930000000,440.080000000,441.020000000,14828368,SPY
2021-09-20T00:00:00.000000000Z,35,2,9389,439.030000000,439.030000000,428.860000000,435.020000000,26618189,SPY
2021-09-21T00:00:00.000000000Z,35,2,9401,438.420000000,438.930000000,432.460000000,432.570000000,12423596,SPY
2021-09-22T00:00:00.000000000Z,35,2,9409,434.950000000,440.030000000,434.950000000,438.670000000,14788969,SPY
2021-09-23T00:00:00.000000000Z,35,2,9416,440.770000000,444.880000000,438.990000000,443.520000000,10827488,SPY
2021-09-24T00:00:00.000000000Z,35,2,9425,441.630000000,444.665000000,440.520000000,444.210000000,7805351,SPY
2021-09-27T00:00:00.000000000Z,35,2,9425,445.070000000,445.500000000,441.900000000,442.470000000,7482088,SPY
2021-09-28T00:00:00.000000000Z,35,2,9439,440.240000000,440.440000000,432.950000000,434.860000000,17999828,SPY
2021-09-29T00:00:00.000000000Z,35,2,9448,436.880000000,437.120000000,433.850000000,435.560000000,12077096,SPY
2021-09-30T00:00:00.000000000Z,35,2,9463,437.740000000,438.000000000,428.940000000,429.950000000,19290760,SPY
2021-10-01T00:00:00.000000000Z,35,2,9473,427.320000000,436.030000000,426.100000000,434.880000000,17738127,SPY
2021-10-04T00:00:00.000000000Z,35,2,9479,432.180000000,433.950000000,426.360000000,428.770000000,17813133,SPY
2021-10-05T00:00:00.000000000Z,35,2,9484,428.790000000,435.490000000,428.620000000,432.450000000,13018860,SPY
2021-10-06T00:00:00.000000000Z,35,2,9467,428.810000000,436.640000000,426.950000000,436.060000000,16414777,SPY
2021-10-07T00:00:00.000000000Z,35,2,9480,437.520000000,441.680000000,436.930000000,439.530000000,10432986,SPY
2021-10-08T00:00:00.000000000Z,35,2,9482,438.660000000,440.310000000,437.190000000,437.370000000,10638942,SPY
2021-10-11T00:00:00.000000000Z,35,2,9486,436.320000000,440.260000000,433.820000000,434.410000000,8974984,SPY
2021-10-12T00:00:00.000000000Z,35,2,9492,433.140000000,436.200000000,432.000000000,432.420000000,9959753,SPY
2021-10-13T00:00:00.000000000Z,35,2,9495,433.670000000,436.050000000,431.540000000,435.730000000,9784116,SPY
2021-10-14T00:00:00.000000000Z,35,2,9507,437.570000000,443.770000000,437.570000000,443.200000000,9925537,SPY
2021-10-15T00:00:00.000000000Z,35,2,9506,443.600000000,446.260000000,443.400000000,445.870000000,8351909,SPY
2021-10-18T00:00:00.000000000Z,35,2,9510,444.390000000,447.550000000,443.250000000,447.280000000,8022263,SPY
2021-10-19T00:00:00.000000000Z,35,2,9513,448.100000000,451.220000000,448.070000000,451.070000000,6807867,SPY
2021-10-20T00:00:00.000000000Z,35,2,9517,450.330000000,452.730000000,450.200000000,451.630000000,7136684,SPY
2021-10-21T00:00:00.000000000Z,35,2,9526,451.380000000,453.825000000,450.890000000,452.590000000,5966427,SPY
2021-10-22T00:00:00.000000000Z,35,2,9529,453.150000000,454.670000000,451.060000000,452.300000000,8649386,SPY
2021-10-25T00:00:00.000000000Z,35,2,9533,453.510000000,456.170000000,452.390000000,456.170000000,6001132,SPY
2021-10-26T00:00:00.000000000Z,35,2,9540,457.060000000,458.490000000,455.000000000,456.550000000,7927710,SPY
2021-10-27T00:00:00.000000000Z,35,2,9552,456.790000000,457.140000000,453.860000000,454.880000000,7758482,SPY
2021-10-28T00:00:00.000000000Z,35,2,9567,454.810000000,458.480000000,454.330000000,456.990000000,6615193,SPY
2021-10-29T00:00:00.000000000Z,35,2,9573,456.310000000,459.770000000,455.460000000,459.670000000,8304119,SPY
2021-11-01T00:00:00.000000000Z,35,2,9579,460.090000000,461.430000000,458.210000000,459.860000000,6677439,SPY
2021-11-02T00:00:00.000000000Z,35,2,9585,459.890000000,462.220000000,459.360000000,461.420000000,6473231,SPY
2021-11-03T00:00:00.000000000Z,35,2,9597,461.400000000,465.500000000,460.830000000,465.450000000,7409529,SPY
2021-11-04T00:00:00.000000000Z,35,2,9613,465.100000000,467.270000000,464.990000000,467.170000000,7134397,SPY
2021-11-05T00:00:00.000000000Z,35,2,9626,466.650000000,470.650000000,466.600000000,467.800000000,8891432,SPY
2021-11-08T00:00:00.000000000Z,35,2,9628,468.510000000,470.220000000,468.210000000,468.400000000,6086704,SPY
2021-11-09T00:00:00.000000000Z,35,2,9648,468.960000000,469.560000000,465.880000000,466.760000000,6909335,SPY
2021-11-10T00:00:00.000000000Z,35,2,9660,466.830000000,467.375000000,462.040000000,463.690000000,10008106,SPY
2021-11-11T00:00:00.000000000Z,35,2,9666,464.640000000,465.660000000,463.750000000,464.600000000,5677256,SPY
2021-11-12T00:00:00.000000000Z,35,2,9676,464.550000000,468.030000000,464.000000000,467.500000000,7628803,SPY
2021-11-15T00:00:00.000000000Z,35,2,9674,468.090000000,469.220000000,466.230000000,467.460000000,6526233,SPY
2021-11-16T00:00:00.000000000Z,35,2,9687,466.870000000,470.480000000,466.610000000,469.460000000,6642514,SPY
2021-11-17T00:00:00.000000000Z,35,2,9701,469.440000000,469.480000000,467.480000000,468.290000000,6412689,SPY
2021-11-18T00:00:00.000000000Z,35,2,9712,469.380000000,470.340000000,466.340000000,470.010000000,6851060,SPY
2021-11-19T00:00:00.000000000Z,35,2,9719,471.130000000,471.300000000,468.000000000,469.200000000,6836877,SPY
2021-11-22T00:00:00.000000000Z,35,2,9726,470.380000000,473.540000000,466.950000000,468.080000000,11494554,SPY
2021-11-23T00:00:00.000000000Z,35,2,9723,466.190000000,469.090000000,464.450000000,467.790000000,9987600,SPY
2021-11-24T00:00:00.000000000Z,35,2,9730,467.950000000,469.820000000,465.190000000,469.730000000,8498340,SPY
2021-11-26T00:00:00.000000000Z,35,2,9738,462.010000000,463.900000000,456.800000000,457.030000000,15437753,SPY
2021-11-29T00:00:00.000000000Z,35,2,9748,462.080000000,466.550000000,461.590000000,465.850000000,11813044,SPY
2021-11-30T00:00:00.000000000Z,35,2,9753,459.920000000,464.030000000,455.300000000,457.990000000,20652994,SPY
2021-12-01T00:00:00.000000000Z,35,2,9756,460.360000000,464.660000000,449.500000000,452.350000000,19329575,SPY
2021-12-02T00:00:00.000000000Z,35,2,9764,453.280000000,459.070000000,450.250000000,455.870000000,17186725,SPY
2021-12-03T00:00:00.000000000Z,35,2,9768,456.860000000,460.300000000,448.920000000,454.200000000,19166893,SPY
2021-12-06T00:00:00.000000000Z,35,2,9770,455.590000000,460.780000000,452.900000000,458.720000000,13013695,SPY
2021-12-07T00:00:00.000000000Z,35,2,9777,462.300000000,469.330000000,462.300000000,468.530000000,13079964,SPY
2021-12-08T00:00:00.000000000Z,35,2,9787,469.520000000,471.000000000,466.835000000,469.280000000,7784460,SPY
2021-12-09T00:00:00.000000000Z,35,2,9802,468.680000000,469.110000000,465.910000000,467.090000000,8063240,SPY
2021-12-10T00:00:00.000000000Z,35,2,9812,467.640000000,470.890000000,466.520000000,470.400000000,9835789,SPY
2021-12-13T00:00:00.000000000Z,35,2,9823,471.820000000,472.540000000,466.100000000,466.990000000,10439947,SPY
2021-12-14T00:00:00.000000000Z,35,2,9832,467.620000000,467.920000000,460.250000000,463.240000000,11301142,SPY
2021-12-15T00:00:00.000000000Z,35,2,9842,463.850000000,471.700000000,460.750000000,471.200000000,15163452,SPY
2021-12-16T00:00:00.000000000Z,35,2,9851,473.170000000,474.860000000,464.800000000,466.310000000,15263164,SPY
2021-12-17T00:00:00.000000000Z,35,2,9864,464.560000000,464.730000000,458.060000000,461.550000000,14716456,SPY
2021-12-20T00:00:00.000000000Z,35,2,9874,453.600000000,457.120000000,451.140000000,456.900000000,13888057,SPY
2021-12-21T00:00:00.000000000Z,35,2,9881,457.780000000,463.440000000,456.310000000,462.830000000,10367437,SPY
2021-12-22T00:00:00.000000000Z,35,2,9884,461.980000000,468.330000000,461.640000000,468.150000000,7183815,SPY
2021-12-23T00:00:00.000000000Z,35,2,9882,468.420000000,472.190000000,468.240000000,470.630000000,7014134,SPY
2021-12-27T00:00:00.000000000Z,35,2,9896,471.020000000,477.390000000,470.830000000,476.800000000,6690342,SPY
2021-12-28T00:00:00.000000000Z,35,2,9893,477.810000000,478.810000000,476.060000000,477.500000000,5466246,SPY
2021-12-29T00:00:00.000000000Z,35,2,9896,477.900000000,478.560000000,475.930000000,477.120000000,5936908,SPY
2021-12-30T00:00:00.000000000Z,35,2,9905,477.860000000,478.995000000,475.680000000,476.240000000,6173823,SPY
2021-12-31T00:00:00.000000000Z,35,2,9911,475.880000000,476.860000000,474.660000000,475.150000000,8196229,SPY
2022-01-03T00:00:00.000000000Z,35,2,9919,476.680000000,478.140000000,473.850000000,477.400000000,9363274,SPY
2022-01-04T00:00:00.000000000Z,35,2,9920,478.410000000,479.980000000,475.590000000,477.040000000,8403406,SPY
2022-01-05T00:00:00.000000000Z,35,2,9926,477.020000000,477.980000000,467.500000000,469.000000000,13204564,SPY
2022-01-06T00:00:00.000000000Z,35,2,9932,468.460000000,470.800000000,465.440000000,469.160000000,11559980,SPY
2022-01-07T00:00:00.000000000Z,35,2,9937,467.460000000,469.290000000,464.660000000,466.010000000,9708644,SPY
2022-01-10T00:00:00.000000000Z,35,2,9952,465.860000000,466.810000000,456.600000000,465.800000000,17109240,SPY
2022-01-11T00:00:00.000000000Z,35,2,9964,466.140000000,469.960000000,462.050000000,469.590000000,10883461,SPY
2022-01-12T00:00:00.000000000Z,35,2,9971,468.950000000,473.200000000,468.910000000,470.860000000,9407296,SPY
2022-01-13T00:00:00.000000000Z,35,2,9978,470.650000000,472.880000000,463.470000000,464.680000000,11480105,SPY
2022-01-14T00:00:00.000000000Z,35,2,9987,464.750000000,465.890000000,459.910000000,465.330000000,14037903,SPY
2022-01-18T00:00:00.000000000Z,35,2,9983,460.490000000,460.750000000,455.310000000,456.160000000,15105288,SPY
2022-01-19T00:00:00.000000000Z,35,2,9985,455.880000000,459.610000000,450.880000000,450.940000000,12464300,SPY
2022-01-20T00:00:00.000000000Z,35,2,10002,453.150000000,458.745000000,443.190000000,445.500000000,18434858,SPY
2022-01-21T00:00:00.000000000Z,35,2,10012,445.970000000,448.040000000,436.510000000,436.780000000,29426756,SPY
2022-01-24T00:00:00.000000000Z,35,2,10023,439.800000000,440.550000000,420.760000000,439.650000000,43903491,SPY
2022-01-25T00:00:00.000000000Z,35,2,10024,433.780000000,439.730000000,427.150000000,435.010000000,28713239,SPY
2022-01-26T00:00:00.000000000Z,35,2,10031,437.450000000,444.040000000,428.860000000,435.750000000,39213669,SPY
2022-01-27T00:00:00.000000000Z,35,2,10037,432.360000000,441.590000000,429.450000000,433.080000000,28008595,SPY
2022-01-28T00:00:00.000000000Z,35,2,10039,432.210000000,442.740000000,426.180000000,442.150000000,29953813,SPY
2022-01-31T00:00:00.000000000Z,35,2,10051,442.690000000,450.280000000,439.190000000,448.770000000,21051319,SPY
2022-02-01T00:00:00.000000000Z,35,2,10055,450.090000000,454.970000000,446.940000000,454.600000000,16654311,SPY
2022-02-02T00:00:00.000000000Z,35,2,10054,455.050000000,458.120000000,452.530000000,452.700000000,16296990,SPY
2022-02-03T00:00:00.000000000Z,35,2,10060,453.450000000,453.560000000,445.710000000,451.400000000,18054995,SPY
2022-02-04T00:00:00.000000000Z,35,2,10072,450.210000000,452.780000000,443.490000000,448.350000000,18300692,SPY
2022-02-07T00:00:00.000000000Z,35,2,10086,448.030000000,450.990000000,445.850000000,448.190000000,14566501,SPY
2022-02-08T00:00:00.000000000Z,35,2,10093,448.140000000,452.100000000,445.220000000,452.010000000,11710857,SPY
2022-02-09T00:00:00.000000000Z,35,2,10097,453.630000000,458.020000000,453.500000000,457.370000000,13916509,SPY
2022-02-10T00:00:00.000000000Z,35,2,10109,456.180000000,457.880000000,447.200000000,448.020000000,23817342,SPY
2022-02-11T00:00:00.000000000Z,35,2,10117,446.820000000,451.600000000,438.950000000,440.800000000,27356900,SPY
2022-02-14T00:00:00.000000000Z,35,2,10117,436.610000000,441.690000000,435.200000000,439.810000000,23596886,SPY
2022-02-15T00:00:00.000000000Z,35,2,10121,443.900000000,446.330000000,443.180000000,444.850000000,14447337,SPY
2022-02-16T00:00:00.000000000Z,35,2,10123,447.100000000,448.050000000,441.940000000,445.700000000,13375585,SPY
2022-02-17T00:00:00.000000000Z,35,2,10130,444.320000000,446.050000000,436.370000000,437.460000000,16403560,SPY
2022-02-18T00:00:00.000000000Z,35,2,10128,439.470000000,439.660000000,431.820000000,432.460000000,21228529,SPY
2022-02-22T00:00:00.000000000Z,35,2,10131,429.180000000,435.500000000,425.860000000,432.020000000,22415223,SPY
2022-02-23T00:00:00.000000000Z,35,2,10136,433.290000000,434.160000000,420.600000000,421.600000000,22285694,SPY
2022-02-24T00:00:00.000000000Z,35,2,10150,416.000000000,428.760000000,410.100000000,426.070000000,40439612,SPY
2022-02-25T00:00:00.000000000Z,35,2,10151,423.440000000,438.400000000,422.820000000,438.020000000,21270083,SPY
2022-02-28T00:00:00.000000000Z,35,2,10154,429.780000000,438.200000000,429.640000000,437.500000000,24473559,SPY
2022-03-01T00:00:00.000000000Z,35,2,10156,436.740000000,437.170000000,427.160000000,431.430000000,23158296,SPY
2022-03-02T00:00:00.000000000Z,35,2,10151,428.960000000,439.590000000,428.910000000,437.200000000,19596864,SPY
2022-03-03T00:00:00.000000000Z,35,2,10153,437.570000000,441.520000000,433.850000000,436.990000000,16462027,SPY
2022-03-04T00:00:00.000000000Z,35,2,10160,432.830000000,434.240000000,427.880000000,430.000000000,20005512,SPY
2022-03-07T00:00:00.000000000Z,35,2,10164,425.790000000,432.230000000,417.890000000,418.500000000,22629994,SPY
2022-03-08T00:00:00.000000000Z,35,2,10166,420.630000000,427.200000000,414.590000000,416.700000000,29931982,SPY
2022-03-09T00:00:00.000000000Z,35,2,10164,421.720000000,429.510000000,421.380000000,427.120000000,20628234,SPY
2022-03-10T00:00:00.000000000Z,35,2,10167,424.540000000,426.700000000,420.450000000,426.340000000,13938162,SPY
2022-03-11T00:00:00.000000000Z,35,2,10167,425.280000000,433.210000000,419.530000000,420.100000000,15162704,SPY
2022-03-14T00:00:00.000000000Z,35,2,10177,422.700000000,425.000000000,415.800000000,417.880000000,16424290,SPY
2022-03-15T00:00:00.000000000Z,35,2,10175,415.700000000,426.840000000,413.620000000,425.320000000,16957609,SPY
2022-03-16T00:00:00.000000000Z,35,2,10179,429.070000000,437.230000000,424.790000000,436.250000000,26679244,SPY
2022-03-17T00:00:00.000000000Z,35,2,10188,435.990000000,441.150000000,432.720000000,438.650000000,16111068,SPY
2022-03-18T00:00:00.000000000Z,35,2,10188,438.040000000,445.670000000,435.710000000,445.460000000,15221257,SPY
2022-03-21T00:00:00.000000000Z,35,2,10193,443.190000000,446.460000000,440.680000000,443.670000000,15070197,SPY
2022-03-22T00:00:00.000000000Z,35,2,10193,444.650000000,450.570000000,444.550000000,450.110000000,11091517,SPY
2022-03-23T00:00:00.000000000Z,35,2,10197,449.660000000,449.710000000,443.300000000,444.300000000,11751568,SPY
2022-03-24T00:00:00.000000000Z,35,2,10206,445.520000000,450.780000000,444.750000000,450.140000000,9843522,SPY
2022-03-25T00:00:00.000000000Z,35,2,10209,450.970000000,453.010000000,448.440000000,452.900000000,11042903,SPY
2022-03-28T00:00:00.000000000Z,35,2,10214,451.760000000,456.190000000,450.060000000,455.810000000,10837833,SPY
2022-03-29T00:00:00.000000000Z,35,2,10212,456.830000000,462.070000000,456.830000000,461.110000000,13863616,SPY
2022-03-30T00:00:00.000000000Z,35,2,10214,460.420000000,461.190000000,456.470000000,458.890000000,11386347,SPY
2022-03-31T00:00:00.000000000Z,35,2,10221,459.600000000,459.600000000,451.510000000,453.210000000,16455267,SPY
2022-04-01T00:00:00.000000000Z,35,2,10220,453.680000000,454.560000000,449.140000000,453.280000000,12750417,SPY
2022-04-04T00:00:00.000000000Z,35,2,10227,452.490000000,456.930000000,452.190000000,456.400000000,8506113,SPY
2022-04-05T00:00:00.000000000Z,35,2,10225,457.300000000,457.830000000,449.830000000,451.280000000,11133218,SPY
2022-04-06T00:00:00.000000000Z,35,2,10229,449.200000000,449.630000000,443.470000000,445.190000000,18266671,SPY
2022-04-07T00:00:00.000000000Z,35,2,10231,446.340000000,450.680000000,443.535000000,449.250000000,15202290,SPY
2022-04-08T00:00:00.000000000Z,35,2,10226,450.460000000,450.980000000,445.950000000,447.240000000,12869188,SPY
2022-04-11T00:00:00.000000000Z,35,2,10223,446.420000000,446.600000000,439.395000000,439.660000000,14215314,SPY
2022-04-12T00:00:00.000000000Z,35,2,10226,438.210000000,445.740000000,436.660000000,439.640000000,14365902,SPY
2022-04-13T00:00:00.000000000Z,35,2,10221,440.840000000,444.090000000,437.510000000,443.050000000,11756768,SPY
2022-04-14T00:00:00.000000000Z,35,2,10227,443.460000000,444.730000000,437.600000000,437.740000000,13387276,SPY
2022-04-18T00:00:00.000000000Z,35,2,10232,435.870000000,440.180000000,435.330000000,440.130000000,10938704,SPY
2022-04-19T00:00:00.000000000Z,35,2,10233,439.080000000,445.800000000,436.350000000,443.420000000,12978853,SPY
2022-04-20T00:00:00.000000000Z,35,2,10233,443.300000000,447.560000000,442.730000000,446.220000000,11548127,SPY
2022-04-21T00:00:00.000000000Z,35,2,10239,447.850000000,450.010000000,436.840000000,436.930000000,15410572,SPY
2022-04-22T00:00:00.000000000Z,35,2,10246,437.910000000,438.270000000,423.950000000,424.230000000,22548910,SPY
2022-04-25T00:00:00.000000000Z,35,2,10246,422.360000000,428.920000000,418.840000000,428.340000000,21876799,SPY
2022-04-26T00:00:00.000000000Z,35,2,10242,426.520000000,428.050000000,413.000000000,416.660000000,18598503,SPY
2022-04-27T00:00:00.000000000Z,35,2,10252,420.220000000,422.920000000,415.020000000,420.590000000,18062473,SPY
2022-04-28T00:00:00.000000000Z,35,2,10252,423.160000000,429.630000000,417.610000000,423.910000000,16509606,SPY
2022-04-29T00:00:00.000000000Z,35,2,10253,426.070000000,426.410000000,411.210000000,413.400000000,23267216,SPY
2022-05-02T00:00:00.000000000Z,35,2,10254,412.700000000,415.920000000,405.020000000,414.010000000,26309330,SPY
2022-05-03T00:00:00.000000000Z,35,2,10249,415.730000000,418.940000000,412.420000000,416.940000000,16506685,SPY
2022-05-04T00:00:00.000000000Z,35,2,10252,417.280000000,429.650000000,413.710000000,428.100000000,28151309,SPY
2022-05-05T00:00:00.000000000Z,35,2,10256,427.010000000,427.240000000,409.440000000,414.250000000,31250807,SPY
2022-05-06T00:00:00.000000000Z,35,2,10260,412.450000000,414.800000000,405.730000000,411.000000000,27525213,SPY
2022-05-09T00:00:00.000000000Z,35,2,10263,406.640000000,406.760000000,396.500000000,399.440000000,28714267,SPY
2022-05-10T00:00:00.000000000Z,35,2,10267,401.120000000,406.080000000,394.830000000,398.220000000,23694601,SPY
2022-05-11T00:00:00.000000000Z,35,2,10267,400.570000000,404.540000000,391.960000000,393.860000000,28570826,SPY
2022-05-12T00:00:00.000000000Z,35,2,10270,392.260000000,395.800000000,385.155000000,393.900000000,25927757,SPY
2022-05-13T00:00:00.000000000Z,35,2,10270,396.180000000,403.170000000,395.610000000,401.450000000,17859534,SPY
2022-05-16T00:00:00.000000000Z,35,2,10268,399.430000000,403.960000000,397.600000000,400.460000000,11199111,SPY
2022-05-17T00:00:00.000000000Z,35,2,10270,403.520000000,409.100000000,402.590000000,408.250000000,12481909,SPY
2022-05-18T00:00:00.000000000Z,35,2,10274,406.600000000,407.690000000,389.500000000,389.500000000,17188222,SPY
2022-05-19T00:00:00.000000000Z,35,2,10275,388.960000000,394.140000000,385.410000000,390.570000000,15846124,SPY
2022-05-20T00:00:00.000000000Z,35,2,10272,389.500000000,394.650000000,380.550000000,390.620000000,19918558,SPY
2022-05-23T00:00:00.000000000Z,35,2,10274,393.970000000,397.900000000,390.400000000,394.510000000,14671655,SPY
2022-05-24T00:00:00.000000000Z,35,2,10276,391.920000000,396.050000000,386.960000000,395.600000000,15541892,SPY
2022-05-25T00:00:00.000000000Z,35,2,10276,394.540000000,399.450000000,391.200000000,396.730000000,14554506,SPY
2022-05-26T00:00:00.000000000Z,35,2,10270,398.890000000,407.030000000,396.640000000,405.410000000,12509888,SPY
2022-05-27T00:00:00.000000000Z,35,2,10269,404.900000000,416.680000000,404.900000000,416.600000000,12595082,SPY
2022-05-31T00:00:00.000000000Z,35,2,10273,413.810000000,416.460000000,410.030000000,414.490000000,14099096,SPY
2022-06-01T00:00:00.000000000Z,35,2,10272,413.860000000,416.240000000,406.940000000,408.470000000,14346131,SPY
2022-06-02T00:00:00.000000000Z,35,2,10275,410.600000000,418.600000000,407.040000000,418.000000000,11405793,SPY
2022-06-03T00:00:00.000000000Z,35,2,10277,416.230000000,416.610000000,409.520000000,410.300000000,10444288,SPY
2022-06-06T00:00:00.000000000Z,35,2,10274,414.500000000,416.590000000,410.560000000,411.900000000,8491459,SPY
2022-06-07T00:00:00.000000000Z,35,2,10278,410.320000000,416.220000000,407.420000000,414.550000000,7678145,SPY
2022-06-08T00:00:00.000000000Z,35,2,10276,414.020000000,415.820000000,410.380000000,411.690000000,7559804,SPY
2022-06-09T00:00:00.000000000Z,35,2,10278,411.270000000,414.170000000,401.280000000,401.980000000,9884438,SPY
2022-06-10T00:00:00.000000000Z,35,2,10277,400.910000000,402.350000000,389.530000000,390.250000000,16317150,SPY
2022-06-13T00:00:00.000000000Z,35,2,10274,382.000000000,382.260000000,373.310000000,375.820000000,22005091,SPY
2022-06-14T00:00:00.000000000Z,35,2,10274,379.310000000,379.500000000,370.590000000,375.720000000,12951345,SPY
2022-06-15T00:00:00.000000000Z,35,2,10279,375.800000000,383.880000000,372.120000000,381.660000000,19637173,SPY
2022-06-16T00:00:00.000000000Z,35,2,10286,372.250000000,373.050000000,364.080000000,368.440000000,17935363,SPY
2022-06-17T00:00:00.000000000Z,35,2,10288,367.960000000,369.500000000,362.160000000,366.330000000,13406676,SPY
2022-06-21T00:00:00.000000000Z,35,2,10290,372.640000000,376.520000000,370.750000000,374.670000000,9432264,SPY
2022-06-22T00:00:00.000000000Z,35,2,10293,368.190000000,378.710000000,367.680000000,372.650000000,10592332,SPY
2022-06-23T00:00:00.000000000Z,35,2,10299,372.490000000,378.830000000,372.390000000,376.840000000,9588665,SPY
2022-06-24T00:00:00.000000000Z,35,2,10301,380.740000000,390.090000000,380.110000000,389.630000000,12958669,SPY
2022-06-27T00:00:00.000000000Z,35,2,10302,392.580000000,392.940000000,387.440000000,389.010000000,8158707,SPY
2022-06-28T00:00:00.000000000Z,35,2,10305,389.890000000,393.160000000,380.410000000,381.200000000,10461710,SPY
2022-06-29T00:00:00.000000000Z,35,2,10306,380.690000000,382.260000000,378.420000000,380.060000000,9005683,SPY
2022-06-30T00:00:00.000000000Z,35,2,10307,377.480000000,380.630000000,372.560000000,377.300000000,14834089,SPY
2022-07-01T00:00:00.000000000Z,35,2,10306,374.650000000,381.700000000,373.800000000,381.140000000,10981756,SPY
2022-07-05T00:00:00.000000000Z,35,2,10307,381.550000000,382.580000000,372.910000000,380.890000000,11442112,SPY
2022-07-06T00:00:00.000000000Z,35,2,10313,382.290000000,385.870000000,379.600000000,383.650000000,10268710,SPY
2022-07-07T00:00:00.000000000Z,35,2,10306,384.600000000,389.830000000,383.450000000,388.180000000,7895564,SPY
2022-07-08T00:00:00.000000000Z,35,2,10306,387.850000000,390.635000000,385.360000000,388.790000000,8565078,SPY
2022-07-11T00:00:00.000000000Z,35,2,10303,385.800000000,387.050000000,383.500000000,384.840000000,8177595,SPY
2022-07-12T00:00:00.000000000Z,35,2,10303,381.750000000,386.160000000,378.990000000,380.690000000,8899909,SPY
2022-07-13T00:00:00.000000000Z,35,2,10303,380.800000000,385.600000000,373.810000000,376.510000000,11930273,SPY
2022-07-14T00:00:00.000000000Z,35,2,10302,376.100000000,379.490000000,371.050000000,379.490000000,11082648,SPY
2022-07-15T00:00:00.000000000Z,35,2,10303,378.110000000,385.370000000,377.580000000,385.190000000,9516234,SPY
2022-07-18T00:00:00.000000000Z,35,2,10300,388.270000000,389.380000000,380.660000000,382.930000000,7651248,SPY
2022-07-19T00:00:00.000000000Z,35,2,10299,382.490000000,393.400000000,382.490000000,393.020000000,9667633,SPY
2022-07-20T00:00:00.000000000Z,35,2,10296,392.590000000,396.250000000,390.900000000,394.210000000,9437344,SPY
2022-07-21T00:00:00.000000000Z,35,2,10294,394.150000000,399.030000000,391.640000000,396.970000000,8900857,SPY
2022-07-22T00:00:00.000000000Z,35,2,10293,397.100000000,400.180000000,392.760000000,394.160000000,8401069,SPY
2022-07-25T00:00:00.000000000Z,35,2,10291,394.630000000,397.500000000,393.000000000,394.200000000,7054753,SPY
2022-07-26T00:00:00.000000000Z,35,2,10291,394.860000000,395.230000000,389.950000000,394.000000000,7239999,SPY
2022-07-27T00:00:00.000000000Z,35,2,10287,394.600000000,402.880000000,393.940000000,400.430000000,11014950,SPY
2022-07-28T00:00:00.000000000Z,35,2,10291,400.230000000,409.690000000,398.150000000,408.210000000,9393323,SPY
2022-07-29T00:00:00.000000000Z,35,2,10288,408.800000000,413.020000000,406.770000000,411.500000000,9490312,SPY
2022-08-01T00:00:00.000000000Z,35,2,10285,411.190000000,413.400000000,408.420000000,410.180000000,9000428,SPY
2022-08-02T00:00:00.000000000Z,35,2,10286,408.630000000,413.000000000,406.830000000,408.170000000,9010134,SPY
2022-08-03T00:00:00.000000000Z,35,2,10284,408.550000000,415.690000000,408.130000000,413.780000000,8792131,SPY
2022-08-04T00:00:00.000000000Z,35,2,10279,414.370000000,416.080000000,412.450000000,414.310000000,5431244,SPY
2022-08-05T00:00:00.000000000Z,35,2,10278,414.690000000,414.980000000,409.260000000,412.800000000,8202231,SPY
2022-08-08T00:00:00.000000000Z,35,2,10284,414.770000000,417.620000000,411.830000000,414.120000000,6779356,SPY
2022-08-09T00:00:00.000000000Z,35,2,10296,413.620000000,413.900000000,410.220000000,411.690000000,6082000,SPY
2022-08-10T00:00:00.000000000Z,35,2,10293,411.500000000,420.180000000,411.500000000,420.120000000,9033438,SPY
2022-08-11T00:00:00.000000000Z,35,2,10297,420.930000000,424.940000000,419.210000000,420.330000000,7481896,SPY
2022-08-12T00:00:00.000000000Z,35,2,10299,422.310000000,427.210000000,420.990000000,427.190000000,7749958,SPY
2022-08-15T00:00:00.000000000Z,35,2,10296,425.060000000,429.400000000,423.850000000,428.620000000,6821567,SPY
2022-08-16T00:00:00.000000000Z,35,2,10292,428.290000000,431.730000000,426.880000000,429.720000000,7083340,SPY
2022-08-17T00:00:00.000000000Z,35,2,10289,428.600000000,429.500000000,424.540000000,425.990000000,8166465,SPY
2022-08-18T00:00:00.000000000Z,35,2,10287,425.760000000,428.605000000,425.470000000,427.660000000,5463127,SPY
2022-08-19T00:00:00.000000000Z,35,2,10287,425.700000000,425.850000000,421.220000000,421.750000000,8397428,SPY
2022-08-22T00:00:00.000000000Z,35,2,10290,418.090000000,418.260000000,412.400000000,414.380000000,9222160,SPY
2022-08-23T00:00:00.000000000Z,35,2,10277,414.110000000,415.410000000,411.770000000,412.040000000,6812056,SPY
2022-08-24T00:00:00.000000000Z,35,2,10282,411.150000000,415.110000000,411.130000000,413.830000000,6632400,SPY
2022-08-25T00:00:00.000000000Z,35,2,10281,417.700000000,419.560000000,414.090000000,418.970000000,6999824,SPY
2022-08-26T00:00:00.000000000Z,35,2,10280,418.290000000,421.020000000,403.680000000,403.800000000,13940697,SPY
2022-08-29T00:00:00.000000000Z,35,2,10279,402.810000000,405.840000000,401.020000000,403.620000000,8976883,SPY
2022-08-30T00:00:00.000000000Z,35,2,10281,405.250000000,406.680000000,396.010000000,398.340000000,11375093,SPY
2022-08-31T00:00:00.000000000Z,35,2,10277,398.900000000,401.240000000,392.550000000,393.080000000,9179185,SPY
2022-09-01T00:00:00.000000000Z,35,2,10272,392.660000000,397.670000000,390.050000000,397.670000000,11439318,SPY
2022-09-02T00:00:00.000000000Z,35,2,10270,395.900000000,401.560000000,390.335000000,392.740000000,13350363,SPY
2022-09-06T00:00:00.000000000Z,35,2,10266,394.870000000,395.950000000,388.420000000,390.340000000,10237674,SPY
2022-09-07T00:00:00.000000000Z,35,2,10266,390.960000000,398.580000000,389.390000000,397.510000000,9086785,SPY
2022-09-08T00:00:00.000000000Z,35,2,10273,397.190000000,401.000000000,394.100000000,400.760000000,10383365,SPY
2022-09-09T00:00:00.000000000Z,35,2,10271,402.440000000,407.510000000,402.340000000,406.200000000,9341096,SPY
2022-09-12T00:00:00.000000000Z,35,2,10273,407.930000000,411.940000000,407.600000000,411.390000000,8872766,SPY
2022-09-13T00:00:00.000000000Z,35,2,10269,412.740000000,415.000000000,391.920000000,393.940000000,16324252,SPY
2022-09-14T00:00:00.000000000Z,35,2,10268,394.510000000,396.200000000,391.120000000,395.390000000,10563346,SPY
2022-09-15T00:00:00.000000000Z,35,2,10271,395.620000000,395.960000000,387.110000000,387.630000000,12011707,SPY
2022-09-16T00:00:00.000000000Z,35,2,10274,385.370000000,387.450000000,382.120000000,387.450000000,13973321,SPY
2022-09-19T00:00:00.000000000Z,35,2,10268,382.920000000,389.760000000,381.500000000,389.760000000,9454522,SPY
2022-09-20T00:00:00.000000000Z,35,2,10271,388.140000000,388.340000000,381.200000000,384.330000000,10680598,SPY
2022-09-21T00:00:00.000000000Z,35,2,10270,383.960000000,389.300000000,375.000000000,375.180000000,17221134,SPY
2022-09-22T00:00:00.000000000Z,35,2,10274,378.230000000,380.320000000,373.450000000,374.990000000,13765781,SPY
2022-09-23T00:00:00.000000000Z,35,2,10273,372.820000000,373.210000000,363.290000000,368.100000000,18413569,SPY
2022-09-26T00:00:00.000000000Z,35,2,10271,367.130000000,370.210000000,363.030000000,365.150000000,11538007,SPY
2022-09-27T00:00:00.000000000Z,35,2,10271,369.170000000,370.400000000,360.880000000,363.550000000,14782873,SPY
2022-09-28T00:00:00.000000000Z,35,2,10273,361.780000000,372.300000000,358.710000000,370.060000000,13982986,SPY
2022-09-29T00:00:00.000000000Z,35,2,10277,366.200000000,368.530000000,359.720000000,364.240000000,14924925,SPY
2022-09-30T00:00:00.000000000Z,35,2,10282,366.030000000,366.730000000,357.020000000,357.950000000,18179623,SPY
2022-10-03T00:00:00.000000000Z,35,2,10273,357.460000000,368.550000000,356.300000000,367.690000000,10614003,SPY
2022-10-04T00:00:00.000000000Z,35,2,10270,371.980000000,378.250000000,371.000000000,377.060000000,12688291,SPY
2022-10-05T00:00:00.000000000Z,35,2,10269,375.330000000,379.450000000,370.940000000,378.590000000,11026193,SPY
2022-10-06T00:00:00.000000000Z,35,2,10264,376.960000000,378.710000000,371.810000000,372.150000000,10810181,SPY
2022-10-07T00:00:00.000000000Z,35,2,10260,372.180000000,374.500000000,360.940000000,361.950000000,13704206,SPY
2022-10-10T00:00:00.000000000Z,35,2,10255,361.440000000,364.400000000,357.690000000,360.790000000,8901600,SPY
2022-10-11T00:00:00.000000000Z,35,2,10257,357.550000000,363.020000000,355.720000000,358.280000000,12826703,SPY
2022-10-12T00:00:00.000000000Z,35,2,10259,358.830000000,361.190000000,356.300000000,357.640000000,8844243,SPY
2022-10-13T00:00:00.000000000Z,35,2,10263,357.290000000,367.510000000,348.120000000,365.840000000,22710153,SPY
2022-10-14T00:00:00.000000000Z,35,2,10263,366.810000000,371.200000000,356.500000000,356.600000000,14213316,SPY
2022-10-17T00:00:00.000000000Z,35,2,10255,361.370000000,370.000000000,360.240000000,369.750000000,11532113,SPY
2022-10-18T00:00:00.000000000Z,35,2,10251,373.070000000,375.440000000,367.530000000,374.100000000,12324662,SPY
2022-10-19T00:00:00.000000000Z,35,2,10250,371.790000000,373.030000000,365.550000000,367.520000000,9002675,SPY
2022-10-20T00:00:00.000000000Z,35,2,10248,366.470000000,372.660000000,363.670000000,364.170000000,10839069,SPY
2022-10-21T00:00:00.000000000Z,35,2,10241,364.130000000,375.650000000,362.240000000,375.650000000,13614381,SPY
2022-10-24T00:00:00.000000000Z,35,2,10233,373.660000000,380.060000000,371.630000000,378.900000000,10567227,SPY
2022-10-25T00:00:00.000000000Z,35,2,10222,378.760000000,385.250000000,376.920000000,381.180000000,10480313,SPY
2022-10-26T00:00:00.000000000Z,35,2,10221,382.220000000,387.580000000,381.100000000,383.730000000,11726947,SPY
2022-10-27T00:00:00.000000000Z,35,2,10219,382.730000000,385.000000000,373.880000000,377.400000000,9693091,SPY
2022-10-28T00:00:00.000000000Z,35,2,10215,376.270000000,390.280000000,375.920000000,390.200000000,11484071,SPY
2022-10-31T00:00:00.000000000Z,35,2,10209,388.450000000,388.450000000,385.260000000,386.730000000,9821397,SPY
2022-11-01T00:00:00.000000000Z,35,2,10204,388.670000000,390.680000000,383.305000000,384.450000000,9098545,SPY
2022-11-02T00:00:00.000000000Z,35,2,10203,384.990000000,388.620000000,373.810000000,374.080000000,17798980,SPY
2022-11-03T00:00:00.000000000Z,35,2,10206,375.200000000,375.640000000,368.800000000,370.370000000,11139472,SPY
2022-11-04T00:00:00.000000000Z,35,2,10203,371.720000000,378.865000000,369.110000000,376.000000000,12101701,SPY
2022-11-07T00:00:00.000000000Z,35,2,10199,377.340000000,380.570000000,375.530000000,379.990000000,7013908,SPY
2022-11-08T00:00:00.000000000Z,35,2,10199,379.180000000,385.100000000,377.730000000,382.640000000,10025965,SPY
2022-11-09T00:00:00.000000000Z,35,2,10203,381.930000000,382.040000000,373.620000000,374.320000000,8765664,SPY
2022-11-10T00:00:00.000000000Z,35,2,10207,374.980000000,396.000000000,373.680000000,395.700000000,16953743,SPY
2022-11-11T00:00:00.000000000Z,35,2,10202,397.710000000,399.350000000,393.630000000,398.570000000,10375492,SPY
2022-11-14T00:00:00.000000000Z,35,2,10199,397.760000000,400.170000000,394.840000000,395.910000000,8140549,SPY
2022-11-15T00:00:00.000000000Z,35,2,10195,397.650000000,403.490000000,394.500000000,398.080000000,11207088,SPY
2022-11-16T00:00:00.000000000Z,35,2,10194,399.190000000,400.030000000,394.800000000,396.190000000,7719480,SPY
2022-11-17T00:00:00.000000000Z,35,2,10197,396.250000000,396.380000000,390.050000000,394.150000000,8556215,SPY
2022-11-18T00:00:00.000000000Z,35,2,10193,394.480000000,398.080000000,393.050000000,395.950000000,9363962,SPY
2022-11-21T00:00:00.000000000Z,35,2,10190,394.340000000,395.800000000,392.700000000,394.570000000,6111472,SPY
2022-11-22T00:00:00.000000000Z,35,2,10191,394.150000000,400.070000000,393.960000000,399.840000000,7125001,SPY
2022-11-23T00:00:00.000000000Z,35,2,10177,400.070000000,403.060000000,399.200000000,403.050000000,6946807,SPY
2022-11-25T00:00:00.000000000Z,35,2,10179,403.100000000,403.180000000,401.520000000,402.010000000,2892959,SPY
2022-11-28T00:00:00.000000000Z,35,2,10179,400.010000000,400.810000000,395.110000000,396.210000000,7005298,SPY
2022-11-29T00:00:00.000000000Z,35,2,10173,397.740000000,397.970000000,393.310000000,394.970000000,6034741,SPY
2022-11-30T00:00:00.000000000Z,35,2,10167,396.190000000,408.700000000,393.480000000,408.260000000,17474226,SPY
2022-12-01T00:00:00.000000000Z,35,2,10161,407.320000000,410.000000000,404.750000000,407.030000000,9019505,SPY
2022-12-02T00:00:00.000000000Z,35,2,10151,407.230000000,407.850000000,400.090000000,406.000000000,9141987,SPY
2022-12-05T00:00:00.000000000Z,35,2,10148,405.810000000,405.870000000,398.170000000,400.250000000,8308799,SPY
2022-12-06T00:00:00.000000000Z,35,2,10149,400.720000000,400.720000000,391.650000000,394.260000000,9915904,SPY
2022-12-07T00:00:00.000000000Z,35,2,10147,394.400000000,395.640000000,390.980000000,393.300000000,7207203,SPY
2022-12-08T00:00:00.000000000Z,35,2,10141,393.950000000,397.360000000,393.460000000,395.960000000,7051431,SPY
2022-12-09T00:00:00.000000000Z,35,2,10135,397.010000000,398.700000000,392.750000000,392.940000000,8574413,SPY
2022-12-12T00:00:00.000000000Z,35,2,10120,393.090000000,398.930000000,392.950000000,398.740000000,7261201,SPY
2022-12-13T00:00:00.000000000Z,35,2,10116,399.190000000,414.100000000,399.080000000,401.860000000,15087749,SPY
2022-12-14T00:00:00.000000000Z,35,2,10116,402.210000000,405.500000000,396.310000000,400.260000000,14108253,SPY
2022-12-15T00:00:00.000000000Z,35,2,10096,396.330000000,396.330000000,387.880000000,389.580000000,12851769,SPY
2022-12-16T00:00:00.000000000Z,35,2,10073,385.570000000,386.570000000,381.040000000,382.600000000,12287135,SPY
2022-12-19T00:00:00.000000000Z,35,2,10050,384.860000000,385.390000000,378.290000000,380.550000000,7764209,SPY
2022-12-20T00:00:00.000000000Z,35,2,10048,379.780000000,382.230000000,377.860000000,381.700000000,7147669,SPY
2022-12-21T00:00:00.000000000Z,35,2,10038,382.520000000,387.410000000,381.900000000,386.620000000,7699555,SPY
2022-12-22T00:00:00.000000000Z,35,2,10015,386.970000000,387.100000000,374.770000000,380.620000000,11573117,SPY
2022-12-23T00:00:00.000000000Z,35,2,10000,381.070000000,383.060000000,378.055000000,382.930000000,6362193,SPY
2022-12-27T00:00:00.000000000Z,35,2,9982,385.200000000,385.720000000,379.660000000,381.380000000,5806704,SPY
2022-12-28T00:00:00.000000000Z,35,2,9966,382.000000000,383.380000000,376.430000000,377.320000000,7268298,SPY
2022-12-29T00:00:00.000000000Z,35,2,9962,377.980000000,384.350000000,377.980000000,382.770000000,7407817,SPY
2022-12-30T00:00:00.000000000Z,35,2,9947,381.080000000,383.130000000,378.450000000,383.080000000,9868818,SPY
2023-01-03T00:00:00.000000000Z,35,2,9933,385.930000000,386.820000000,377.840000000,380.790000000,8711799,SPY
2023-01-04T00:00:00.000000000Z,35,2,9927,382.500000000,385.880000000,380.000000000,383.650000000,10896019,SPY
2023-01-05T00:00:00.000000000Z,35,2,9922,382.940000000,384.960000000,378.770000000,380.090000000,8803521,SPY
2023-01-06T00:00:00.000000000Z,35,2,9920,380.000000000,389.250000000,378.430000000,387.800000000,13097442,SPY
2023-01-09T00:00:00.000000000Z,35,2,9915,388.620000000,393.700000000,387.380000000,387.380000000,8460681,SPY
2023-01-10T00:00:00.000000000Z,35,2,9912,387.290000000,390.810000000,385.670000000,390.720000000,7726864,SPY
2023-01-11T00:00:00.000000000Z,35,2,9917,390.450000000,395.840000000,390.360000000,395.340000000,7808540,SPY
2023-01-12T00:00:00.000000000Z,35,2,9914,395.500000000,398.770000000,392.050000000,397.140000000,11027460,SPY
2023-01-13T00:00:00.000000000Z,35,2,9907,396.920000000,399.100000000,392.970000000,398.250000000,7252493,SPY
2023-01-17T00:00:00.000000000Z,35,2,9887,397.470000000,400.210000000,396.520000000,396.810000000,6831866,SPY
2023-01-18T00:00:00.000000000Z,35,2,9886,398.230000000,400.110000000,391.250000000,391.510000000,11463251,SPY
2023-01-19T00:00:00.000000000Z,35,2,9891,390.120000000,391.060000000,387.270000000,389.030000000,9738498,SPY
2023-01-20T00:00:00.000000000Z,35,2,9892,389.440000000,396.230000000,388.360000000,396.080000000,9531665,SPY
2023-01-23T00:00:00.000000000Z,35,2,9890,395.490000000,402.645000000,395.140000000,400.370000000,10677569,SPY
2023-01-24T00:00:00.000000000Z,35,2,9889,400.210000000,401.760000000,397.660000000,398.810000000,7277924,SPY
2023-01-25T00:00:00.000000000Z,35,2,9885,398.800000000,401.020000000,393.570000000,400.850000000,9948938,SPY
2023-01-26T00:00:00.000000000Z,35,2,9889,401.400000000,404.920000000,400.030000000,403.520000000,8711327,SPY
2023-01-27T00:00:00.000000000Z,35,2,9886,403.420000000,408.160000000,403.110000000,405.590000000,8624133,SPY
2023-01-30T00:00:00.000000000Z,35,2,9882,402.660000000,405.120000000,400.300000000,401.680000000,9425557,SPY
2023-01-31T00:00:00.000000000Z,35,2,9880,399.750000000,406.530000000,398.250000000,405.560000000,9752905,SPY
2023-02-01T00:00:00.000000000Z,35,2,9877,405.200000000,413.670000000,402.350000000,412.380000000,13259363,SPY
2023-02-02T00:00:00.000000000Z,35,2,9876,413.330000000,418.310000000,412.070000000,414.000000000,12432133,SPY
2023-02-03T00:00:00.000000000Z,35,2,9867,413.310000000,416.960000000,410.840000000,411.960000000,11007236,SPY
2023-02-06T00:00:00.000000000Z,35,2,9864,410.220000000,411.300000000,408.100000000,410.670000000,7153092,SPY
2023-02-07T00:00:00.000000000Z,35,2,9866,410.010000000,416.490000000,407.570000000,414.530000000,11783635,SPY
2023-02-08T00:00:00.000000000Z,35,2,9867,414.330000000,414.610000000,409.940000000,411.160000000,9405824,SPY
2023-02-09T00:00:00.000000000Z,35,2,9866,413.730000000,414.960000000,405.810000000,407.260000000,9573033,SPY
2023-02-10T00:00:00.000000000Z,35,2,9868,407.430000000,408.440000000,404.110000000,407.980000000,8810335,SPY
2023-02-13T00:00:00.000000000Z,35,2,9862,408.080000000,413.090000000,407.740000000,412.880000000,7697618,SPY
2023-02-14T00:00:00.000000000Z,35,2,9861,412.660000000,416.560000000,408.515000000,412.000000000,11214655,SPY
2023-02-15T00:00:00.000000000Z,35,2,9855,411.170000000,414.270000000,409.480000000,414.000000000,7488308,SPY
2023-02-16T00:00:00.000000000Z,35,2,9846,414.270000000,414.770000000,407.080000000,407.140000000,10737643,SPY
2023-02-17T00:00:00.000000000Z,35,2,9843,405.790000000,407.510000000,404.060000000,407.200000000,11229680,SPY
2023-02-21T00:00:00.000000000Z,35,2,9838,403.620000000,405.300000000,398.820000000,399.600000000,10471535,SPY
2023-02-22T00:00:00.000000000Z,35,2,9835,399.270000000,401.130000000,397.015000000,399.600000000,10668528,SPY
2023-02-23T00:00:00.000000000Z,35,2,9832,400.610000000,402.190000000,396.250000000,399.990000000,14174261,SPY
2023-02-24T00:00:00.000000000Z,35,2,9832,399.590000000,399.890000000,393.645000000,396.250000000,13456332,SPY
2023-02-27T00:00:00.000000000Z,35,2,9822,397.880000000,401.290000000,396.760000000,398.070000000,11111231,SPY
2023-02-28T00:00:00.000000000Z,35,2,9822,397.020000000,399.310000000,395.190000000,395.380000000,12753431,SPY
2023-03-01T00:00:00.000000000Z,35,2,9820,397.460000000,398.100000000,393.380000000,394.990000000,12275487,SPY
2023-03-02T00:00:00.000000000Z,35,2,9817,392.740000000,398.690000000,391.910000000,397.090000000,11384840,SPY
2023-03-03T00:00:00.000000000Z,35,2,9815,397.680000000,404.640000000,397.680000000,404.640000000,12256817,SPY
2023-03-06T00:00:00.000000000Z,35,2,9808,404.570000000,407.450000000,403.560000000,404.760000000,10071508,SPY
2023-03-07T00:00:00.000000000Z,35,2,9803,405.340000000,405.680000000,397.625000000,398.450000000,15994390,SPY
2023-03-08T00:00:00.000000000Z,35,2,9796,398.820000000,399.700000000,396.590000000,398.850000000,10465903,SPY
2023-03-09T00:00:00.000000000Z,35,2,9798,398.180000000,401.480000000,390.300000000,390.690000000,15378597,SPY
2023-03-10T00:00:00.000000000Z,35,2,9793,389.220000000,393.790000000,384.330000000,386.850000000,24849533,SPY
2023-03-13T00:00:00.000000000Z,35,2,9771,391.670000000,391.760000000,380.500000000,385.750000000,25110120,SPY
2023-03-14T00:00:00.000000000Z,35,2,9774,386.840000000,393.450000000,384.780000000,391.630000000,21929289,SPY
2023-03-15T00:00:00.000000000Z,35,2,9770,391.940000000,392.420000000,383.350000000,388.770000000,26523727,SPY
2023-03-16T00:00:00.000000000Z,35,2,9763,390.570000000,396.510000000,386.290000000,396.000000000,20719379,SPY
2023-03-17T00:00:00.000000000Z,35,2,9762,394.910000000,395.900000000,388.555000000,391.050000000,17848392,SPY
2023-03-20T00:00:00.000000000Z,35,2,9758,387.730000000,394.170000000,385.230000000,393.660000000,14629727,SPY
2023-03-21T00:00:00.000000000Z,35,2,9757,394.670000000,399.410000000,394.330000000,398.890000000,11887705,SPY
2023-03-22T00:00:00.000000000Z,35,2,9761,397.880000000,402.490000000,391.890000000,392.740000000,19468819,SPY
2023-03-23T00:00:00.000000000Z,35,2,9760,395.040000000,399.290000000,390.360000000,393.840000000,18199181,SPY
2023-03-24T00:00:00.000000000Z,35,2,9757,394.820000000,396.550000000,389.340000000,396.480000000,15806719,SPY
2023-03-27T00:00:00.000000000Z,35,2,9744,395.840000000,398.920000000,395.565000000,397.020000000,11086223,SPY
2023-03-28T00:00:00.000000000Z,35,2,9738,396.430000000,396.720000000,393.690000000,396.670000000,9176532,SPY
2023-03-29T00:00:00.000000000Z,35,2,9739,398.840000000,401.600000000,398.520000000,400.930000000,11106202,SPY
2023-03-30T00:00:00.000000000Z,35,2,9744,402.660000000,404.340000000,401.760000000,404.200000000,10342931,SPY
2023-03-31T00:00:00.000000000Z,35,2,9725,403.810000000,409.850000000,403.670000000,409.760000000,15536783,SPY
2023-04-03T00:00:00.000000000Z,35,2,9725,409.180000000,411.365000000,408.370000000,410.590000000,11137028,SPY
2023-04-04T00:00:00.000000000Z,35,2,9724,410.740000000,412.710000000,407.240000000,409.090000000,11184190,SPY
2023-04-05T00:00:00.000000000Z,35,2,9722,408.300000000,408.670000000,405.890000000,407.280000000,9941512,SPY
2023-04-06T00:00:00.000000000Z,35,2,9719,407.620000000,409.470000000,405.680000000,408.780000000,9845338,SPY
2023-04-10T00:00:00.000000000Z,35,2,9716,409.060000000,410.150000000,405.970000000,410.130000000,10047413,SPY
2023-04-11T00:00:00.000000000Z,35,2,9713,409.960000000,411.180000000,408.930000000,409.900000000,8444102,SPY
2023-04-12T00:00:00.000000000Z,35,2,9710,409.900000000,413.750000000,407.170000000,407.200000000,13583398,SPY
2023-04-13T00:00:00.000000000Z,35,2,9708,408.960000000,413.835000000,408.030000000,413.100000000,11543775,SPY
2023-04-14T00:00:00.000000000Z,35,2,9705,413.270000000,415.085000000,410.065000000,413.130000000,12263764,SPY
2023-04-17T00:00:00.000000000Z,35,2,9697,413.440000000,414.280000000,411.085000000,413.860000000,9686352,SPY
2023-04-18T00:00:00.000000000Z,35,2,9699,414.200000000,416.060000000,412.790000000,413.880000000,9857987,SPY
2023-04-19T00:00:00.000000000Z,35,2,9696,413.030000000,415.070000000,411.480000000,412.940000000,9339280,SPY
2023-04-20T00:00:00.000000000Z,35,2,9699,411.530000000,413.700000000,410.270000000,411.660000000,10178172,SPY
2023-04-21T00:00:00.000000000Z,35,2,9698,411.480000000,412.680000000,410.180000000,412.030000000,9460089,SPY
2023-04-24T00:00:00.000000000Z,35,2,9695,410.730000000,413.065000000,410.550000000,412.260000000,8908654,SPY
2023-04-25T00:00:00.000000000Z,35,2,9687,410.630000000,411.150000000,405.960000000,407.920000000,13842974,SPY
2023-04-26T00:00:00.000000000Z,35,2,9685,407.460000000,407.980000000,403.780000000,405.400000000,12595544,SPY
2023-04-27T00:00:00.000000000Z,35,2,9680,406.620000000,413.570000000,406.010000000,411.850000000,14074345,SPY
2023-04-28T00:00:00.000000000Z,35,2,9677,411.310000000,416.310000000,410.220000000,416.180000000,12318080,SPY
2023-05-01T00:00:00.000000000Z,35,2,9668,416.150000000,417.610000000,414.800000000,415.010000000,9437262,SPY
2023-05-02T00:00:00.000000000Z,35,2,9667,415.380000000,415.390000000,407.820000000,410.990000000,15137862,SPY
2023-05-03T00:00:00.000000000Z,35,2,9660,411.390000000,413.870000000,405.010000000,406.590000000,16405847,SPY
2023-05-04T00:00:00.000000000Z,35,2,9661,408.780000000,408.780000000,403.740000000,406.330000000,13859014,SPY
2023-05-05T00:00:00.000000000Z,35,2,9657,406.540000000,413.720000000,406.260000000,412.250000000,12288292,SPY
2023-05-08T00:00:00.000000000Z,35,2,9657,412.670000000,413.600000000,411.290000000,412.510000000,8172044,SPY
2023-05-09T00:00:00.000000000Z,35,2,9655,411.990000000,412.180000000,410.690000000,411.350000000,6810872,SPY
2023-05-10T00:00:00.000000000Z,35,2,9654,410.000000000,414.910000000,408.870000000,413.340000000,15062584,SPY
2023-05-11T00:00:00.000000000Z,35,2,9658,414.290000000,414.540000000,409.970000000,412.430000000,9834372,SPY
2023-05-12T00:00:00.000000000Z,35,2,9657,413.220000000,414.250000000,409.075000000,410.840000000,9066314,SPY
2023-05-15T00:00:00.000000000Z,35,2,9653,413.220000000,413.500000000,410.230000000,412.560000000,8229476,SPY
2023-05-16T00:00:00.000000000Z,35,2,9654,412.840000000,412.890000000,409.980000000,410.810000000,8360455,SPY
2023-05-17T00:00:00.000000000Z,35,2,9655,410.760000000,415.860000000,410.635000000,414.960000000,11503661,SPY
2023-05-18T00:00:00.000000000Z,35,2,9654,415.730000000,420.650000000,414.320000000,419.890000000,14319069,SPY
2023-05-19T00:00:00.000000000Z,35,2,9653,419.830000000,420.860000000,417.350000000,418.600000000,12247686,SPY
2023-05-22T00:00:00.000000000Z,35,2,9655,418.480000000,420.390000000,417.350000000,419.940000000,9617806,SPY
2023-05-23T00:00:00.000000000Z,35,2,9657,418.490000000,418.790000000,413.680000000,414.730000000,12634930,SPY
2023-05-24T00:00:00.000000000Z,35,2,9652,413.080000000,414.400000000,409.880000000,412.900000000,12249368,SPY
2023-05-25T00:00:00.000000000Z,35,2,9655,412.670000000,416.160000000,412.420000000,413.880000000,13706925,SPY
2023-05-26T00:00:00.000000000Z,35,2,9654,413.800000000,421.000000000,413.800000000,420.600000000,12523482,SPY
2023-05-30T00:00:00.000000000Z,35,2,9644,421.560000000,422.990000000,418.740000000,420.290000000,10330411,SPY
2023-05-31T00:00:00.000000000Z,35,2,9643,419.260000000,419.800000000,416.230000000,418.420000000,14905841,SPY
2023-06-01T00:00:00.000000000Z,35,2,9637,418.580000000,422.910000000,416.790000000,422.000000000,13294684,SPY
2023-06-02T00:00:00.000000000Z,35,2,9632,423.190000000,428.730000000,422.380000000,428.020000000,12928885,SPY
2023-06-05T00:00:00.000000000Z,35,2,9627,428.030000000,429.620000000,426.370000000,426.640000000,9179575,SPY
2023-06-06T00:00:00.000000000Z,35,2,9623,427.360000000,428.575000000,425.995000000,428.480000000,8672888,SPY
2023-06-07T00:00:00.000000000Z,35,2,9623,427.550000000,429.610000000,426.120000000,426.620000000,11241557,SPY
2023-06-08T00:00:00.000000000Z,35,2,9622,426.530000000,429.600000000,425.820000000,428.820000000,10021177,SPY
2023-06-09T00:00:00.000000000Z,35,2,9595,428.400000000,431.990000000,428.170000000,429.900000000,12062026,SPY
2023-06-12T00:00:00.000000000Z,35,2,9595,431.380000000,434.150000000,430.180000000,433.800000000,11049039,SPY
2023-06-13T00:00:00.000000000Z,35,2,9594,434.750000000,437.330000000,433.140000000,436.770000000,13341712,SPY
2023-06-14T00:00:00.000000000Z,35,2,9597,437.560000000,439.060000000,433.590000000,437.260000000,12917520,SPY
2023-06-15T00:00:00.000000000Z,35,2,9593,436.990000000,443.890000000,434.940000000,441.880000000,13897922,SPY
2023-06-16T00:00:00.000000000Z,35,2,9584,440.560000000,443.170000000,438.970000000,439.500000000,11138982,SPY
2023-06-20T00:00:00.000000000Z,35,2,9569,438.690000000,438.710000000,435.040000000,437.420000000,9889696,SPY
2023-06-21T00:00:00.000000000Z,35,2,9567,437.010000000,437.640000000,434.335000000,435.000000000,10397664,SPY
2023-06-22T00:00:00.000000000Z,35,2,9568,433.830000000,436.880000000,433.480000000,436.680000000,8510838,SPY
2023-06-23T00:00:00.000000000Z,35,2,9567,434.530000000,435.060000000,432.480000000,432.790000000,10306850,SPY
2023-06-26T00:00:00.000000000Z,35,2,9549,432.780000000,434.610000000,431.190000000,432.250000000,10658982,SPY
2023-06-27T00:00:00.000000000Z,35,2,9552,432.470000000,436.810000000,431.590000000,435.450000000,9146749,SPY
2023-06-28T00:00:00.000000000Z,35,2,9560,435.420000000,437.430000000,434.410000000,436.950000000,10041740,SPY
2023-06-29T00:00:00.000000000Z,35,2,9565,436.300000000,438.400000000,435.580000000,438.300000000,9540933,SPY
2023-06-30T00:00:00.000000000Z,35,2,9569,438.760000000,444.300000000,438.700000000,442.870000000,15217655,SPY
2023-07-03T00:00:00.000000000Z,35,2,9563,443.610000000,444.090000000,442.630000000,443.870000000,4592504,SPY
2023-07-05T00:00:00.000000000Z,35,2,9560,443.180000000,443.880000000,441.480000000,442.830000000,7052446,SPY
2023-07-06T00:00:00.000000000Z,35,2,9557,441.470000000,441.750000000,437.060000000,439.490000000,11675676,SPY
2023-07-07T00:00:00.000000000Z,35,2,9553,438.970000000,442.640000000,438.290000000,438.650000000,12291623,SPY
2023-07-10T00:00:00.000000000Z,35,2,9545,437.090000000,439.900000000,437.040000000,439.680000000,7206367,SPY
2023-07-11T00:00:00.000000000Z,35,2,9544,439.640000000,442.970000000,439.140000000,442.420000000,8982178,SPY
2023-07-12T00:00:00.000000000Z,35,2,9540,443.110000000,447.470000000,443.060000000,446.400000000,12401889,SPY
2023-07-13T00:00:00.000000000Z,35,2,9542,447.330000000,450.375000000,447.090000000,449.370000000,9530129,SPY
2023-07-14T00:00:00.000000000Z,35,2,9539,449.430000000,451.360000000,448.490000000,449.140000000,8408098,SPY
2023-07-17T00:00:00.000000000Z,35,2,9537,449.220000000,451.930000000,448.250000000,450.290000000,7094340,SPY
2023-07-18T00:00:00.000000000Z,35,2,9537,450.790000000,454.860000000,450.000000000,454.050000000,11258709,SPY
2023-07-19T00:00:00.000000000Z,35,2,9536,454.090000000,456.430000000,453.690000000,454.000000000,8980925,SPY
2023-07-20T00:00:00.000000000Z,35,2,9534,454.750000000,455.090000000,451.450000000,452.250000000,9595457,SPY
2023-07-21T00:00:00.000000000Z,35,2,9530,453.000000000,454.740000000,451.870000000,451.950000000,8975111,SPY
2023-07-24T00:00:00.000000000Z,35,2,9523,453.060000000,455.030000000,452.720000000,454.310000000,6717946,SPY
2023-07-25T00:00:00.000000000Z,35,2,9521,454.490000000,456.730000000,453.840000000,455.320000000,6724120,SPY
2023-07-26T00:00:00.000000000Z,35,2,9518,455.780000000,456.980000000,453.380000000,455.600000000,10250363,SPY
2023-07-27T00:00:00.000000000Z,35,2,9518,457.810000000,459.550000000,451.560000000,452.740000000,11826476,SPY
2023-07-28T00:00:00.000000000Z,35,2,9514,454.230000000,457.770000000,453.690000000,457.080000000,11272514,SPY
2023-07-31T00:00:00.000000000Z,35,2,9513,456.630000000,458.160000000,456.050000000,457.810000000,7901097,SPY
2023-08-01T00:00:00.000000000Z,35,2,9518,457.230000000,457.250000000,453.650000000,454.980000000,7127828,SPY
2023-08-02T00:00:00.000000000Z,35,2,9512,452.720000000,454.770000000,449.350000000,450.850000000,12536990,SPY
2023-08-03T00:00:00.000000000Z,35,2,9513,448.060000000,451.130000000,447.370000000,449.870000000,8836616,SPY
2023-08-04T00:00:00.000000000Z,35,2,9510,451.040000000,452.890000000,446.270000000,446.890000000,14107822,SPY
2023-08-07T00:00:00.000000000Z,35,2,9505,449.020000000,451.070000000,447.440000000,450.720000000,8623333,SPY
2023-08-08T00:00:00.000000000Z,35,2,9506,449.820000000,449.870000000,445.280000000,448.650000000,9612983,SPY
2023-08-09T00:00:00.000000000Z,35,2,9507,450.020000000,450.630000000,444.970000000,446.800000000,12027427,SPY
2023-08-10T00:00:00.000000000Z,35,2,9508,448.450000000,451.700000000,444.710000000,446.440000000,14201154,SPY
2023-08-11T00:00:00.000000000Z,35,2,9503,446.250000000,446.700000000,443.360000000,445.820000000,11282657,SPY
2023-08-14T00:00:00.000000000Z,35,2,9496,447.150000000,448.790000000,444.380000000,448.510000000,8225681,SPY
2023-08-15T00:00:00.000000000Z,35,2,9496,446.030000000,446.640000000,442.310000000,443.150000000,11071309,SPY
2023-08-16T00:00:00.000000000Z,35,2,9492,443.750000000,444.340000000,439.390000000,439.540000000,11391400,SPY
2023-08-17T00:00:00.000000000Z,35,2,9497,440.200000000,441.510000000,435.550000000,436.070000000,11962169,SPY
2023-08-18T00:00:00.000000000Z,35,2,9495,435.870000000,437.565000000,433.010000000,436.160000000,13726912,SPY
2023-08-21T00:00:00.000000000Z,35,2,9503,437.740000000,440.110000000,435.320000000,438.650000000,10441425,SPY
2023-08-22T00:00:00.000000000Z,35,2,9509,440.630000000,442.060000000,437.570000000,438.190000000,10403678,SPY
2023-08-23T00:00:00.000000000Z,35,2,9511,439.870000000,445.790000000,438.200000000,445.090000000,10481440,SPY
2023-08-24T00:00:00.000000000Z,35,2,9502,445.800000000,446.320000000,436.290000000,437.190000000,17131716,SPY
2023-08-25T00:00:00.000000000Z,35,2,9499,437.520000000,441.290000000,435.000000000,439.650000000,16484726,SPY
2023-08-28T00:00:00.000000000Z,35,2,9490,440.320000000,443.400000000,440.210000000,442.830000000,10614947,SPY
2023-08-29T00:00:00.000000000Z,35,2,9488,442.680000000,449.620000000,441.950000000,449.450000000,13405265,SPY
2023-08-30T00:00:00.000000000Z,35,2,9490,449.290000000,451.670000000,448.290000000,451.080000000,11706424,SPY
2023-08-31T00:00:00.000000000Z,35,2,9488,451.920000000,452.980000000,450.170000000,450.650000000,11190099,SPY
2023-09-01T00:00:00.000000000Z,35,2,9480,451.580000000,453.670000000,449.680000000,450.920000000,10075137,SPY
2023-09-05T00:00:00.000000000Z,35,2,9477,449.590000000,451.060000000,448.900000000,449.170000000,9494722,SPY
2023-09-06T00:00:00.000000000Z,35,2,9476,447.980000000,448.650000000,443.810000000,446.100000000,13140408,SPY
2023-09-07T00:00:00.000000000Z,35,2,9473,445.480000000,445.700000000,442.750000000,445.050000000,13249195,SPY
2023-09-08T00:00:00.000000000Z,35,2,9472,445.620000000,447.110000000,443.780000000,445.110000000,9703975,SPY
2023-09-11T00:00:00.000000000Z,35,2,9470,447.470000000,448.770000000,446.470000000,448.050000000,10578661,SPY
2023-09-12T00:00:00.000000000Z,35,2,9473,447.500000000,448.530000000,445.395000000,446.010000000,11651362,SPY
2023-09-13T00:00:00.000000000Z,35,2,9472,445.990000000,447.700000000,444.200000000,447.000000000,11940686,SPY
2023-09-14T00:00:00.000000000Z,35,2,9475,447.580000000,451.070000000,447.210000000,450.670000000,13121452,SPY
2023-09-15T00:00:00.000000000Z,35,2,9482,449.390000000,449.590000000,442.920000000,443.290000000,17140620,SPY
2023-09-18T00:00:00.000000000Z,35,2,9486,444.090000000,444.960000000,442.350000000,443.880000000,9708630,SPY
2023-09-19T00:00:00.000000000Z,35,2,9492,444.100000000,444.560000000,439.940000000,442.860000000,11753581,SPY
2023-09-20T00:00:00.000000000Z,35,2,9499,442.750000000,444.450000000,437.870000000,437.870000000,14068627,SPY
2023-09-21T00:00:00.000000000Z,35,2,9504,437.740000000,437.880000000,430.800000000,431.110000000,17911685,SPY
2023-09-22T00:00:00.000000000Z,35,2,9505,431.830000000,434.090000000,429.990000000,430.650000000,18139027,SPY
2023-09-25T00:00:00.000000000Z,35,2,9497,431.880000000,432.640000000,428.250000000,432.120000000,12019259,SPY
2023-09-26T00:00:00.000000000Z,35,2,9490,429.870000000,431.030000000,425.020000000,426.550000000,16821047,SPY
2023-09-27T00:00:00.000000000Z,35,2,9496,428.000000000,428.100000000,422.290000000,426.660000000,17153456,SPY
2023-09-28T00:00:00.000000000Z,35,2,9502,426.280000000,430.240000000,424.870000000,428.670000000,14941096,SPY
2023-09-29T00:00:00.000000000Z,35,2,9502,430.260000000,432.000000000,425.910000000,427.450000000,19874097,SPY
2023-10-02T00:00:00.000000000Z,35,2,9512,429.780000000,430.180000000,424.460000000,427.380000000,16167253,SPY
2023-10-03T00:00:00.000000000Z,35,2,9513,427.460000000,428.480000000,420.190000000,421.580000000,18671762,SPY
2023-10-04T00:00:00.000000000Z,35,2,9513,420.440000000,425.430000000,420.100000000,424.140000000,17255591,SPY
2023-10-05T00:00:00.000000000Z,35,2,9513,424.060000000,425.450000000,421.180000000,423.920000000,12258490,SPY
2023-10-06T00:00:00.000000000Z,35,2,9515,424.780000000,431.120000000,419.730000000,430.200000000,21501745,SPY
2023-10-09T00:00:00.000000000Z,35,2,9511,426.120000000,432.880000000,425.910000000,432.260000000,12685082,SPY
2023-10-10T00:00:00.000000000Z,35,2,9508,432.610000000,437.210000000,432.020000000,434.620000000,14682640,SPY
2023-10-11T00:00:00.000000000Z,35,2,9512,434.730000000,437.360000000,433.180000000,437.360000000,11568464,SPY
2023-10-12T00:00:00.000000000Z,35,2,9507,437.600000000,438.600000000,431.240000000,433.940000000,14427179,SPY
2023-10-13T00:00:00.000000000Z,35,2,9504,434.610000000,436.450000000,429.880000000,430.510000000,15473919,SPY
2023-10-16T00:00:00.000000000Z,35,2,9493,431.950000000,437.140000000,431.300000000,436.080000000,13268362,SPY
2023-10-17T00:00:00.000000000Z,35,2,9488,435.970000000,438.140000000,432.450000000,435.050000000,14630927,SPY
2023-10-18T00:00:00.000000000Z,35,2,9484,435.180000000,435.600000000,429.090000000,430.400000000,17573396,SPY
2023-10-19T00:00:00.000000000Z,35,2,9494,428.930000000,432.820000000,425.320000000,425.790000000,25604988,SPY
2023-10-20T00:00:00.000000000Z,35,2,9489,425.600000000,426.730000000,420.600000000,420.800000000,20509702,SPY
2023-10-23T00:00:00.000000000Z,35,2,9482,420.410000000,424.440000000,417.800000000,421.800000000,16657839,SPY
2023-10-24T00:00:00.000000000Z,35,2,9477,421.910000000,425.490000000,420.740000000,423.300000000,13172478,SPY
2023-10-25T00:00:00.000000000Z,35,2,9472,421.940000000,422.940000000,415.310000000,415.720000000,15764672,SPY
2023-10-26T00:00:00.000000000Z,35,2,9474,415.210000000,417.325000000,411.630000000,414.860000000,20957883,SPY
2023-10-27T00:00:00.000000000Z,35,2,9478,414.570000000,415.360000000,409.210000000,410.380000000,18990020,SPY
2023-10-30T00:00:00.000000000Z,35,2,9470,413.150000000,416.680000000,412.220000000,415.150000000,14560656,SPY
2023-10-31T00:00:00.000000000Z,35,2,9468,414.730000000,418.500000000,414.210000000,417.350000000,13155663,SPY
2023-11-01T00:00:00.000000000Z,35,2,9468,417.410000000,423.830000000,416.250000000,423.600000000,17333637,SPY
2023-11-02T00:00:00.000000000Z,35,2,9472,423.950000000,431.010000000,423.780000000,429.890000000,15014530,SPY
2023-11-03T00:00:00.000000000Z,35,2,9471,430.140000000,436.300000000,429.850000000,435.270000000,14751641,SPY
2023-11-06T00:00:00.000000000Z,35,2,9466,435.440000000,436.140000000,433.675000000,434.880000000,11517908,SPY
2023-11-07T00:00:00.000000000Z,35,2,9464,435.000000000,437.585000000,433.940000000,436.760000000,11070269,SPY
2023-11-08T00:00:00.000000000Z,35,2,9461,436.690000000,438.090000000,434.870000000,436.610000000,9728970,SPY
2023-11-09T00:00:00.000000000Z,35,2,9463,437.490000000,438.810000000,433.400000000,433.630000000,12823070,SPY
2023-11-10T00:00:00.000000000Z,35,2,9459,434.440000000,441.090000000,433.310000000,439.960000000,13062439,SPY
2023-11-13T00:00:00.000000000Z,35,2,9453,439.570000000,441.320000000,438.420000000,440.380000000,7069787,SPY
2023-11-14T00:00:00.000000000Z,35,2,9456,440.880000000,450.055000000,439.920000000,449.350000000,14488350,SPY
2023-11-15T00:00:00.000000000Z,35,2,9456,450.570000000,451.760000000,448.810000000,449.360000000,11761796,SPY
2023-11-16T00:00:00.000000000Z,35,2,9452,449.600000000,450.840000000,448.120000000,450.380000000,11569758,SPY
2023-11-17T00:00:00.000000000Z,35,2,9445,451.240000000,451.940000000,449.300000000,450.250000000,9266426,SPY
2023-11-20T00:00:00.000000000Z,35,2,9449,450.510000000,455.125000000,450.430000000,454.410000000,10507972,SPY
2023-11-21T00:00:00.000000000Z,35,2,9446,454.050000000,454.200000000,451.900000000,452.730000000,8524256,SPY
2023-11-22T00:00:00.000000000Z,35,2,9447,453.440000000,456.380000000,453.330000000,454.710000000,9619409,SPY
2023-11-24T00:00:00.000000000Z,35,2,9445,455.250000000,455.780000000,454.730000000,455.390000000,3547353,SPY
2023-11-27T00:00:00.000000000Z,35,2,9446,454.620000000,455.490000000,454.050000000,454.810000000,7783258,SPY
2023-11-28T00:00:00.000000000Z,35,2,15144,454.120000000,456.260000000,453.300000000,455.020000000,9755551,SPY
2023-11-29T00:00:00.000000000Z,35,2,15144,455.950000000,458.310000000,454.210000000,454.880000000,9295756,SPY
2023-11-30T00:00:00.000000000Z,35,2,15144,455.080000000,456.755000000,453.340000000,456.090000000,12854404,SPY
2023-12-01T00:00:00.000000000Z,35,2,15144,457.070000000,459.890000000,455.180000000,459.740000000,13135501,SPY
2023-12-04T00:00:00.000000000Z,35,2,15144,458.210000000,458.230000000,454.360000000,455.950000000,11892117,SPY
2023-12-05T00:00:00.000000000Z,35,2,15144,455.680000000,457.590000000,454.630000000,456.740000000,11005395,SPY
2023-12-06T00:00:00.000000000Z,35,2,15144,457.630000000,458.930000000,454.310000000,454.510000000,10090956,SPY
2023-12-07T00:00:00.000000000Z,35,2,15144,454.450000000,458.890000000,454.200000000,457.760000000,9712603,SPY
2023-12-08T00:00:00.000000000Z,35,2,15144,458.080000000,460.745000000,455.710000000,460.400000000,11472285,SPY
2023-12-11T00:00:00.000000000Z,35,2,15144,459.790000000,462.165000000,459.410000000,462.030000000,9541097,SPY
2023-12-12T00:00:00.000000000Z,35,2,15144,462.250000000,464.800000000,460.600000000,464.710000000,8690129,SPY
2023-12-13T00:00:00.000000000Z,35,2,15144,464.850000000,471.310000000,464.120000000,471.310000000,11623632,SPY
2023-12-14T00:00:00.000000000Z,35,2,15144,472.060000000,473.720000000,469.250000000,471.690000000,14574698,SPY
2023-12-15T00:00:00.000000000Z,35,2,15144,471.240000000,471.650000000,468.440000000,469.950000000,15123053,SPY
2023-12-18T00:00:00.000000000Z,35,2,15144,470.610000000,472.970000000,470.120000000,471.790000000,8356300,SPY
2023-12-19T00:00:00.000000000Z,35,2,15144,472.360000000,474.920000000,472.320000000,474.600000000,7938109,SPY
2023-12-20T00:00:00.000000000Z,35,2,15144,474.410000000,475.890000000,467.360000000,468.860000000,13627821,SPY
2023-12-21T00:00:00.000000000Z,35,2,15144,470.710000000,472.990000000,468.840000000,472.590000000,11002594,SPY
2023-12-22T00:00:00.000000000Z,35,2,15144,472.100000000,475.380000000,471.700000000,473.190000000,8888305,SPY
2023-12-26T00:00:00.000000000Z,35,2,15144,474.410000000,476.580000000,473.830000000,475.810000000,6626877,SPY
2023-12-27T00:00:00.000000000Z,35,2,15144,475.690000000,476.690000000,474.895000000,476.550000000,8328926,SPY
2023-12-28T00:00:00.000000000Z,35,2,15144,477.060000000,477.540000000,476.260000000,477.000000000,7473099,SPY
2023-12-29T00:00:00.000000000Z,35,2,15144,477.380000000,477.460000000,473.310000000,475.250000000,14702435,SPY
2024-01-02T00:00:00.000000000Z,35,2,15144,476.370000000,476.370000000,470.490000000,472.640000000,16338649,SPY
2024-01-03T00:00:00.000000000Z,35,2,15144,472.150000000,472.220000000,468.170000000,469.080000000,15480355,SPY
2024-01-04T00:00:00.000000000Z,35,2,15144,469.440000000,470.960000000,467.050000000,467.840000000,11343706,SPY
2024-01-05T00:00:00.000000000Z,35,2,15144,466.840000000,470.430000000,464.660000000,468.350000000,12943270,SPY
2024-01-08T00:00:00.000000000Z,35,2,15144,467.500000000,474.750000000,466.150000000,474.210000000,12511240,SPY
2024-01-09T00:00:00.000000000Z,35,2,15144,473.450000000,474.930000000,471.355000000,473.770000000,10012367,SPY
2024-01-10T00:00:00.000000000Z,35,2,15144,473.950000000,477.440000000,473.400000000,476.800000000,10888150,SPY
2024-01-11T00:00:00.000000000Z,35,2,15144,478.390000000,478.750000000,472.270000000,476.050000000,12271716,SPY
2024-01-12T00:00:00.000000000Z,35,2,15144,476.670000000,478.600000000,474.170000000,475.700000000,9688662,SPY
2024-01-16T00:00:00.000000000Z,35,2,15144,474.360000000,476.600000000,473.070000000,475.080000000,11543334,SPY
2024-01-17T00:00:00.000000000Z,35,2,15144,472.640000000,473.630000000,469.870000000,472.200000000,11413023,SPY
2024-01-18T00:00:00.000000000Z,35,2,15144,472.640000000,477.050000000,472.430000000,476.880000000,11784740,SPY
2024-01-19T00:00:00.000000000Z,35,2,15144,477.840000000,482.750000000,476.940000000,482.440000000,13600135,SPY
2024-01-22T00:00:00.000000000Z,35,2,15144,483.600000000,485.215000000,482.790000000,483.630000000,12463545,SPY
2024-01-23T00:00:00.000000000Z,35,2,15144,483.360000000,485.910000000,482.890000000,485.830000000,8513554,SPY
2024-01-24T00:00:00.000000000Z,35,2,15144,486.850000000,488.770000000,484.410000000,485.340000000,14321676,SPY
2024-01-25T00:00:00.000000000Z,35,2,15144,485.770000000,488.300000000,485.390000000,487.090000000,12322544,SPY
2024-01-26T00:00:00.000000000Z,35,2,15144,486.280000000,489.120000000,486.020000000,486.950000000,10195389,SPY
2024-01-29T00:00:00.000000000Z,35,2,15144,487.750000000,491.415000000,487.170000000,491.090000000,8836877,SPY
2024-01-30T00:00:00.000000000Z,35,2,15144,491.230000000,491.620000000,488.150000000,488.910000000,9413071,SPY
2024-01-31T00:00:00.000000000Z,35,2,15144,489.430000000,489.650000000,482.700000000,483.700000000,18284038,SPY
2024-02-01T00:00:00.000000000Z,35,2,15144,484.830000000,492.610000000,483.810000000,491.640000000,14703867,SPY
2024-02-02T00:00:00.000000000Z,35,2,15144,492.130000000,496.040000000,488.950000000,494.270000000,13981375,SPY
2024-02-05T00:00:00.000000000Z,35,2,15144,493.660000000,494.180000000,490.230000000,492.170000000,10781658,SPY
2024-02-06T00:00:00.000000000Z,35,2,15144,493.080000000,494.320000000,492.020000000,493.790000000,9328663,SPY
2024-02-07T00:00:00.000000000Z,35,2,15144,493.960000000,498.530000000,493.500000000,497.900000000,10942290,SPY
2024-02-08T00:00:00.000000000Z,35,2,15144,497.990000000,498.700000000,497.250000000,498.250000000,8669585,SPY
2024-02-09T00:00:00.000000000Z,35,2,15144,498.960000000,501.650000000,498.490000000,501.000000000,10574436,SPY
2024-02-12T00:00:00.000000000Z,35,2,15144,500.980000000,503.500000000,500.040000000,500.550000000,8300421,SPY
2024-02-13T00:00:00.000000000Z,35,2,15144,499.560000000,500.000000000,490.720000000,494.260000000,15647340,SPY
2024-02-14T00:00:00.000000000Z,35,2,15144,495.330000000,499.330000000,494.400000000,498.950000000,11422396,SPY
2024-02-15T00:00:00.000000000Z,35,2,15144,500.120000000,502.500000000,498.800000000,502.200000000,10517853,SPY
2024-02-16T00:00:00.000000000Z,35,2,15144,502.750000000,503.300000000,498.510000000,498.760000000,10977951,SPY
2024-02-20T00:00:00.000000000Z,35,2,15144,498.420000000,498.750000000,494.460000000,496.330000000,10882163,SPY
2024-02-21T00:00:00.000000000Z,35,2,15144,495.370000000,499.740000000,493.560000000,499.680000000,8927100,SPY
2024-02-22T00:00:00.000000000Z,35,2,15144,503.080000000,508.480000000,502.440000000,507.750000000,12491993,SPY
2024-02-23T00:00:00.000000000Z,35,2,15144,507.370000000,510.130000000,507.070000000,507.160000000,9456638,SPY
2024-02-26T00:00:00.000000000Z,35,2,15144,507.140000000,508.740000000,505.600000000,505.910000000,8047291,SPY
2024-02-27T00:00:00.000000000Z,35,2,15144,505.810000000,507.300000000,504.750000000,506.760000000,7500094,SPY
2024-02-28T00:00:00.000000000Z,35,2,15144,505.770000000,506.855000000,504.520000000,505.050000000,8378591,SPY
2024-02-29T00:00:00.000000000Z,35,2,15144,505.260000000,509.740000000,504.650000000,508.080000000,13111639,SPY
2024-03-01T00:00:00.000000000Z,35,2,15144,509.120000000,513.280000000,507.390000000,512.050000000,10403659,SPY
2024-03-04T00:00:00.000000000Z,35,2,15144,512.740000000,514.190000000,511.500000000,511.550000000,8599563,SPY
2024-03-05T00:00:00.000000000Z,35,2,15144,510.760000000,511.240000000,504.910000000,507.350000000,11564221,SPY
2024-03-06T00:00:00.000000000Z,35,2,15144,508.570000000,512.060000000,508.410000000,509.650000000,12460470,SPY
2024-03-07T00:00:00.000000000Z,35,2,15144,508.810000000,515.890000000,508.700000000,514.690000000,10811101,SPY
2024-03-08T00:00:00.000000000Z,35,2,15144,515.770000000,518.220000000,511.130000000,511.720000000,14447766,SPY
2024-03-11T00:00:00.000000000Z,35,2,15144,511.360000000,512.640000000,508.510000000,512.640000000,10300606,SPY
2024-03-12T00:00:00.000000000Z,35,2,15144,513.340000000,517.380000000,510.440000000,517.040000000,12475059,SPY
2024-03-13T00:00:00.000000000Z,35,2,15144,517.270000000,517.470000000,514.490000000,516.570000000,8904044,SPY
2024-03-14T00:00:00.000000000Z,35,2,15144,517.430000000,518.310000000,511.825000000,514.220000000,16495772,SPY
2024-03-15T00:00:00.000000000Z,35,2,15144,512.650000000,514.530000000,508.350000000,509.790000000,13874227,SPY
2024-03-18T00:00:00.000000000Z,35,2,15144,511.150000000,515.480000000,510.970000000,512.420000000,10546037,SPY
2024-03-19T00:00:00.000000000Z,35,2,15144,512.440000000,515.995000000,510.290000000,515.450000000,9476832,SPY
2024-03-20T00:00:00.000000000Z,35,2,15144,515.520000000,522.030000000,515.070000000,521.870000000,12873572,SPY
2024-03-21T00:00:00.000000000Z,35,2,15144,523.380000000,524.110000000,521.920000000,522.840000000,9386805,SPY
2024-03-22T00:00:00.000000000Z,35,2,15144,522.260000000,523.100000000,520.750000000,520.750000000,10096694,SPY
2024-03-25T00:00:00.000000000Z,35,2,15144,520.790000000,521.310000000,519.500000000,520.450000000,8430080,SPY
2024-03-26T00:00:00.000000000Z,35,2,15144,520.980000000,522.230000000,518.400000000,519.700000000,9149393,SPY
2024-03-27T00:00:00.000000000Z,35,2,15144,520.380000000,523.540000000,519.490000000,522.410000000,12661944,SPY
2024-03-28T00:00:00.000000000Z,35,2,15144,522.810000000,524.610000000,522.400000000,523.000000000,11775470,SPY
2024-04-01T00:00:00.000000000Z,35,2,15144,525.440000000,525.550000000,520.980000000,521.660000000,7811302,SPY
2024-04-02T00:00:00.000000000Z,35,2,15144,521.740000000,522.330000000,516.480000000,518.750000000,11663963,SPY
2024-04-03T00:00:00.000000000Z,35,2,15144,517.780000000,521.260000000,517.400000000,520.700000000,9938824,SPY
2024-04-04T00:00:00.000000000Z,35,2,15144,521.220000000,523.860000000,512.570000000,513.380000000,17837050,SPY
2024-04-05T00:00:00.000000000Z,35,2,15144,514.440000000,520.440000000,512.510000000,518.680000000,15195001,SPY
2024-04-08T00:00:00.000000000Z,35,2,15144,518.960000000,520.180000000,517.230000000,518.800000000,9251202,SPY
2024-04-09T00:00:00.000000000Z,35,2,15144,518.260000000,520.750000000,514.350000000,519.540000000,10945286,SPY
2024-04-10T00:00:00.000000000Z,35,2,15144,519.990000000,521.390000000,511.270000000,513.150000000,14893764,SPY
2024-04-11T00:00:00.000000000Z,35,2,15144,514.500000000,519.475000000,511.500000000,518.250000000,12698230,SPY
2024-04-12T00:00:00.000000000Z,35,2,15144,518.360000000,518.590000000,509.080000000,510.010000000,14813287,SPY
2024-04-15T00:00:00.000000000Z,35,2,15144,513.660000000,515.310000000,503.585000000,504.790000000,15424993,SPY
2024-04-16T00:00:00.000000000Z,35,2,15144,504.320000000,506.490000000,502.230000000,504.910000000,13121432,SPY
2024-04-17T00:00:00.000000000Z,35,2,15144,504.270000000,506.320000000,499.120000000,501.060000000,13526764,SPY
2024-04-18T00:00:00.000000000Z,35,2,15144,502.580000000,504.120000000,498.290000000,498.680000000,13334635,SPY
2024-04-19T00:00:00.000000000Z,35,2,15144,497.490000000,500.450000000,493.860000000,494.750000000,15947033,SPY
2024-04-22T00:00:00.000000000Z,35,2,15144,496.630000000,502.380000000,495.440000000,499.350000000,12517836,SPY
2024-04-23T00:00:00.000000000Z,35,2,15144,500.140000000,507.000000000,499.850000000,506.520000000,11062184,SPY
2024-04-24T00:00:00.000000000Z,35,2,15144,506.720000000,507.360000000,501.630000000,502.460000000,10104357,SPY
2024-04-25T00:00:00.000000000Z,35,2,15144,502.470000000,508.390000000,497.490000000,507.110000000,13184875,SPY
2024-04-26T00:00:00.000000000Z,35,2,15144,507.290000000,509.880000000,505.710000000,508.570000000,10916331,SPY
2024-04-29T00:00:00.000000000Z,35,2,15144,509.640000000,510.750000000,507.250000000,509.830000000,8303691,SPY
2024-04-30T00:00:00.000000000Z,35,2,15144,509.710000000,509.960000000,500.150000000,501.260000000,12015777,SPY
2024-05-01T00:00:00.000000000Z,35,2,15144,500.670000000,508.180000000,499.540000000,502.290000000,15333110,SPY
2024-05-02T00:00:00.000000000Z,35,2,15144,503.460000000,507.370000000,499.550000000,506.480000000,11271563,SPY
2024-05-03T00:00:00.000000000Z,35,2,15144,506.280000000,512.550000000,506.220000000,512.450000000,11599094,SPY
2024-05-06T00:00:00.000000000Z,35,2,15144,511.930000000,516.630000000,511.850000000,516.450000000,7905520,SPY
2024-05-07T00:00:00.000000000Z,35,2,15144,516.350000000,518.570000000,516.240000000,517.310000000,8396025,SPY
2024-05-08T00:00:00.000000000Z,35,2,15144,517.390000000,517.710000000,514.980000000,517.000000000,6791529,SPY
2024-05-09T00:00:00.000000000Z,35,2,15144,516.450000000,520.740000000,515.850000000,520.560000000,7410738,SPY
2024-05-10T00:00:00.000000000Z,35,2,15144,521.230000000,522.630000000,519.590000000,519.950000000,7868977,SPY
2024-05-13T00:00:00.000000000Z,35,2,15144,521.490000000,522.730000000,519.740000000,520.800000000,6288398,SPY
2024-05-14T00:00:00.000000000Z,35,2,15144,521.060000000,523.830000000,518.280000000,523.600000000,9459658,SPY
2024-05-15T00:00:00.000000000Z,35,2,15144,523.480000000,530.300000000,523.120000000,530.170000000,10212246,SPY
2024-05-16T00:00:00.000000000Z,35,2,15144,530.400000000,531.520000000,528.200000000,528.720000000,8081501,SPY
2024-05-17T00:00:00.000000000Z,35,2,15144,528.770000000,529.720000000,527.330000000,529.600000000,7393277,SPY
2024-05-20T00:00:00.000000000Z,35,2,15144,529.990000000,531.560000000,529.170000000,529.950000000,5713530,SPY
2024-05-21T00:00:00.000000000Z,35,2,15144,530.280000000,531.520000000,529.080000000,531.430000000,4919484,SPY
2024-05-22T00:00:00.000000000Z,35,2,15144,531.110000000,531.510000000,527.600000000,530.960000000,7001352,SPY
2024-05-23T00:00:00.000000000Z,35,2,15144,532.570000000,534.000000000,524.730000000,526.100000000,8162364,SPY
2024-05-24T00:00:00.000000000Z,35,2,15144,526.660000000,530.270000000,526.640000000,529.380000000,5585097,SPY
2024-05-28T00:00:00.000000000Z,35,2,15144,530.280000000,531.250000000,527.110000000,529.270000000,5333609,SPY
2024-05-29T00:00:00.000000000Z,35,2,15144,529.000000000,529.000000000,523.800000000,524.130000000,6114550,SPY
2024-05-30T00:00:00.000000000Z,35,2,15144,523.490000000,525.190000000,521.340000000,521.830000000,6473988,SPY
2024-05-31T00:00:00.000000000Z,35,2,15144,521.940000000,528.350000000,518.365000000,528.260000000,11574462,SPY
2024-06-03T00:00:00.000000000Z,35,2,15144,527.540000000,529.150000000,522.600000000,527.530000000,7104108,SPY
2024-06-04T00:00:00.000000000Z,35,2,15144,526.830000000,529.150000000,524.280000000,529.040000000,5259404,SPY
2024-06-05T00:00:00.000000000Z,35,2,15144,528.900000000,535.190000000,528.740000000,534.990000000,7107067,SPY
2024-06-06T00:00:00.000000000Z,35,2,15144,534.770000000,535.410000000,532.680000000,534.500000000,4703779,SPY
2024-06-07T00:00:00.000000000Z,35,2,15144,535.120000000,536.890000000,531.300000000,533.310000000,6319809,SPY
2024-06-10T00:00:00.000000000Z,35,2,15144,533.450000000,535.990000000,532.500000000,535.150000000,5990449,SPY
2024-06-11T00:00:00.000000000Z,35,2,15144,535.190000000,537.240000000,532.050000000,537.070000000,5541284,SPY
2024-06-12T00:00:00.000000000Z,35,2,15144,537.270000000,544.120000000,537.250000000,542.220000000,9127915,SPY
2024-06-13T00:00:00.000000000Z,35,2,15144,542.550000000,543.970000000,539.590000000,542.490000000,5565548,SPY
2024-06-14T00:00:00.000000000Z,35,2,15144,542.360000000,543.090000000,538.890000000,542.780000000,4974589,SPY
2024-06-17T00:00:00.000000000Z,35,2,15144,543.160000000,548.420000000,541.610000000,547.510000000,6677096,SPY
2024-06-18T00:00:00.000000000Z,35,2,15144,546.880000000,548.980000000,546.610000000,548.800000000,4728978,SPY
2024-06-20T00:00:00.000000000Z,35,2,15144,550.460000000,550.770000000,545.190000000,547.170000000,8543650,SPY
2024-06-21T00:00:00.000000000Z,35,2,15144,544.870000000,545.645000000,543.030000000,544.380000000,6052016,SPY
2024-06-24T00:00:00.000000000Z,35,2,15144,545.170000000,546.940000000,542.250000000,543.050000000,6098103,SPY
2024-06-25T00:00:00.000000000Z,35,2,15144,542.530000000,545.200000000,542.440000000,544.690000000,4454282,SPY
2024-06-26T00:00:00.000000000Z,35,2,15144,546.400000000,546.470000000,543.030000000,543.990000000,4747222,SPY
2024-06-27T00:00:00.000000000Z,35,2,15144,544.770000000,547.080000000,544.380000000,547.080000000,4952552,SPY
2024-06-28T00:00:00.000000000Z,35,2,15144,547.770000000,550.280000000,542.970000000,545.070000000,10478594,SPY
2024-07-01T00:00:00.000000000Z,35,2,15144,544.840000000,545.880000000,542.520000000,544.840000000,5177524,SPY
2024-07-02T00:00:00.000000000Z,35,2,15144,543.540000000,549.000000000,542.450000000,548.230000000,5256208,SPY
2024-07-03T00:00:00.000000000Z,35,2,15144,548.650000000,551.830000000,548.280000000,551.140000000,4171503,SPY
2024-07-05T00:00:00.000000000Z,35,2,15144,552.080000000,555.050000000,551.050000000,554.110000000,5591123,SPY
2024-07-08T00:00:00.000000000Z,35,2,15144,554.330000000,556.430000000,554.190000000,556.400000000,4362419,SPY
2024-07-09T00:00:00.000000000Z,35,2,15144,556.400000000,557.180000000,555.530000000,556.030000000,4088667,SPY
2024-07-10T00:00:00.000000000Z,35,2,15144,556.280000000,561.670000000,556.240000000,561.060000000,5688267,SPY
2024-07-11T00:00:00.000000000Z,35,2,15144,561.300000000,563.520000000,555.830000000,556.520000000,8249171,SPY
2024-07-12T00:00:00.000000000Z,35,2,15144,557.060000000,563.670000000,555.320000000,559.770000000,8120771,SPY
2024-07-15T00:00:00.000000000Z,35,2,15144,561.400000000,564.830000000,559.630000000,562.220000000,6450360,SPY
2024-07-16T00:00:00.000000000Z,35,2,15144,561.210000000,565.150000000,560.450000000,564.400000000,5835083,SPY
2024-07-17T00:00:00.000000000Z,35,2,15144,561.180000000,561.330000000,556.430000000,558.080000000,7773289,SPY
2024-07-18T00:00:00.000000000Z,35,2,15144,558.310000000,559.520000000,550.450000000,553.600000000,9193198,SPY
2024-07-19T00:00:00.000000000Z,35,2,15144,551.770000000,554.080000000,547.910000000,548.940000000,8083984,SPY
2024-07-22T00:00:00.000000000Z,35,2,15144,550.670000000,555.270000000,550.550000000,554.280000000,6457484,SPY
2024-07-23T00:00:00.000000000Z,35,2,15144,553.000000000,556.740000000,551.200000000,551.330000000,4494351,SPY
2024-07-24T00:00:00.000000000Z,35,2,15144,549.930000000,550.430000000,540.300000000,542.500000000,10134139,SPY
2024-07-25T00:00:00.000000000Z,35,2,15144,540.840000000,547.450000000,537.450000000,539.290000000,9283357,SPY
2024-07-26T00:00:00.000000000Z,35,2,15144,541.840000000,547.180000000,541.480000000,544.270000000,8694141,SPY
2024-07-29T00:00:00.000000000Z,35,2,15144,545.170000000,547.880000000,542.720000000,543.410000000,5210399,SPY
2024-07-30T00:00:00.000000000Z,35,2,15144,545.720000000,547.340000000,537.960000000,542.730000000,7124094,SPY
2024-07-31T00:00:00.000000000Z,35,2,15144,546.870000000,553.600000000,546.160000000,553.460000000,9704890,SPY
2024-08-01T00:00:00.000000000Z,35,2,15144,552.340000000,554.860000000,539.440000000,541.120000000,12132740,SPY
2024-08-02T00:00:00.000000000Z,35,2,15144,538.490000000,539.920000000,528.610000000,531.210000000,13084453,SPY
2024-08-05T00:00:00.000000000Z,35,2,15144,521.240000000,523.580000000,507.830000000,522.880000000,23221779,SPY
2024-08-06T00:00:00.000000000Z,35,2,15144,522.580000000,529.740000000,517.870000000,519.950000000,12289323,SPY
2024-08-07T00:00:00.000000000Z,35,2,15144,524.700000000,531.580000000,514.040000000,516.000000000,10793725,SPY
2024-08-08T00:00:00.000000000Z,35,2,15144,516.610000000,532.070000000,516.350000000,531.580000000,10956467,SPY
2024-08-09T00:00:00.000000000Z,35,2,15144,531.380000000,534.510000000,528.070000000,532.950000000,7512125,SPY
2024-08-12T00:00:00.000000000Z,35,2,15144,534.200000000,535.730000000,530.960000000,533.190000000,7336026,SPY
2024-08-13T00:00:00.000000000Z,35,2,15144,535.640000000,542.280000000,533.290000000,541.970000000,7809555,SPY
2024-08-14T00:00:00.000000000Z,35,2,15144,542.000000000,544.950000000,540.160000000,543.720000000,6338961,SPY
2024-08-15T00:00:00.000000000Z,35,2,15144,545.370000000,554.000000000,543.510000000,553.520000000,8732043,SPY
2024-08-16T00:00:00.000000000Z,35,2,15144,553.900000000,555.010000000,550.130000000,553.900000000,4750368,SPY
2024-08-19T00:00:00.000000000Z,35,2,15144,554.150000000,559.640000000,553.310000000,559.280000000,5462172,SPY
2024-08-20T00:00:00.000000000Z,35,2,15144,560.320000000,560.850000000,557.330000000,558.550000000,4413540,SPY
2024-08-21T00:00:00.000000000Z,35,2,15144,558.880000000,562.110000000,557.970000000,561.080000000,5297005,SPY
2024-08-22T00:00:00.000000000Z,35,2,15144,561.130000000,563.170000000,554.980000000,557.070000000,7386396,SPY
2024-08-23T00:00:00.000000000Z,35,2,15144,558.100000000,563.090000000,557.290000000,562.270000000,8077292,SPY
2024-08-26T00:00:00.000000000Z,35,2,15144,562.810000000,563.900000000,559.050000000,560.230000000,5022679,SPY
2024-08-27T00:00:00.000000000Z,35,2,15144,561.020000000,562.050000000,558.320000000,560.760000000,5063679,SPY
2024-08-28T00:00:00.000000000Z,35,2,15144,561.680000000,562.270000000,553.390000000,554.400000000,6069088,SPY
2024-08-29T00:00:00.000000000Z,35,2,15144,557.980000000,563.670000000,557.180000000,558.860000000,6617876,SPY
2024-08-30T00:00:00.000000000Z,35,2,15144,560.890000000,564.190000000,557.140000000,563.460000000,7998042,SPY
