19980102 00:00,136300,162500,135000,162500,6315000
19980105 00:00,165000,165600,151900,160000,5677300
19980106 00:00,159400,205000,147500,190000,16064600
19980107 00:00,188100,192500,173100,174400,9122300
19980108 00:00,174400,189400,167500,180600,6890400
19980109 00:00,181300,193800,175000,181900,7932500
19980112 00:00,174400,186300,171300,183100,4637400
19980113 00:00,186300,196300,185000,195000,5718300
19980114 00:00,198800,199400,192500,196900,5164500
19980115 00:00,191900,197500,186300,191900,4796900
19980116 00:00,194400,194400,186900,187500,2256200
19980120 00:00,190600,193100,186300,190000,2135000
19980121 00:00,187500,190600,182500,188800,1688700
19980122 00:00,186900,200000,186300,192500,2919800
19980123 00:00,193800,196900,192500,195000,2080000
19980126 00:00,194400,195600,188100,193800,1254600
19980127 00:00,191900,196900,190000,191300,967800
19980128 00:00,191900,193800,186300,191300,1325600
19980129 00:00,189400,191300,185000,185000,1842300
19980130 00:00,183100,188800,181300,183100,1385500
19980202 00:00,185000,185000,173800,176300,4787600
19980203 00:00,176900,186300,176900,183100,3443400
19980204 00:00,180600,185000,180000,182500,1538100
19980205 00:00,182500,185000,180000,183800,2029500
19980206 00:00,183800,186900,182500,183800,1773100
19980209 00:00,183800,195000,183800,191900,4331300
19980210 00:00,191300,195600,190600,193800,3727400
19980211 00:00,195000,196300,188800,190000,1668600
19980212 00:00,191300,194400,190600,193100,1704500
19980213 00:00,191900,198800,190000,195600,1877400
19980217 00:00,195000,197500,195000,196300,1559900
19980218 00:00,195600,207500,195600,205600,4294100
19980219 00:00,208800,210000,200000,203800,3175300
19980220 00:00,205000,205600,198100,200000,2836800
19980223 00:00,201300,216300,200000,211900,4257700
19980224 00:00,213100,213800,207500,213100,4178000
19980225 00:00,213100,227500,209400,223800,6266900
19980226 00:00,223100,235600,218800,234400,5352500
19980227 00:00,233100,242500,225600,236300,4560900
19980302 00:00,235600,235600,222500,226900,3495800
19980303 00:00,218800,231900,216300,231900,2886100
19980304 00:00,228800,247500,228800,245000,7521800
19980305 00:00,232500,242500,230000,240600,5995100
19980306 00:00,238800,245000,233800,243800,5613300
19980309 00:00,237500,243100,225000,227500,5103900
19980310 00:00,230000,245000,229400,241300,6211700
19980311 00:00,251300,261900,245600,261300,10449700
19980312 00:00,261300,270000,250000,269400,6349200
19980313 00:00,272500,272500,262500,271300,4926000
19980316 00:00,271300,272500,261900,265600,3573100
19980317 00:00,265000,266900,258800,263800,3612400
19980318 00:00,260000,268800,260000,268800,2362800
19980319 00:00,268800,269400,265600,267500,1519100
19980320 00:00,266900,268800,260000,263100,1847900
19980323 00:00,259400,262500,246300,260600,3712700
19980324 00:00,263800,289400,259400,279400,5876400
19980325 00:00,276300,277500,263800,271900,3307500
19980326 00:00,267500,270000,264400,266300,2685800
19980327 00:00,266300,273100,263800,270000,2232000
19980330 00:00,267500,275000,267500,275000,2227200
19980331 00:00,274400,278100,272500,275000,2344800
19980401 00:00,274400,278100,270600,275000,1630600
19980402 00:00,273100,274500,269400,272500,1705600
19980403 00:00,271300,272500,268100,270000,1735800
19980406 00:00,270000,270000,261900,262500,2888500
19980407 00:00,258100,260000,248800,255000,2608200
19980408 00:00,252500,253800,246900,250000,1970500
19980409 00:00,250600,258800,250000,255600,1489400
19980413 00:00,256300,266900,250000,264400,2516900
19980414 00:00,263800,272500,263800,268900,2896400
19980415 00:00,271900,275000,266300,274400,4996700
19980416 00:00,292500,298800,247500,286900,15611700
19980417 00:00,285600,286300,276900,278800,5224900
19980420 00:00,276300,298100,275600,289400,4578900
19980421 00:00,290600,291300,285000,289400,3018100
19980422 00:00,287500,290000,275000,275000,2380400
19980423 00:00,274400,290000,271900,276900,4035600
19980424 00:00,277500,282500,275000,279400,2036800
19980427 00:00,267500,277500,267500,276900,3660200
19980428 00:00,278800,280000,262500,270000,2258000
19980429 00:00,269400,274400,267500,270000,1639800
19980430 00:00,273800,276300,270600,273100,1558000
19980501 00:00,275000,282500,268800,280000,1601700
19980504 00:00,288800,295000,288800,290600,4879900
19980505 00:00,292500,298800,291300,296900,3699400
19980506 00:00,298800,304400,292500,303100,7784900
19980507 00:00,305600,310000,298800,301900,4651800
19980508 00:00,300600,305000,299400,304400,2313900
19980511 00:00,308800,316300,300600,309400,5854700
19980512 00:00,305600,307500,299400,301300,2232400
19980513 00:00,300600,308100,296300,304100,2835300
19980514 00:00,303800,304400,297500,300600,1416300
19980515 00:00,300600,305000,292500,295000,2352000
19980518 00:00,293800,295600,283800,285600,2028700
19980519 00:00,289400,294400,288100,293800,1898400
19980520 00:00,296300,298800,287500,296300,1699300
19980521 00:00,295600,296900,286300,288800,1135200
19980522 00:00,287500,287500,273100,278800,2376800
19980526 00:00,280600,282500,266300,267500,2754900
19980527 00:00,256900,268100,247500,266900,3366600
19980528 00:00,267500,278800,267500,273100,2672000
19980529 00:00,275000,275600,264400,265600,1803100
19980601 00:00,265000,276300,256300,263800,2698300
19980602 00:00,264400,273100,260000,267500,1589200
19980603 00:00,271300,272500,261900,263100,1316300
19980604 00:00,266300,268800,258100,268100,1399000
19980605 00:00,268800,272500,263800,268800,1055500
19980608 00:00,270000,276900,268100,272500,1113100
19980609 00:00,273800,285000,273800,281900,2517000
19980610 00:00,280000,290000,276300,281300,2015700
19980611 00:00,281900,286300,278100,278100,1594900
19980612 00:00,276300,288800,270000,281300,1872500
19980615 00:00,272500,282500,272500,275000,1137000
19980616 00:00,276900,281300,273100,280000,953000
19980617 00:00,280000,285600,279400,281300,1647200
19980618 00:00,277500,280600,271900,273800,1077700
19980619 00:00,273800,274400,267500,270000,1137300
19980622 00:00,270000,275600,267500,272500,1203500
19980623 00:00,274400,281300,272500,278100,1990300
19980624 00:00,277500,286300,273100,283100,2419400
19980625 00:00,285600,295600,283100,285300,1640400
19980626 00:00,285000,286300,277500,282500,998000
19980629 00:00,282500,288100,280600,287500,1409300
19980630 00:00,286300,288100,281300,287500,1087800
19980701 00:00,288800,300000,285000,300000,2689700
19980702 00:00,296900,300600,290000,290000,2660900
19980706 00:00,295000,303100,291300,303100,2168600
19980707 00:00,303800,308800,300000,305000,2130000
19980708 00:00,307500,329400,306900,325600,8373000
19980709 00:00,329400,336300,311300,316900,5008300
19980710 00:00,321900,326300,317500,320000,2484600
19980713 00:00,319400,341300,318800,339400,6119100
19980714 00:00,339400,340000,331300,334400,3371100
19980715 00:00,336900,348100,335000,345000,5560500
19980716 00:00,378800,383800,357500,375000,21768100
19980717 00:00,372500,372500,361900,368800,5353900
19980720 00:00,365600,366300,355000,361900,3351500
19980721 00:00,361300,370000,345000,355600,2838900
19980722 00:00,349400,357500,340600,350000,2503800
19980723 00:00,348100,357500,347500,350000,2152000
19980724 00:00,353800,355000,338100,346300,2462600
19980727 00:00,342500,348800,326300,343800,2052100
19980728 00:00,340600,346300,330000,335000,2023500
19980729 00:00,337500,358800,335600,350600,3898800
19980730 00:00,358100,367500,355000,364400,3136700
19980731 00:00,366300,367500,345000,345600,1543900
19980803 00:00,342500,355600,332500,350600,2626300
19980804 00:00,355000,360000,340000,341300,2565500
19980805 00:00,337500,360000,335000,359400,4082100
19980806 00:00,350600,368800,348800,368800,3859600
19980807 00:00,371900,373800,360000,365600,2630800
19980810 00:00,363100,380600,362500,380000,4122700
19980811 00:00,377500,410000,367500,390000,15671000
19980812 00:00,397500,410000,390000,400000,6107200
19980813 00:00,399400,407500,393800,394400,3408300
19980814 00:00,406900,407500,395000,405000,3838900
19980817 00:00,410000,428100,398800,419200,8586400
19980818 00:00,424400,433800,415000,427500,5532200
19980819 00:00,435000,437500,410000,410000,4242700
19980820 00:00,410000,411300,402500,406900,3528100
19980821 00:00,400000,435600,390000,430000,7335000
19980824 00:00,434400,435000,401300,412500,5583200
19980825 00:00,423800,423800,403100,408800,4420800
19980826 00:00,398800,411300,395000,403800,3614000
19980827 00:00,392500,392500,356300,375000,9913200
19980828 00:00,371300,393800,341300,342500,8223500
19980831 00:00,347500,348800,310000,311900,7707400
19980901 00:00,313800,353800,306300,341900,7664900
19980902 00:00,355000,373800,352500,355600,7492600
19980903 00:00,350000,351300,340000,347500,3595800
19980904 00:00,355000,364400,337500,351300,3384100
19980908 00:00,380000,382500,367500,381900,3566400
19980909 00:00,380600,381300,370000,374400,3134300
19980910 00:00,362500,382500,357500,381900,4988600
19980911 00:00,385000,396300,368800,375600,3231200
19980914 00:00,382500,388100,371300,371300,2092900
19980915 00:00,367500,385600,360000,381900,3727400
19980916 00:00,386300,387500,370000,372500,2269700
19980917 00:00,360600,371300,358800,360000,2308100
19980918 00:00,360600,367500,353800,367500,2639200
19980921 00:00,356900,369400,350000,368800,2564100
19980922 00:00,371300,376300,363800,370600,2239300
19980923 00:00,372500,383100,365600,382500,2363700
19980924 00:00,378800,395600,377500,385600,4387700
19980925 00:00,381900,391900,376300,387500,1948800
19980928 00:00,397500,401900,386300,390600,3559800
19980929 00:00,390600,400000,381300,394400,2915500
19980930 00:00,387500,392500,380000,381900,1575600
19981001 00:00,367500,380000,353800,357500,3105400
19981002 00:00,355000,362500,341300,350600,3973300
19981005 00:00,340000,345600,315000,321900,5058100
19981006 00:00,336900,343100,325000,325600,3490500
19981007 00:00,323800,333100,311900,319400,4594700
19981008 00:00,310000,311900,285000,308100,6134700
19981009 00:00,320000,351900,307500,351300,5782400
19981012 00:00,375000,384400,365600,373800,5470300
19981013 00:00,380600,391900,360000,388800,8275100
19981014 00:00,397500,417500,368100,375000,20110500
19981015 00:00,362500,372500,355000,366300,7149200
19981016 00:00,371300,380600,365600,366900,5434100
19981019 00:00,366900,380600,358800,374400,4265400
19981020 00:00,379400,381900,320000,361300,3412200
19981021 00:00,367500,374400,357500,371300,3835900
19981022 00:00,368800,376300,361900,367500,2815200
19981023 00:00,367500,368800,351300,355000,3217400
19981026 00:00,360600,377500,355000,374700,4104400
19981027 00:00,380000,389400,350600,352500,4527400
19981028 00:00,352500,375000,351300,367500,3315600
19981029 00:00,364400,374400,358100,363800,3042000
19981030 00:00,368100,379400,362500,370600,2837300
19981102 00:00,375000,377500,372500,375000,2223300
19981103 00:00,373800,382500,373100,378800,3411400
19981104 00:00,385600,392500,380000,386300,5727300
19981105 00:00,383800,393800,380600,381900,5341400
19981106 00:00,378800,382500,372500,380000,6958700
19981109 00:00,376900,381300,355000,366300,5895400
19981110 00:00,361900,368800,350000,350600,7447200
19981111 00:00,357500,358100,327500,336300,8415400
19981112 00:00,331300,344400,328800,340600,5193200
19981113 00:00,349400,360600,346900,356600,7017800
19981116 00:00,359400,367500,354400,359400,3180500
19981117 00:00,357500,358100,347500,348100,1813300
19981118 00:00,351900,366900,348800,354400,2953400
19981119 00:00,355000,371900,354400,357500,3184500
19981120 00:00,364400,367500,347500,351900,3347200
19981123 00:00,355600,368100,351900,362500,5074700
19981124 00:00,361300,370000,357500,358800,2539400
19981125 00:00,358800,360600,349400,351300,2552700
19981127 00:00,350600,351300,347500,350000,1320100
19981130 00:00,345600,348100,310000,319400,4820600
19981201 00:00,320000,353800,316300,341900,7969000
19981202 00:00,341300,368800,335000,360000,7831200
19981203 00:00,363100,365000,336300,336900,5587200
19981204 00:00,343100,344400,320000,328100,6376000
19981207 00:00,333800,337500,327500,336900,4369100
19981208 00:00,339400,339400,320000,320000,6076800
19981209 00:00,326900,328800,316300,319400,5270700
19981210 00:00,326900,329400,318800,320000,3266900
19981211 00:00,322500,340000,320000,338800,5854200
19981214 00:00,328800,333100,322500,325000,4292100
19981215 00:00,327500,336300,327500,335600,2201000
19981216 00:00,337500,341900,326300,328100,3285900
19981217 00:00,329400,337500,327500,334400,2779900
19981218 00:00,333800,353800,332500,351900,7033600
19981221 00:00,353800,356300,342500,350000,3126000
19981222 00:00,363800,381300,350000,380000,10025500
19981223 00:00,386300,405000,373800,397500,11328600
19981224 00:00,398800,400000,391900,391900,1795500
19981228 00:00,390000,411300,390000,408800,6598700
19981229 00:00,411300,415000,402500,407500,3458700
19981230 00:00,401300,411300,400000,401300,2049800
19981231 00:00,405000,413800,395000,409400,2321200
19990104 00:00,421300,422500,400000,412500,7901500
19990105 00:00,419400,439400,415000,433800,12304800
19990106 00:00,441300,441300,410000,416900,12393700
19990107 00:00,422500,450600,421300,449400,12448500
19990108 00:00,465600,468800,440000,449400,5956500
19990111 00:00,457500,460600,448800,458800,4944300
19990112 00:00,463100,466300,433800,460600,7172600
19990113 00:00,428800,475000,421900,465000,8683100
19990114 00:00,455000,478800,400600,413800,14929200
19990115 00:00,418100,421300,397500,413100,8641300
19990119 00:00,419400,423100,403800,409400,4671100
19990120 00:00,411300,420000,396300,405200,7023700
19990121 00:00,404400,405600,373800,388100,5221300
19990122 00:00,376900,395000,370600,387500,3012400
19990125 00:00,392500,395600,380600,393800,3289400
19990126 00:00,399400,408800,396300,405600,4904900
19990127 00:00,410000,413800,399400,402500,3163000
19990128 00:00,408800,412500,403100,408800,2471400
19990129 00:00,411900,415600,400000,412500,2108200
19990201 00:00,416900,419400,403100,410000,2569000
19990202 00:00,403800,407500,390000,391900,2705700
19990203 00:00,390000,405600,387500,401300,3079200
19990204 00:00,401900,402500,377500,378800,3971300
19990205 00:00,382500,383800,355000,363100,6360900
19990208 00:00,366900,395600,362500,376900,4118400
19990209 00:00,379400,390600,370600,371900,6123200
19990210 00:00,368800,386900,360000,382500,4943800
19990211 00:00,387500,397500,381300,396300,5281900
19990212 00:00,391300,391300,370000,377500,3636300
19990216 00:00,388800,388800,378800,384400,2617600
19990217 00:00,381300,386900,369400,370000,2669300
19990218 00:00,375600,378800,355600,359400,5398300
19990219 00:00,362500,376900,361900,371300,3274800
19990222 00:00,373800,388800,372500,384400,2636700
19990223 00:00,385600,395600,379400,383800,2826400
19990224 00:00,388100,390000,373800,373800,1815500
19990225 00:00,373100,381900,365000,369400,2360400
19990226 00:00,365000,370000,345000,347500,5894800
19990301 00:00,348100,348100,336300,336900,4335900
19990302 00:00,341300,353100,335000,345900,5804100
19990303 00:00,347500,351300,335000,338800,2490000
19990304 00:00,345000,355000,323800,334400,3218100
19990305 00:00,343100,343100,323800,330000,4016800
19990308 00:00,332500,346900,295000,343100,4416400
19990309 00:00,343100,343800,335000,341300,2769600
19990310 00:00,341900,341900,324400,325600,4892000
19990311 00:00,322500,338800,320000,321900,4207600
19990312 00:00,323100,335000,323100,331300,2403400
19990315 00:00,333100,350000,332500,340600,3032000
19990316 00:00,350000,355600,349400,354400,3437100
19990317 00:00,359400,360600,339400,340600,3093400
19990318 00:00,343800,356300,342500,355000,1945500
19990319 00:00,359400,370000,328800,334400,4816700
19990322 00:00,340000,351900,329400,350600,4773400
19990323 00:00,344400,344400,327500,330000,3469500
19990324 00:00,332500,337500,325000,336300,3306700
19990325 00:00,343800,348800,333800,338100,3542700
19990326 00:00,337500,338100,322500,332500,2199900
19990329 00:00,335000,354400,331900,353800,4850500
19990330 00:00,350000,363800,350000,359400,4888200
19990331 00:00,363800,371300,358800,359400,3747000
19990401 00:00,360600,368000,357500,360000,2083900
19990405 00:00,360000,378800,360000,370000,4079600
19990406 00:00,368100,383100,368100,380600,5560500
19990407 00:00,380600,382500,363800,371300,3681900
19990408 00:00,368800,370600,360000,366900,2563500
19990409 00:00,362500,372500,359400,368800,2422600
19990412 00:00,350000,368800,348800,361900,3355700
19990413 00:00,363100,368100,345000,345600,3534300
19990414 00:00,353800,370600,350000,355000,5809900
19990415 00:00,353800,362500,343100,356900,14430300
19990416 00:00,358800,360600,352500,353800,4685600
19990419 00:00,356900,367500,335000,338800,8024800
19990420 00:00,338800,347500,335000,340000,4631100
19990421 00:00,340000,343800,335000,343100,3072300
19990422 00:00,350600,366300,350600,363800,9116400
19990423 00:00,362500,394400,362500,391300,8415000
19990426 00:00,395000,412500,392500,408800,8309500
19990427 00:00,431300,458100,430000,456900,18385800
19990428 00:00,446300,456900,436300,440000,8350400
19990429 00:00,432500,447500,417800,430000,6857700
19990430 00:00,440000,471300,440000,459400,13252300
19990503 00:00,460600,500000,448800,495600,12938300
19990504 00:00,482500,488800,461900,465600,7054500
19990505 00:00,463100,470000,446300,470000,5131300
19990506 00:00,465600,468800,440000,445000,3626700
19990507 00:00,446300,458800,427500,458800,3787600
19990510 00:00,467500,469400,446300,452500,3476000
19990511 00:00,448800,461900,435600,446900,4084800
19990512 00:00,448800,465000,441300,463800,3508400
19990513 00:00,464400,468100,446900,461900,2606600
19990514 00:00,451300,458100,443800,443800,1964100
19990517 00:00,437500,446900,430000,444400,1804300
19990518 00:00,448100,460600,437500,453100,3678000
19990519 00:00,455000,457500,435000,451300,2557500
19990520 00:00,454400,457500,425000,425600,3574600
19990521 00:00,430000,443100,418800,438800,4227900
19990524 00:00,436300,443100,418800,420000,2264500
19990525 00:00,415600,424400,409400,414400,3237700
19990526 00:00,417500,443800,360000,440000,3732300
19990527 00:00,431900,437500,426900,435600,3864200
19990528 00:00,433100,443100,431300,440000,1693800
19990601 00:00,450000,453100,443800,448100,4000400
19990602 00:00,445000,479400,440000,465600,4564200
19990603 00:00,468800,480000,468100,474400,4060200
19990604 00:00,476300,481900,472500,481300,3122600
19990607 00:00,481300,490000,475000,488100,3672700
19990608 00:00,487500,488100,475600,476300,2685300
19990609 00:00,474400,485000,471900,484400,3131000
19990610 00:00,478800,482500,473100,481300,2687900
19990611 00:00,481300,485000,462500,465000,1569700
19990614 00:00,465000,467500,451300,454400,1373900
19990615 00:00,451900,467500,451300,459400,1091200
19990616 00:00,463800,480600,463800,478800,1917700
19990617 00:00,476300,480000,457500,463800,1920100
19990618 00:00,453800,472500,451900,471300,1609200
19990621 00:00,470000,472500,460000,465000,1166000
19990622 00:00,463100,469400,453800,454400,1259600
19990623 00:00,450600,450900,435600,436900,4667200
19990624 00:00,436300,436300,422500,422500,3783100
19990625 00:00,425000,426900,420600,421300,2409700
19990628 00:00,424400,429400,423800,425600,2291200
19990629 00:00,427200,455600,426300,453800,3185000
19990630 00:00,456900,469400,449400,463100,2799700
19990701 00:00,463100,465600,452500,452500,1281400
19990702 00:00,455300,468800,451900,463100,1037600
19990706 00:00,459400,476300,458100,473400,3948300
19990707 00:00,473800,507500,470000,499400,9673400
19990708 00:00,511300,550600,508800,545000,14620700
19990709 00:00,545000,560000,530000,556300,5279400
19990712 00:00,555000,556300,541900,544400,2640200
19990713 00:00,535000,541900,528800,536300,2580100
19990714 00:00,545000,566300,545000,559400,5218000
19990715 00:00,558800,559400,513100,535000,15262600
19990716 00:00,536300,545000,530000,530600,3642200
19990719 00:00,539400,558100,523100,543800,4899000
19990720 00:00,545600,555000,527500,528100,3897700
19990721 00:00,541300,554400,528800,540600,6362500
19990722 00:00,536300,538800,511300,523800,3539900
19990723 00:00,528100,537500,526900,532500,1993500
19990726 00:00,528800,536300,508800,508800,3040500
19990727 00:00,526300,539400,525000,537500,3451400
19990728 00:00,538800,555000,530000,543100,2894800
19990729 00:00,533800,552500,529400,539400,2369400
19990730 00:00,545000,580000,545000,557500,3372700
19990802 00:00,556300,580000,555000,557500,3198200
19990803 00:00,567500,574400,536300,550600,3306400
19990804 00:00,551900,558800,532500,537500,3170300
19990805 00:00,535000,549400,521300,547500,2849600
19990806 00:00,540600,553100,523800,541900,3922000
19990809 00:00,543400,551900,542500,543800,2052100
19990810 00:00,540000,560000,536300,552500,3672500
19990811 00:00,560000,597500,559400,596900,7444200
19990812 00:00,590600,613800,586300,600000,5564900
19990813 00:00,606300,620000,598800,600600,2650100
19990816 00:00,598100,606900,595000,604400,2379500
19990817 00:00,603100,603800,589400,603000,3102700
19990818 00:00,600600,620000,596300,601300,3821500
19990819 00:00,598100,605000,585600,587500,4765600
19990820 00:00,592500,596300,566300,591300,2896500
19990823 00:00,593800,613800,593100,607500,3113800
19990824 00:00,603800,607500,599400,603800,4227600
19990825 00:00,606900,615000,601300,613800,2610400
19990826 00:00,611300,631300,611300,621300,3566300
19990827 00:00,627500,726900,626900,646900,4012600
19990830 00:00,650000,650000,620000,620000,2908200
19990831 00:00,625900,660000,620600,651300,5522900
19990901 00:00,670000,688100,660000,687500,6657100
19990902 00:00,676300,714400,668800,706300,7588400
19990903 00:00,719400,752500,700600,735000,14515400
19990907 00:00,737500,779400,735000,763800,8841500
19990908 00:00,761900,776900,745000,745000,6678600
19990909 00:00,755000,759400,738800,755600,4620900
19990910 00:00,760000,776900,732500,773100,3921200
19990913 00:00,770600,775000,748100,750600,2160900
19990914 00:00,747200,789400,746900,778100,3422300
19990915 00:00,788800,791300,752500,753800,3193700
19990916 00:00,760600,780600,738800,768100,3959400
19990917 00:00,773100,777500,762500,769400,2315800
19990920 00:00,770000,801300,763800,791300,3974900
19990921 00:00,731900,753800,690000,691900,28843000
19990922 00:00,697500,716300,690200,702500,10023500
19990923 00:00,711300,712500,630000,633100,10143900
19990924 00:00,633800,670200,630000,647500,10594300
19990927 00:00,663800,667500,612500,613100,8382300
19990928 00:00,615000,620000,574400,595600,12791600
19990929 00:00,602500,612500,580000,590600,5882700
19990930 00:00,595600,641900,592500,633100,7934500
19991001 00:00,621300,630000,595000,617300,5431200
19991004 00:00,623100,648800,623100,645000,4038600
19991005 00:00,656300,681300,647500,678800,7288900
19991006 00:00,693800,696300,670000,671300,7193400
19991007 00:00,684400,686300,648800,663800,5284500
19991008 00:00,661900,670600,635000,655000,3568000
19991011 00:00,660000,682500,660000,668800,2249100
19991012 00:00,678800,700000,670000,676300,5030900
19991013 00:00,666300,695000,637500,640000,5472100
19991014 00:00,692500,733100,690000,731300,16528100
19991015 00:00,711300,758100,701900,745600,10489200
19991018 00:00,738800,742500,711300,731900,6959000
19991019 00:00,716300,750000,684400,685000,8823600
19991020 00:00,700000,757500,700000,750600,9425400
19991021 00:00,723800,770600,723800,761300,7083700
19991022 00:00,771300,772500,733800,738800,3681500
19991025 00:00,742500,761300,737500,744400,2980800
19991026 00:00,749400,755000,733100,750600,3153600
19991027 00:00,743800,766300,734400,763800,3924600
19991028 00:00,770600,790000,760600,778100,4455600
19991029 00:00,788100,810600,788100,801300,4622700
19991101 00:00,800000,806900,773800,776900,2440700
19991102 00:00,780000,816900,772500,802500,3572100
19991103 00:00,816300,832500,802500,814400,2923500
19991104 00:00,820600,853800,805000,836900,3385600
19991105 00:00,846300,883800,840000,882500,3650100
19991108 00:00,877500,977300,867500,963100,8403900
19991109 00:00,943800,945000,880000,895600,7113100
19991110 00:00,881900,932500,881300,911900,5252700
19991111 00:00,915900,926300,898800,921900,2323000
19991112 00:00,919400,920000,873800,906300,2419000
19991115 00:00,896300,928800,885000,894400,2292900
19991116 00:00,900000,917500,885000,912500,1899300
19991117 00:00,906900,947500,900000,903800,3229500
19991118 00:00,910600,911300,884400,895600,3079400
19991119 00:00,895000,928800,880600,923800,2766300
19991122 00:00,917500,917500,892500,905600,1746200
19991123 00:00,917500,952500,885000,930300,4671200
19991124 00:00,930000,950000,916900,947500,1862500
19991126 00:00,947500,955000,941300,948100,1186700
19991129 00:00,942500,997500,932500,945000,4070400
19991130 00:00,981300,1037500,973800,978300,7313000
19991201 00:00,1010000,1045000,1000600,1030000,5469000
19991202 00:00,1031300,1106300,1017500,1101900,4942700
19991203 00:00,1121900,1155600,1118800,1150000,5746500
19991206 00:00,1145600,1173100,1114400,1160600,4146500
19991207 00:00,1165600,1180000,1140000,1178100,3845900
19991208 00:00,1160000,1178800,1095000,1101300,3647200
19991209 00:00,1110000,1110000,990000,1052500,7442000
19991210 00:00,1053100,1092500,990000,1030000,5631000
19991213 00:00,1023900,1025000,989400,990000,4871000
19991214 00:00,983800,997500,947500,949400,3815400
19991215 00:00,932500,972500,910600,970000,5437500
19991216 00:00,980000,983800,940000,982500,4035400
19991217 00:00,1008800,1020000,985000,999400,3894800
19991220 00:00,995600,1031300,966300,981300,2385700
19991221 00:00,982500,1030600,979400,1021900,2648300
19991222 00:00,1028800,1045600,987500,998800,2898100
19991223 00:00,1018100,1042500,1010600,1033800,1998100
19991227 00:00,1043800,1044400,992500,992500,1437300
19991228 00:00,991300,996300,950000,981400,2182500
19991229 00:00,968100,1021900,955000,1006900,2487600
19991230 00:00,1021900,1041300,996300,1003100,1820900
19991231 00:00,1009400,1030000,995000,1027500,1454700
20000103 00:00,1048800,1125000,1016900,1120000,4739900
20000104 00:00,1082500,1106300,1011900,1026300,4456000
20000105 00:00,1037500,1105600,1030000,1040600,6887200
20000106 00:00,1061300,1070000,950000,950200,6908500
20000107 00:00,965000,1010000,955000,993800,3963100
20000110 00:00,1020000,1022500,947500,978000,4361100
20000111 00:00,959400,993800,905000,927500,3884900
20000112 00:00,950000,955000,865000,872500,8718300
20000113 00:00,944800,987500,925000,968100,8542800
20000114 00:00,1000000,1022500,993800,1004400,3403100
20000118 00:00,1010000,1060000,1001900,1040000,3833700
20000119 00:00,1056300,1087500,1033800,1064400,5130800
20000120 00:00,1155000,1215000,1135000,1135000,16018000
20000121 00:00,1142500,1142500,1101900,1113000,4257000
20000124 00:00,1084400,1127500,1051300,1062500,3796200
20000125 00:00,1050000,1131300,1023800,1122500,4380500
20000126 00:00,1100000,1141900,1097500,1101300,3144500
20000127 00:00,1088100,1130000,1070000,1100500,2948700
20000128 00:00,1081900,1108800,1006300,1016900,3686600
20000131 00:00,1010000,1037500,945000,1036900,6061100
20000201 00:00,1040000,1050000,1000000,1002500,2673800
20000202 00:00,1007500,1021300,970000,987500,4145600
20000203 00:00,1003100,1042500,1002500,1033100,4198700
20000204 00:00,1039400,1100000,1005600,1079500,3884300
20000207 00:00,1080000,1198100,1059400,1140000,3861300
20000208 00:00,1140000,1161300,1112500,1148800,3544900
20000209 00:00,1141300,1171300,1100000,1126300,2573300
20000210 00:00,1128800,1138800,1080000,1135600,2658700
20000211 00:00,1136300,1141300,1082500,1087200,1804700
20000214 00:00,1093100,1158800,1086300,1158100,3125200
20000215 00:00,1152500,1199400,1151900,1190000,4288900
20000216 00:00,1177500,1181300,1121300,1139400,3265200
20000217 00:00,1151900,1155000,1131300,1148800,2518100
20000218 00:00,1146300,1153800,1108800,1113100,1922100
20000222 00:00,1101300,1169400,1066900,1140000,3713000
20000223 00:00,1132300,1190000,1110000,1162500,4340500
20000224 00:00,1173100,1191300,1117500,1152500,3299300
20000225 00:00,1148100,1170000,1101300,1103800,2099100
20000228 00:00,1101300,1150000,1083800,1132000,2857600
20000229 00:00,1135600,1172500,1125600,1146400,3112000
20000301 00:00,1185600,1320600,1185000,1303100,9505200
20000302 00:00,1270000,1279400,1206900,1220000,2681800
20000303 00:00,1248800,1282300,1200000,1280000,2808800
20000306 00:00,1260000,1291300,1250000,1255000,1828300
20000307 00:00,1264400,1274400,1211300,1228800,2339000
20000308 00:00,1228800,1239400,1185600,1220000,2349700
20000309 00:00,1208800,1250000,1182500,1221900,2354700
20000310 00:00,1216900,1279400,1210000,1253100,2169800
20000313 00:00,1221300,1290600,1195000,1212500,2709300
20000314 00:00,1212300,1242500,1140000,1144400,3882200
20000315 00:00,1156300,1202500,1141300,1162300,3893600
20000316 00:00,1173100,1220000,1145000,1215600,3279700
20000317 00:00,1201300,1250000,1196300,1249400,2526500
20000320 00:00,1235000,1262500,1223800,1229400,1749300
20000321 00:00,1225600,1367500,1216300,1349400,4580700
20000322 00:00,1327800,1443800,1315600,1442000,4926900
20000323 00:00,1420000,1503800,1375000,1412500,4929900
20000324 00:00,1424400,1439400,1355000,1385600,3956800
20000327 00:00,1376300,1447500,1368800,1395000,2483800
20000328 00:00,1372500,1420000,1371300,1391700,1730900
20000329 00:00,1393800,1394400,1338300,1358900,2104700
20000330 00:00,1335600,1398800,1254400,1257500,3631200
20000331 00:00,1274400,1372500,1260000,1358100,3446200
20000403 00:00,1355000,1395000,1294400,1333800,2823800
20000404 00:00,1326300,1330000,1150000,1275000,5969400
20000405 00:00,1264700,1328800,1240000,1302500,4017200
20000406 00:00,1306300,1345000,1232500,1252500,2232500
20000407 00:00,1272500,1318800,1250000,1317500,2063500
20000410 00:00,1316900,1327500,1247500,1250600,1756100
20000411 00:00,1235000,1248800,1180600,1193800,4812500
20000412 00:00,1190000,1190000,1048800,1091900,8289800
20000413 00:00,1115000,1200000,1085000,1137500,4671200
20000414 00:00,1093100,1180000,1090000,1119400,5867500
20000417 00:00,1095000,1239400,1090600,1238100,3510300
20000418 00:00,1235000,1268800,1193800,1265600,3393500
20000419 00:00,1261900,1302500,1197500,1211100,4260700
20000420 00:00,1236900,1247500,1170600,1189400,5888800
20000424 00:00,1150000,1205000,1147500,1205000,3867200
20000425 00:00,1221300,1287500,1220600,1283100,3366200
20000426 00:00,1266300,1280000,1200000,1210000,3222800
20000427 00:00,1171900,1270000,1165800,1267500,2859700
20000428 00:00,1271300,1275000,1213100,1241300,2080100
20000501 00:00,1248800,1251300,1218800,1243100,1966700
20000502 00:00,1232500,1274400,1175000,1180000,2057300
20000503 00:00,1189400,1212500,1116300,1147500,4258700
20000504 00:00,1151300,1152500,1105600,1108800,3487000
20000505 00:00,1108100,1147500,1107200,1132300,2523100
20000508 00:00,1120900,1136900,1100000,1101900,1621800
20000509 00:00,1103100,1112500,1048800,1054400,2886800
20000510 00:00,1040600,1050000,987500,992500,4626700
20000511 00:00,1013800,1042500,990000,1028100,4396700
20000512 00:00,1060000,1105000,1045000,1071300,2654700
20000515 00:00,1080600,1080600,1001300,1010000,5915900
20000516 00:00,1045200,1090600,1027500,1061300,3862400
20000517 00:00,1036300,1036900,1003800,1011300,3513300
20000518 00:00,1030000,1049400,1006300,1007500,3313000
20000519 00:00,992500,992500,933800,941900,6459000
20000522 00:00,937500,937500,860000,900000,6794700
20000523 00:00,906300,933800,856300,858100,4536200
20000524 00:00,861900,897500,830000,877500,6032900
20000525 00:00,885000,926600,860000,872500,3681200
20000526 00:00,879400,898800,852500,864400,1585500
20000530 00:00,876300,881300,817500,875800,5831100
20000531 00:00,868800,912500,838100,840000,3757700
20000601 00:00,818800,895600,803800,891400,7875300
20000602 00:00,937500,997500,890000,922500,6950400
20000605 00:00,933100,952500,896900,912500,2881600
20000606 00:00,919700,967500,903100,928900,4600600
20000607 00:00,936300,970000,916300,970000,2983100
20000608 00:00,976300,985000,931300,948100,2007600
20000609 00:00,967500,979400,943800,957500,2201500
20000612 00:00,963800,964400,908800,912500,2506200
20000613 00:00,911900,946900,881900,945000,3097800
20000614 00:00,946900,962500,901300,904400,2463400
20000615 00:00,912500,933800,890000,923100,2161000
20000616 00:00,935000,937500,890600,911700,2613700
20000619 00:00,905600,978800,898100,966900,3472400
20000620 00:00,985000,1039400,983800,1010000,4353700
20000621 00:00,505000,569400,503100,555600,8735600
20000622 00:00,558800,576300,535600,536900,8037100
20000623 00:00,537800,546300,508100,516900,3596400
20000626 00:00,525000,547500,521300,545000,3208100
20000627 00:00,537800,556300,516300,518100,3569700
20000628 00:00,533100,553800,515000,544400,4975600
20000629 00:00,530600,539400,510600,513100,3515200
20000630 00:00,528100,549400,516900,523800,5274900
20000703 00:00,521300,543100,521300,535600,1322400
20000705 00:00,532500,551900,507500,516300,4558400
20000706 00:00,525000,529400,496300,518100,5454400
20000707 00:00,525900,548100,521300,545000,4664600
20000710 00:00,540600,582500,537500,570600,7046300
20000711 00:00,570000,592500,554400,569400,6293000
20000712 00:00,581300,589400,563800,588300,3838500
20000713 00:00,585000,606300,547500,565600,7962200
20000714 00:00,571300,590000,568800,577000,3254600
20000717 00:00,582500,588100,571300,583300,4537900
20000718 00:00,585000,590000,568800,571300,5011500
20000719 00:00,551900,568100,517500,526900,7648500
20000720 00:00,550000,570600,541300,550600,8303400
20000721 00:00,545000,556300,529400,535000,3357800
20000724 00:00,525600,535600,475000,486300,7198700
20000725 00:00,503100,506300,490600,500300,3757200
20000726 00:00,498400,512500,492500,500000,3407400
20000727 00:00,500000,532500,498800,520000,5072300
20000728 00:00,522800,525000,468800,483100,4051600
20000731 00:00,491600,516300,487500,507500,2579000
20000801 00:00,503100,511600,493100,493100,2258600
20000802 00:00,490000,499400,471900,471900,2758800
20000803 00:00,455600,480600,442500,479400,5770200
20000804 00:00,494700,512500,463100,473800,4145300
20000807 00:00,478800,490600,455600,479400,3176100
20000808 00:00,479400,480000,463100,467500,3085500
20000809 00:00,481300,484400,472500,475000,6447300
20000810 00:00,480000,492500,473800,475600,4737500
20000811 00:00,468400,480000,455600,476300,4188400
20000814 00:00,475900,476900,463100,470500,2831200
20000815 00:00,472500,479400,465000,466900,1984000
20000816 00:00,468800,490000,468100,485000,2422300
20000817 00:00,483800,542500,483100,515000,4551100
20000818 00:00,513800,518100,498800,500600,3306000
20000821 00:00,502500,517500,496300,505000,2408700
20000822 00:00,506300,528100,503800,516900,4896300
20000823 00:00,514700,547500,510600,543800,4214200
20000824 00:00,546700,566300,533800,560600,5458800
20000825 00:00,565000,575000,563800,568100,5699400
20000828 00:00,572500,590000,570600,580600,6157100
20000829 00:00,578800,594400,576900,592500,4442200
20000830 00:00,590000,600000,587000,595000,4902000
20000831 00:00,589700,615000,589400,609400,7052300
20000901 00:00,613100,635600,610600,635000,4376200
20000905 00:00,626600,641300,548100,625000,5199300
20000906 00:00,613800,623800,577500,584400,6134600
20000907 00:00,591300,625600,582500,620600,3766600
20000908 00:00,616300,616300,585000,588100,3332600
20000911 00:00,586900,603800,581300,585000,3278400
20000912 00:00,573400,600600,570000,576700,3316400
20000913 00:00,567500,595000,567500,579800,5320000
20000914 00:00,585600,596300,568100,570000,7075400
20000915 00:00,577500,581900,537500,551900,6315200
20000918 00:00,552500,607500,550600,606300,7305700
20000919 00:00,597500,605000,585600,598800,4622400
20000920 00:00,594100,614400,585600,610000,3850400
20000921 00:00,585000,596300,552500,566300,8579900
20000922 00:00,503100,524400,498100,521900,12301600
20000925 00:00,527500,555000,520600,534400,7454300
20000926 00:00,533100,547500,513800,514200,5162200
20000927 00:00,517500,527500,481300,489400,7086300
20000928 00:00,493100,538100,481300,533800,5841700
20000929 00:00,280600,291300,231900,258100,134102300
20001002 00:00,266900,267500,235000,243100,43003400
20001003 00:00,248800,250000,221900,222500,36151100
20001004 00:00,223800,237500,218800,236900,26035100
20001005 00:00,235000,249400,220000,221900,15284500
20001006 00:00,226900,229400,210000,221900,10630300
20001009 00:00,226300,228800,211300,217500,10395700
20001010 00:00,216300,224400,205000,209800,12005800
20001011 00:00,200600,210000,191300,196900,21620400
20001012 00:00,203000,208100,195000,199400,21286500
20001013 00:00,202500,221300,197500,220000,21714700
20001016 00:00,223100,232500,213800,215000,14209900
20001017 00:00,216900,219400,196900,201300,10605900
20001018 00:00,194400,210600,187500,201300,13878700
20001019 00:00,191600,198100,178800,189400,28857500
20001020 00:00,190600,205000,189400,195000,14289100
20001023 00:00,195000,205600,192500,203100,9166100
20001024 00:00,206900,208800,188100,188800,13561500
20001025 00:00,190600,191900,180000,185000,11759100
20001026 00:00,188100,188800,166900,185600,12648000
20001027 00:00,188800,191900,178800,185200,12724600
20001030 00:00,191300,199400,187500,193100,10813300
20001031 00:00,197500,202500,192500,195000,15498200
20001101 00:00,194400,208800,156300,204400,10084700
20001102 00:00,211300,224400,210600,223100,10140200
20001103 00:00,230000,230000,219400,223100,8744200
20001106 00:00,224400,226300,208800,213800,6786000
20001107 00:00,215000,218100,208100,213100,5302000
20001108 00:00,213800,214400,198100,200000,7603600
20001109 00:00,198800,210000,190600,202500,8461800
20001110 00:00,193600,198800,190600,190800,7408300
20001113 00:00,187500,200000,181900,193800,7544700
20001114 00:00,199400,205000,195600,201300,7055100
20001115 00:00,200300,201900,192500,199400,4959600
20001116 00:00,195000,198100,188800,190600,4141400
20001117 00:00,191900,192500,182500,185000,7634500
20001120 00:00,185900,195000,182500,189400,6953200
20001121 00:00,191900,195000,187500,188100,5256300
20001122 00:00,188100,191300,183800,185000,4975700
20001124 00:00,188600,195000,188100,192500,2873700
20001127 00:00,198800,199400,185000,186300,4415400
20001128 00:00,186900,190000,179400,180600,4084800
20001129 00:00,180900,183100,172500,176300,8301300
20001130 00:00,166900,170000,161300,165600,13490900
20001201 00:00,170000,175000,168100,170600,6625100
20001204 00:00,171900,171900,164400,167500,6551700
20001205 00:00,169400,174400,163800,170000,9477600
20001206 00:00,146300,150000,140000,143100,23394700
20001207 00:00,144400,148800,140000,143100,6910400
20001208 00:00,148100,153100,144400,151300,7484500
20001211 00:00,151900,153800,148800,151300,5853300
20001212 00:00,152500,160000,150000,154400,6418300
20001213 00:00,155600,160000,135600,149400,5720200
20001214 00:00,150300,152500,144400,144400,4489600
20001215 00:00,145600,146900,140000,141900,7256700
20001218 00:00,145600,146300,139400,142700,23599100
20001219 00:00,143800,152500,140000,140000,6447300
20001220 00:00,137800,146300,136300,143300,9706200
20001221 00:00,142500,150000,138800,141300,6146500
20001222 00:00,141300,150000,141300,150000,5312700
20001226 00:00,148800,150000,140000,146900,3759100
20001227 00:00,143400,148100,141900,148100,5752200
20001228 00:00,143800,149400,143100,147500,5356800
20001229 00:00,146900,150000,145000,148100,10068900
20010102 00:00,148800,152500,145600,149400,7772900
20010103 00:00,144400,166900,144400,163100,14144800
20010104 00:00,181900,185000,168100,170600,12722700
20010105 00:00,169400,173800,160600,163800,7075400
20010108 00:00,169200,169800,159400,166300,6486100
20010109 00:00,168100,176400,165600,171300,10200500
20010110 00:00,166900,170000,160600,165600,10143600
20010111 00:00,162500,185000,162500,180000,14242200
20010112 00:00,178800,180000,170600,171300,7276700
20010116 00:00,174400,182500,170000,170600,5444700
20010117 00:00,175600,175600,165000,167500,13014800
20010118 00:00,178100,187500,176300,187300,20751700
20010119 00:00,194400,195600,186900,194400,13851700
20010122 00:00,190600,196300,184400,191900,9124900
20010123 00:00,193100,209400,190600,205600,14691100
20010124 00:00,206700,207500,195600,205000,12179100
20010125 00:00,205600,205600,197500,198800,8337500
20010126 00:00,195000,198100,190600,195000,8447800
20010129 00:00,195600,217500,195600,217300,15160200
20010130 00:00,215600,220000,208800,217300,12206500
20010131 00:00,215000,228800,214400,216900,12279500
20010201 00:00,207500,215000,205000,211300,6386300
20010202 00:00,211300,219400,205000,206900,7439700
20010205 00:00,205000,205600,197500,201900,5939400
20010206 00:00,201600,214400,200000,210600,7985700
20010207 00:00,206600,208800,198100,207500,6385100
20010208 00:00,205600,210600,201900,207300,10119500
20010209 00:00,205000,208100,186900,191900,10287400
20010212 00:00,190600,200000,188100,196900,4838700
20010213 00:00,199400,204400,190000,190600,4113900
20010214 00:00,191900,196300,185000,195600,5509500
20010215 00:00,196900,205600,196900,200600,5541000
20010216 00:00,190000,195000,187500,190000,4444200
20010220 00:00,191900,194400,180000,182700,5259200
20010221 00:00,182500,199400,182500,188800,6407600
20010222 00:00,190600,193800,180000,187500,7571800
20010223 00:00,186300,188800,182500,188100,5087500
20010226 00:00,190600,196900,185600,195000,3513100
20010227 00:00,192800,194400,186900,193100,4770100
20010228 00:00,193800,194400,181300,183000,8610000
20010301 00:00,178100,187500,171900,187500,5864600
20010302 00:00,183100,204400,182500,192500,7002300
20010305 00:00,193800,205000,187500,203800,5328600
20010306 00:00,207200,220600,206900,214400,12945200
20010307 00:00,213100,216300,207500,212500,7489600
20010308 00:00,206900,211300,204400,208100,3827200
20010309 00:00,206300,206900,200000,201900,4672800
20010312 00:00,196900,198800,181300,186900,6718600
20010313 00:00,188800,195600,181900,195000,7811100
20010314 00:00,185000,205000,183800,203100,8516700
20010315 00:00,208800,219400,196900,197500,9131500
20010316 00:00,188800,203100,188800,195800,6447700
20010319 00:00,197500,206300,195000,205600,6164700
20010320 00:00,207500,209400,196900,197300,8244500
20010321 00:00,197800,208800,193800,200600,6530700
20010322 00:00,203800,217500,201900,216300,12540500
20010323 00:00,220000,235600,220000,229400,16460400
20010326 00:00,231300,237500,211000,217900,12710300
20010327 00:00,219400,230500,219000,228600,9367700
20010328 00:00,220800,228000,215000,221600,9942300
20010329 00:00,217700,236300,215000,225300,10635600
20010330 00:00,225500,227200,213400,220800,7157900
20010402 00:00,220900,226600,214000,215700,5547200
20010403 00:00,213600,214000,201300,202300,6406000
20010404 00:00,197600,202500,187500,197000,11674800
20010405 00:00,206000,270000,200000,208700,7732000
20010406 00:00,208000,210400,199000,205800,5531600
20010409 00:00,206900,213400,200000,205500,4314600
20010410 00:00,209000,227000,207800,220500,7863700
20010411 00:00,229800,230000,212800,217400,5567700
20010412 00:00,214200,230200,211500,224100,5166000
20010416 00:00,220800,224000,208600,214500,4840700
20010417 00:00,212000,212100,196000,203300,11454500
20010418 00:00,215700,240800,210800,227400,18293300
20010419 00:00,254700,263500,227000,257100,31835400
20010420 00:00,249500,256500,246000,250000,11065500
20010423 00:00,243400,255600,240000,242500,8252400
20010424 00:00,243300,255500,235100,240300,6662400
20010425 00:00,242100,248600,235700,247300,5714200
20010426 00:00,251700,266700,244900,247100,14075400
20010427 00:00,252000,262900,247500,262000,7687700
20010430 00:00,266600,271200,248700,254900,8578000
20010501 00:00,254000,265000,252000,259300,7368100
20010502 00:00,263400,267000,257600,265800,6323200
20010503 00:00,262500,299300,241000,249300,5129500
20010504 00:00,242400,258500,239600,257100,4724700
20010507 00:00,256200,266500,248400,249600,4771800
20010508 00:00,253500,254500,239500,246000,5406400
20010509 00:00,241400,245500,230000,239500,8202100
20010510 00:00,242100,245000,229500,229900,4735300
20010511 00:00,230100,234900,227600,228600,3430100
20010514 00:00,228900,236800,227500,233100,4542000
20010515 00:00,233700,280000,230400,231700,4189100
20010516 00:00,232600,245000,228500,241100,5454800
20010517 00:00,242300,243300,232200,235500,5697300
20010518 00:00,233600,236400,231200,235300,2856000
20010521 00:00,236300,239100,230500,235500,7902800
20010522 00:00,240000,241300,234000,235000,7130400
20010523 00:00,237500,252500,228600,233000,4477300
20010524 00:00,232900,233000,226200,232900,4302900
20010525 00:00,232000,232900,225000,227600,2767000
20010529 00:00,223200,225000,208100,214400,9877700
20010530 00:00,207400,215000,193000,197600,13040100
20010531 00:00,198000,202400,194900,199500,7583400
20010601 00:00,201300,215000,199800,208900,7055400
20010604 00:00,211000,211100,204600,206500,4877200
20010605 00:00,208000,211000,203500,209400,8040600
20010606 00:00,209300,209300,203300,207400,3801700
20010607 00:00,207100,217000,204500,216700,5600800
20010608 00:00,216500,216500,207100,213200,5864900
20010611 00:00,210500,210700,199500,200500,4782900
20010612 00:00,197700,206900,197600,203100,5749300
20010613 00:00,214200,220100,200600,204700,8722600
20010614 00:00,200400,221800,197700,198900,5204900
20010615 00:00,201000,215000,193500,204200,7551700
20010618 00:00,204100,208500,200000,203300,6071100
20010619 00:00,208500,214000,200100,201700,5640500
20010620 00:00,200000,218500,199800,216700,7809500
20010621 00:00,215500,230000,211000,224900,5661100
20010622 00:00,224800,230000,217600,222500,5199900
20010625 00:00,225000,240000,224500,239900,7584900
20010626 00:00,233400,239900,230100,237400,4751300
20010627 00:00,238300,240000,225000,233100,6324100
20010628 00:00,230900,239100,229400,235400,6034200
20010629 00:00,236600,257500,228900,241700,7861700
20010702 00:00,236400,242300,226900,239100,3935600
20010703 00:00,236500,241800,235000,238400,2015000
20010705 00:00,236000,237700,217500,231500,2458000
20010706 00:00,227600,229600,217200,220400,5190300
20010709 00:00,220900,230000,212900,226900,5972700
20010710 00:00,229500,230800,208400,211300,6434500
20010711 00:00,210300,225500,210000,225300,8163000
20010712 00:00,233000,248100,233000,243600,10560700
20010713 00:00,241300,250100,234300,248400,8139400
20010716 00:00,248800,251000,239100,239600,4421600
20010717 00:00,239800,252200,229600,250800,10158000
20010718 00:00,218500,227800,204200,207900,19256400
20010719 00:00,212300,214200,197500,199500,15090600
20010720 00:00,197000,200600,194900,199800,7595600
20010723 00:00,200900,205000,195100,195200,4031500
20010724 00:00,193900,199200,187300,190700,5975800
20010725 00:00,191200,193000,179700,184800,8130300
20010726 00:00,184800,188000,178500,186000,6454800
20010727 00:00,187500,192500,185000,189000,5884600
20010730 00:00,191200,199000,185100,189300,4297600
20010731 00:00,192700,194200,185100,187800,4030400
20010801 00:00,190100,197800,189500,190500,5208600
20010802 00:00,196500,198700,192600,198200,4380600
20010803 00:00,198900,199000,190000,195100,3280300
20010806 00:00,190400,196600,190000,191300,1695300
20010807 00:00,193300,196700,189800,192500,2839600
20010808 00:00,192600,197000,185400,189000,4699400
20010809 00:00,189600,191500,187200,190500,3550200
20010810 00:00,190400,193200,185900,190200,3246100
20010813 00:00,191000,193300,187600,190900,2553800
20010814 00:00,192000,193600,186700,187400,3994000
20010815 00:00,187600,189400,182000,184200,4396000
20010816 00:00,182700,190900,179700,186500,4917500
20010817 00:00,180000,184500,179900,180700,3421800
20010820 00:00,181400,188700,178100,181300,4403000
20010821 00:00,181400,181400,177000,179300,3105200
20010822 00:00,179400,182500,171000,182200,2960500
20010823 00:00,182000,183400,175800,178100,3411200
20010824 00:00,180000,186200,176500,185600,5144000
20010827 00:00,186000,193000,181600,189100,2996000
20010828 00:00,189000,191400,184000,184000,2857700
20010829 00:00,184400,188300,178300,178300,4091900
20010830 00:00,177400,181800,172800,178300,6236000
20010831 00:00,177300,186000,176500,184900,3667900
20010904 00:00,185000,190800,176300,182700,5838200
20010905 00:00,182400,189500,181200,185500,6377400
20010906 00:00,184000,189300,176500,177600,4776500
20010907 00:00,175000,181000,172000,172900,4254500
20010910 00:00,170000,175000,169200,173700,5521300
20010917 00:00,160000,170700,157300,170000,7867200
20010918 00:00,169000,177200,161700,162800,5654900
20010919 00:00,165000,170800,156000,170300,6367400
20010920 00:00,162900,169500,155000,156800,6304700
20010921 00:00,150000,162500,146800,157300,9512200
20010924 00:00,161100,168400,159500,164400,5032100
20010925 00:00,161400,162200,153500,155500,6531700
20010926 00:00,158100,158900,149300,151500,8668800
20010927 00:00,152500,157500,152000,155000,5500300
20010928 00:00,157100,159100,153900,155000,5304200
20011001 00:00,154900,159900,152300,155000,3473100
20011002 00:00,154300,158300,148800,150500,3772800
20011003 00:00,149500,155000,148300,149700,12254000
20011004 00:00,153500,162500,150000,158700,6880500
20011005 00:00,154000,161500,149900,161400,6063900
20011008 00:00,155800,163500,155000,162200,3343400
20011009 00:00,160500,162000,156300,160100,2996400
20011010 00:00,161000,168500,159500,168100,5334800
20011011 00:00,169200,177400,168500,177300,5932400
20011012 00:00,173100,180800,168600,180100,5089300
20011015 00:00,179500,183800,173600,180000,5284000
20011016 00:00,180900,182000,177700,179900,3523800
20011017 00:00,183400,184100,169600,169800,4573100
20011018 00:00,172900,182300,172900,180000,10969600
20011019 00:00,179400,184000,178800,182900,2915100
20011022 00:00,182100,190700,180900,190100,9710700
20011023 00:00,191200,194200,178700,181500,11853100
20011024 00:00,180600,191200,177500,189500,6595900
20011025 00:00,184400,192500,181600,190800,4500500
20011026 00:00,188600,192500,186200,186700,4817900
20011029 00:00,185700,186700,166400,176200,3961400
20011030 00:00,173800,180000,170600,176000,4837200
20011031 00:00,177300,184000,161700,175600,4761900
20011101 00:00,176500,187800,172500,186000,5312400
20011102 00:00,185200,188600,181600,185800,3368800
20011105 00:00,188400,192500,186100,191700,4098600
20011106 00:00,189600,196200,185300,195700,5505300
20011107 00:00,194600,201300,193300,195900,6191700
20011108 00:00,196300,200000,185700,187000,5899500
20011109 00:00,186000,192500,185500,187100,2359200
20011112 00:00,186600,191700,179600,187400,3512600
20011113 00:00,190800,200900,187100,193600,3292100
20011114 00:00,195900,200000,191500,196200,3824500
20011115 00:00,194500,199000,192300,194400,3597400
20011116 00:00,192800,192900,184000,189700,4043700
20011119 00:00,190000,200500,189600,200000,5533000
20011120 00:00,198200,202000,195000,195200,4446100
20011121 00:00,196100,198000,192600,196900,3419600
20011123 00:00,197100,199500,195700,198400,1066000
20011126 00:00,199400,215500,198800,213700,7386200
20011127 00:00,212000,215200,205100,210000,4646600
20011128 00:00,208500,222100,204100,205300,4388700
20011129 00:00,206000,207000,201900,204200,3512500
20011130 00:00,204700,214400,202500,213000,4978700
20011203 00:00,210600,212800,206000,210400,3052800
20011204 00:00,210500,225600,207200,224000,6669900
20011205 00:00,223600,240300,220000,237500,9748900
20011206 00:00,234800,235000,221400,227900,5846000
20011207 00:00,224600,227100,220000,225300,3169200
20011210 00:00,222900,229900,222300,225400,2844100
20011211 00:00,226700,228500,216500,217700,3451500
20011212 00:00,218700,219200,212500,214800,3230000
20011213 00:00,214900,215500,205000,209900,3077300
20011214 00:00,207300,208400,200900,203900,3252400
20011217 00:00,204000,210000,201900,207000,2970900
20011218 00:00,208900,213300,202200,210000,3979800
20011219 00:00,205800,216800,204700,215800,5092800
20011220 00:00,214000,214700,206200,206700,3810800
20011221 00:00,210100,215400,208000,210000,3355600
20011224 00:00,209000,217500,209000,214200,888600
20011226 00:00,213500,223000,211400,215600,2594400
20011227 00:00,215800,222500,215800,220700,3280800
20011228 00:00,219700,230000,219600,224200,4845100
20011231 00:00,225100,226600,218300,219000,2210300
20020102 00:00,220500,233000,219600,232500,9121200
20020103 00:00,230000,249300,227700,235500,10701000
20020104 00:00,233400,239500,223800,236900,7677000
20020107 00:00,237200,240000,227500,229100,7780300
20020108 00:00,227500,230500,220000,226400,8596000
20020109 00:00,228000,229300,208000,216600,5679800
20020110 00:00,212200,214700,202600,212300,7926700
20020111 00:00,213900,218400,206000,210600,6214000
20020114 00:00,210100,214000,209000,211500,7122500
20020115 00:00,213200,217600,212100,216800,4849000
20020116 00:00,214100,217000,205000,207800,9480400
20020117 00:00,219700,227400,199000,224800,11242700
20020118 00:00,220000,232700,212200,221700,5821500
20020122 00:00,222700,223700,218200,218200,5699400
20020123 00:00,218000,230400,215900,230100,8067000
20020124 00:00,229100,238300,229000,232100,4829400
20020125 00:00,228900,234200,226500,233000,3277700
20020128 00:00,234000,235500,227200,232500,3271400
20020129 00:00,232200,235400,228500,230700,4150400
20020130 00:00,230700,241400,212100,241400,8124200
20020131 00:00,241600,247200,232700,247200,7478000
20020201 00:00,243400,249600,243400,245000,7019500
20020204 00:00,243200,255200,242000,253500,9018700
20020205 00:00,250900,259800,244500,254600,7992400
20020206 00:00,256100,259800,240400,246700,10279100
20020207 00:00,246500,252900,240800,242800,5930500
20020208 00:00,244100,246400,229000,240200,6199500
20020211 00:00,239300,252500,237400,249800,7448400
20020212 00:00,246600,250400,244500,247100,3460200
20020213 00:00,247300,252400,246500,249900,5211700
20020214 00:00,250500,252300,243200,246100,4311800
20020215 00:00,245300,249800,238500,239200,4424100
20020219 00:00,237600,244100,224800,226000,6650700
20020220 00:00,227700,232000,223500,231600,4932300
20020221 00:00,229200,230000,214500,214500,7495800
20020222 00:00,216600,233600,215000,227400,6994200
20020225 00:00,228500,247200,223600,238100,6959400
20020226 00:00,239100,243700,232500,236600,4568600
20020227 00:00,239400,242500,209400,219800,18298000
20020228 00:00,221500,225900,213500,217000,7791900
20020301 00:00,219300,235000,218200,234700,6168000
20020304 00:00,232600,245800,227600,243100,5932700
20020305 00:00,241500,244300,234000,235300,4654800
20020306 00:00,234800,243400,229300,240700,3976800
20020307 00:00,240600,245300,236100,243700,4485500
20020308 00:00,247400,250900,243000,246400,4659800
20020311 00:00,246000,251400,241000,250500,4190200
20020312 00:00,245100,247400,241000,247400,4220200
20020313 00:00,243700,248500,241500,245000,3399700
20020314 00:00,243000,246000,238800,244300,3720200
20020315 00:00,244600,249500,217000,249500,3823400
20020318 00:00,249500,250500,243200,247300,4897900
20020319 00:00,246900,253000,243000,248000,4123400
20020320 00:00,246600,251400,245000,249200,5056800
20020321 00:00,238600,243000,230600,243000,10432500
20020322 00:00,242200,245600,238700,240900,3458800
20020325 00:00,240700,240900,232400,233400,4432600
20020326 00:00,232000,236400,224300,234600,4612100
20020327 00:00,233500,237200,232600,234900,2167800
20020328 00:00,237000,238800,234600,236700,1743500
20020401 00:00,233800,247000,232800,244600,3353500
20020402 00:00,240000,243000,238700,240800,3436900
20020403 00:00,240500,244900,227700,237600,3376500
20020404 00:00,236700,250500,236700,249000,5592500
20020405 00:00,249500,251900,241000,247200,4320700
20020408 00:00,241600,246800,237800,246100,4641900
20020409 00:00,245900,250000,240000,241300,3276100
20020410 00:00,242100,249500,240100,247100,3902600
20020411 00:00,250300,252000,247500,249100,6770000
20020412 00:00,250100,251700,245700,250500,5463500
20020415 00:00,250600,251500,248000,250000,5120700
20020416 00:00,251500,260000,244100,257600,13157300
20020417 00:00,259300,261700,253800,261100,6038000
20020418 00:00,255000,255200,240500,254200,6809600
20020419 00:00,254900,254900,249300,249800,6350100
20020422 00:00,248400,249300,242300,245300,4339700
20020423 00:00,245400,255000,240900,242300,4024500
20020424 00:00,243000,245000,236800,237600,2490300
20020425 00:00,235600,252500,235500,241200,3377700
20020426 00:00,242800,243700,230000,230100,5081600
20020429 00:00,231600,240600,230900,239600,4703100
20020430 00:00,238900,243800,237500,242500,4667200
20020501 00:00,242900,242900,230500,239400,3698700
20020502 00:00,238100,243400,236000,236500,3896000
20020503 00:00,235700,240200,234300,235100,3803000
20020506 00:00,233500,235000,224600,226500,4233700
20020507 00:00,229400,229500,221400,224700,4140600
20020508 00:00,232000,245200,230400,243700,7451000
20020509 00:00,242500,243500,222200,241900,3884700
20020510 00:00,242900,242900,229800,233300,4081500
20020513 00:00,235200,240900,229400,239300,4503100
20020514 00:00,244500,256800,242200,256100,8980400
20020515 00:00,253700,259800,248400,252700,5914400
20020516 00:00,250600,254500,247500,252300,4003900
20020517 00:00,254900,257800,246100,250100,3994600
20020520 00:00,245700,249300,245300,247200,4803000
20020521 00:00,248300,250000,234000,234400,4761100
20020522 00:00,233700,243700,233200,243200,5085100
20020523 00:00,244500,254700,240700,251800,6794300
20020524 00:00,249900,249900,239600,241100,2810300
20020528 00:00,237000,242000,234300,239800,2544200
20020529 00:00,239200,244400,234500,240600,3866700
20020530 00:00,237700,243800,235100,242000,3402600
20020531 00:00,240900,242500,232800,233200,6128100
20020603 00:00,233900,234500,223900,229000,4096400
20020604 00:00,228800,230400,221800,227800,6072000
20020605 00:00,228300,234500,223500,227000,4700100
20020606 00:00,229600,232300,220400,221200,4418500
20020607 00:00,217600,219400,209300,213900,10665600
20020610 00:00,214800,218400,213400,215000,4584400
20020611 00:00,216400,217000,204100,204500,5829200
20020612 00:00,204100,207500,199400,200900,9364500
20020613 00:00,200200,200500,193800,195400,6124300
20020614 00:00,192400,203600,181100,201000,7375600
20020617 00:00,202400,206300,198500,205200,5611600
20020618 00:00,204200,205900,199800,201500,5587700
20020619 00:00,173700,176000,168800,171200,29642500
20020620 00:00,171700,176000,168500,171200,6330600
20020621 00:00,169700,174900,167900,169200,5859900
20020624 00:00,167700,177300,167000,172700,7528400
20020625 00:00,174000,176800,168600,169700,5096300
20020626 00:00,168000,172900,159800,164200,9387500
20020627 00:00,167900,172700,164200,170500,4346300
20020628 00:00,171000,178200,169900,177100,4389700
20020701 00:00,177100,178800,170500,170700,3546200
20020702 00:00,170300,171600,168300,169400,5202000
20020703 00:00,168100,176800,167500,175600,3365200
20020705 00:00,177100,187900,177100,187300,2910000
20020708 00:00,185200,186100,176800,180100,3386900
20020709 00:00,180900,182900,174600,175200,3730900
20020710 00:00,177100,181700,172500,173200,3469900
20020711 00:00,172600,183500,169700,182800,4763700
20020712 00:00,185500,187900,172600,175000,7439000
20020715 00:00,174300,186000,168100,182600,4622400
20020716 00:00,181500,185700,171000,178600,7104200
20020717 00:00,161300,165700,151900,156000,20861000
20020718 00:00,155000,155600,147500,149900,9668300
20020719 00:00,147000,151700,145300,149600,6704600
20020722 00:00,147500,151900,146100,149000,7484100
20020723 00:00,149000,151300,144400,144400,6727700
20020724 00:00,143000,152200,142500,151900,6559300
20020725 00:00,149300,149500,140100,143700,8353300
20020726 00:00,144600,145300,138000,143300,3500300
20020729 00:00,144800,151000,143700,150300,4594000
20020730 00:00,148500,155100,145600,154200,5962700
20020731 00:00,154000,164000,149000,152500,5277900
20020801 00:00,151100,154200,147300,147900,3558200
20020802 00:00,147400,150000,142500,144600,3077100
20020805 00:00,145100,147000,139700,139700,3467500
20020806 00:00,142100,152300,140800,147400,4694600
20020807 00:00,150900,153600,143500,150400,5755300
20020808 00:00,148000,153800,147700,152900,3950000
20020809 00:00,152500,152500,147500,150000,3617200
20020812 00:00,149000,150200,146900,149300,2965900
20020813 00:00,149000,158500,145500,146100,4655800
20020814 00:00,146700,153500,145400,151700,6668400
20020815 00:00,152500,157500,150100,156000,5673700
20020816 00:00,154500,161000,152800,158100,4179400
20020819 00:00,157800,162500,157200,159800,3584000
20020820 00:00,159700,167500,155300,159100,3241000
20020821 00:00,160100,162400,154500,161500,3487200
20020822 00:00,162000,162500,156600,159600,4502900
20020823 00:00,159000,159300,154500,157200,2782800
20020826 00:00,159500,159500,151600,155600,3327900
20020827 00:00,157100,157400,147100,148500,4464500
20020828 00:00,148000,151200,146500,146900,4165700
20020829 00:00,146500,150800,145100,146900,2657500
20020830 00:00,147300,151400,145800,147400,2960700
20020903 00:00,144900,145500,140500,140500,4601100
20020904 00:00,142000,147800,141700,144500,7073400
20020905 00:00,142200,144500,140500,141900,3637700
20020906 00:00,145100,146500,142300,143800,2857600
20020909 00:00,142800,145300,141500,143700,2483700
20020910 00:00,144100,145000,141200,143400,4311400
20020911 00:00,143400,146000,141500,142800,3564100
20020912 00:00,142000,145100,141200,141400,4570900
20020913 00:00,141300,143400,140500,142100,4926500
20020916 00:00,141400,146100,141200,145000,4781100
20020917 00:00,145700,150300,145700,148000,7296000
20020918 00:00,146900,150900,145200,150100,5959400
20020919 00:00,147500,148000,144800,145700,3503600
20020920 00:00,146200,149400,145200,148100,5158700
20020923 00:00,147600,149600,144500,148500,3970200
20020924 00:00,144000,148200,144000,146300,4289900
20020925 00:00,146900,151700,146500,149400,4153900
20020926 00:00,151000,151900,145500,147100,3635000
20020927 00:00,144900,148500,144800,147200,3374600
20020930 00:00,144000,145700,141400,145000,3805000
20021001 00:00,145900,146000,140000,145000,5404900
20021002 00:00,143300,146300,141000,141700,3877000
20021003 00:00,141800,155500,140600,142900,3725400
20021004 00:00,143600,144000,140000,140200,3330200
20021007 00:00,139700,142100,137600,137700,4055400
20021008 00:00,139000,144500,133600,136700,7897100
20021009 00:00,135400,138500,134100,136000,6279000
20021010 00:00,136300,142200,135800,141000,5528500
20021011 00:00,142600,147800,141000,145100,4853914
20021014 00:00,145500,149800,144400,147700,3281546
20021015 00:00,152200,152500,147800,151600,6718573
20021016 00:00,148600,151300,144600,145700,4285267
20021017 00:00,142100,143900,139800,141200,8012398
20021018 00:00,140000,143500,139300,143500,4880616
20021021 00:00,142600,146300,140000,145600,4118782
20021022 00:00,144700,158000,142600,147000,3805018
20021023 00:00,146300,149800,145000,148800,3567166
20021024 00:00,150200,152100,145500,147000,2957698
20021025 00:00,147000,154500,145900,154200,4723115
20021028 00:00,155500,159500,152500,156000,6114344
20021029 00:00,155700,158800,149600,154400,4416190
20021030 00:00,154900,166500,154800,159700,4465654
20021031 00:00,159900,164400,159200,160100,4817642
20021101 00:00,159400,165000,158900,163600,3188813
20021104 00:00,165000,173800,163500,168800,6161467
20021105 00:00,167500,169700,163500,169000,3526039
20021106 00:00,170800,173200,167000,172200,3685004
20021107 00:00,169400,171000,158100,160000,5719174
20021108 00:00,160100,162000,155200,158500,3181773
20021111 00:00,157500,158900,151200,151800,2555023
20021112 00:00,153200,160400,152800,156300,3773941
20021113 00:00,155000,160700,152800,155900,3942528
20021114 00:00,159000,164100,157800,163300,2295638
20021115 00:00,162300,162400,157600,159000,2794754
20021118 00:00,161900,162000,155200,155500,2474690
20021119 00:00,155500,157500,150100,152700,3357161
20021120 00:00,153000,157000,152500,155200,3083701
20021121 00:00,159000,169300,157500,163400,6976478
20021122 00:00,160900,163100,150500,160100,3187524
20021125 00:00,160300,161400,157100,159700,3080903
20021126 00:00,158500,159000,152700,154000,3427720
20021127 00:00,156000,167600,154500,157300,4623892
20021129 00:00,157900,158800,154200,155000,2564552
20021202 00:00,159000,161000,150100,152000,6899707
20021203 00:00,152000,153400,151000,151800,3707976
20021204 00:00,151800,151900,145000,149900,5170015
20021205 00:00,150300,150800,145300,146400,4145081
20021206 00:00,146200,151900,145200,149800,4252095
20021209 00:00,149400,149500,146700,147600,3828679
20021210 00:00,147500,154500,147300,153100,5307794
20021211 00:00,153000,154900,150800,154900,4322493
20021212 00:00,155100,155500,150100,151600,2601009
20021213 00:00,151400,151500,146500,147900,2695980
20021216 00:00,148100,151000,146100,148400,4245858
20021217 00:00,148500,151900,146600,150100,3834171
20021218 00:00,148000,148600,145000,145600,2525299
20021219 00:00,145300,149200,141000,141800,5904745
20021220 00:00,143000,145600,137800,141500,4620362
20021223 00:00,141600,145500,141200,144900,1965148
20021224 00:00,144400,144700,143000,143600,712262
20021226 00:00,144200,148100,142800,144100,1369186
20021227 00:00,143100,143800,140100,140800,1338695
20021230 00:00,140800,141500,138400,140500,2590862
20021231 00:00,140000,143600,139500,143400,3292784
20030102 00:00,143600,149200,143500,148100,3064011
20030103 00:00,148000,149300,145900,149200,2387315
20030106 00:00,150300,153800,148800,148900,6763083
20030107 00:00,147900,150000,144700,148200,5872947
20030108 00:00,145800,147100,144400,145500,3702836
20030109 00:00,146100,149200,138000,146900,3339662
20030110 00:00,145800,148200,144900,147400,3050577
20030113 00:00,149000,149000,143600,147500,3043045
20030114 00:00,146900,148200,144900,146100,4344226
20030115 00:00,145900,147000,142600,144400,6253243
20030116 00:00,142100,154900,142100,146000,9528226
20030117 00:00,145600,145600,140800,141000,4486352
20030121 00:00,142100,144100,140000,140000,4263298
20030122 00:00,139800,141500,138500,138600,3556382
20030123 00:00,140500,143600,139500,142100,3904754
20030124 00:00,142400,142400,135600,137900,5226338
20030127 00:00,136900,145000,136500,141400,6756357
20030128 00:00,142400,146900,141600,146300,4953959
20030129 00:00,145300,151000,143000,148900,6241029
20030130 00:00,149800,150700,142900,143100,7230593
20030131 00:00,141900,145500,140500,143500,5687811
20030203 00:00,144100,149100,143500,146600,4529384
20030204 00:00,144500,146500,143100,146000,5330728
20030205 00:00,147100,149300,144000,144500,3834401
20030206 00:00,143600,145900,142200,144500,3084939
20030207 00:00,145500,146000,140700,141100,4480073
20030210 00:00,142600,145700,140600,143500,2649713
20030211 00:00,145000,146300,142000,143500,2643513
20030212 00:00,142700,146000,142700,143500,3597446
20030213 00:00,144100,146400,142400,145400,3447951
20030214 00:00,146100,147200,143500,146700,3804780
20030218 00:00,147500,153000,147200,152700,4549011
20030219 00:00,150700,151500,146800,148600,4113157
20030220 00:00,148500,149600,147100,147200,3775076
20030221 00:00,148200,150600,146500,149900,2589151
20030224 00:00,148600,150300,147400,147500,3077105
20030225 00:00,146800,150800,145900,150300,3153686
20030226 00:00,149900,150200,144800,145200,3722144
20030227 00:00,145700,150000,145100,148600,2560293
20030228 00:00,148600,150900,147700,150100,3056389
20030303 00:00,150100,151600,145500,146500,3509718
20030304 00:00,147400,148100,144400,145000,2101115
20030305 00:00,146100,148000,145200,146100,2058182
20030306 00:00,145800,146000,144000,145600,1592763
20030307 00:00,144700,147100,143100,145600,2506428
20030310 00:00,145100,146700,143000,143700,2159588
20030311 00:00,143600,144900,141200,142300,2849759
20030312 00:00,141700,143900,140200,142500,3745280
20030313 00:00,144700,148000,141700,147200,5519861
20030314 00:00,146800,150100,146400,147800,2748057
20030317 00:00,149100,150700,147100,150200,6766017
20030318 00:00,150000,150900,148200,150000,3714589
20030319 00:00,150700,151500,147900,149600,2333051
20030320 00:00,149300,149900,146000,149100,2849565
20030321 00:00,150900,151500,148100,149600,4889464
20030324 00:00,146700,148000,143500,143900,2625223
20030325 00:00,144100,148300,143700,145600,2856717
20030326 00:00,145500,145600,143000,144100,3007022
20030327 00:00,143200,147000,143200,144900,2072573
20030328 00:00,144000,146200,143700,145600,2365845
20030331 00:00,143700,145300,140400,141300,4139895
20030401 00:00,142000,143100,140700,141300,2460258
20030402 00:00,144000,146900,142700,146400,2775579
20030403 00:00,145600,147000,143500,144600,2588284
20030404 00:00,145200,146700,143900,144100,2358386
20030407 00:00,148300,149500,144100,144900,3200909
20030408 00:00,145100,146400,143600,144500,2156329
20030409 00:00,145200,146200,141400,141900,2400982
20030410 00:00,142000,143900,142000,143700,1864621
20030411 00:00,140500,144400,129400,132800,24638602
20030414 00:00,137100,137500,135000,135700,8692791
20030415 00:00,135900,136000,133000,133900,5251498
20030416 00:00,129900,136700,129200,132200,16439658
20030417 00:00,132000,132500,127200,131200,10804682
20030421 00:00,131300,131900,129800,131400,2671012
20030422 00:00,131900,136200,130900,135200,5165269
20030423 00:00,135300,136300,133700,135800,3656563
20030424 00:00,135200,136100,130000,134500,5522911
20030425 00:00,134600,135800,132300,133500,3619018
20030428 00:00,134800,139600,134300,138500,11134220
20030429 00:00,139800,141600,135800,140600,8051309
20030430 00:00,139300,143500,138500,142000,7858495
20030501 00:00,142500,143900,140000,143800,5528566
20030502 00:00,144600,145900,143400,144500,5802303
20030505 00:00,147700,168800,147500,160700,26719111
20030506 00:00,161800,179000,161100,174900,26563406
20030507 00:00,173300,182400,171100,176900,19087219
20030508 00:00,177300,189000,173000,180200,12211982
20030509 00:00,183200,184000,178800,182500,10374920
20030512 00:00,181500,187400,181300,185700,7335438
20030513 00:00,184300,189700,182700,185600,7903218
20030514 00:00,188300,188400,184300,185600,6147490
20030515 00:00,186000,188500,184000,187300,5164736
20030516 00:00,185900,189900,182800,189800,5459862
20030519 00:00,185500,186500,180600,181500,7714931
20030520 00:00,181000,181600,176000,177900,7255299
20030521 00:00,177900,180900,176700,178500,5112327
20030522 00:00,178900,184000,177400,182400,3074953
20030523 00:00,181800,184600,179600,183200,3403240
20030527 00:00,179600,189000,179100,188700,4962328
20030528 00:00,185000,186600,181500,182800,5591100
20030529 00:00,182900,185000,179000,181000,5793730
20030530 00:00,181200,181800,175300,179000,6362591
20030602 00:00,181600,182900,172700,174500,7242756
20030603 00:00,174400,176700,170200,173100,6058330
20030604 00:00,173000,177900,171400,175800,4571872
20030605 00:00,174500,177400,173300,176300,3426007
20030606 00:00,177400,180400,171400,171400,4090874
20030609 00:00,169400,170400,166300,168000,4484685
20030610 00:00,168700,172900,167500,171800,2924069
20030611 00:00,171500,175100,168100,174500,3555559
20030612 00:00,175300,178800,174900,177400,3897287
20030613 00:00,177500,179500,171300,174200,3276792
20030616 00:00,175900,182700,174500,182700,3905895
20030617 00:00,184000,185000,179900,181800,2966204
20030618 00:00,184300,194800,183100,191200,7170561
20030619 00:00,193600,196100,187700,191100,6524409
20030620 00:00,195300,195800,189000,192000,5560495
20030623 00:00,193000,196900,187500,190300,5248599
20030624 00:00,196300,196700,187500,187600,8412857
20030625 00:00,188600,194000,187100,190900,5487496
20030626 00:00,187000,193200,187000,192900,2739539
20030627 00:00,193000,193100,184800,187200,6289256
20030630 00:00,186300,192100,185900,190500,3199671
20030701 00:00,189400,191800,185100,190900,2856123
20030702 00:00,190300,194000,190200,193300,5378878
20030703 00:00,190000,195500,189900,190700,2435930
20030707 00:00,192500,201800,191300,199000,4774316
20030708 00:00,195200,205000,194900,204100,4254879
20030709 00:00,202100,204500,198900,198900,3631235
20030710 00:00,198900,199400,193700,195800,2853373
20030711 00:00,196700,200000,195300,198500,2257642
20030714 00:00,200600,204000,198700,199000,3215668
20030715 00:00,200300,202400,194300,196100,3344061
20030716 00:00,199700,200000,193800,198900,3666244
20030717 00:00,201800,209500,201000,209200,12905820
20030718 00:00,208900,211800,204000,208500,5128996
20030721 00:00,207200,208000,203000,206100,3202773
20030722 00:00,208800,209900,205000,208000,3447245
20030723 00:00,209400,209600,204600,208100,2383960
20030724 00:00,210400,215000,204100,205100,3845728
20030725 00:00,204100,215700,204000,215400,3742276
20030728 00:00,215000,215100,208600,209300,2861430
20030729 00:00,210100,210800,205200,208100,3351940
20030730 00:00,207700,209000,201700,202500,2964600
20030731 00:00,207300,213500,202800,211200,4475072
20030801 00:00,209900,212700,206400,206400,2461833
20030804 00:00,205300,215000,202800,212500,3590798
20030805 00:00,213800,214000,201000,203700,3809945
20030806 00:00,200600,201700,195000,196800,4191812
20030807 00:00,197900,200900,194200,198800,2921153
20030808 00:00,201000,201300,196000,196400,2196728
20030811 00:00,198000,199300,195100,196600,2176118
20030812 00:00,197600,198000,194600,196800,2609740
20030813 00:00,198500,203700,195800,201800,4832228
20030814 00:00,201600,203300,199400,199500,3550316
20030815 00:00,200200,200700,196600,197100,2165374
20030818 00:00,198500,204100,197200,203800,3317525
20030819 00:00,203700,204500,200000,202400,2168722
20030820 00:00,202000,212700,201400,210100,4650223
20030821 00:00,210300,217100,209500,216400,4316154
20030822 00:00,219900,220000,206400,208600,4184591
20030825 00:00,207800,209100,204900,208600,2369310
20030826 00:00,207500,210700,203500,210300,2855223
20030827 00:00,209100,214800,206600,214500,3687432
20030828 00:00,215900,222200,213300,222100,5543415
20030829 00:00,222000,228500,220500,226400,4411862
20030902 00:00,226900,229000,224000,228500,4105724
20030903 00:00,228000,233200,227600,229800,4935615
20030904 00:00,231600,232500,227700,228300,3278605
20030905 00:00,227500,231500,224100,224500,4079210
20030908 00:00,225000,227900,224700,227100,2866165
20030909 00:00,225500,226700,221200,223600,3090628
20030910 00:00,222500,226100,221100,222600,3718094
20030911 00:00,222500,227900,221000,225400,3590474
20030912 00:00,224800,231400,223100,230800,3131781
20030915 00:00,228000,229000,221300,222500,3770502
20030916 00:00,222100,227000,222000,222800,4562446
20030917 00:00,223700,223800,218600,221500,5047779
20030918 00:00,220500,229900,219500,229300,4541765
20030919 00:00,228800,230500,224300,226200,3046812
20030922 00:00,221800,225000,219200,221200,3105603
20030923 00:00,220300,224600,218800,224300,2373195
20030924 00:00,222500,223500,210800,212600,5160629
20030925 00:00,213400,213700,202500,203000,10442657
20030926 00:00,202800,210200,201500,206500,6058519
20030929 00:00,214000,216700,206500,213800,6265799
20030930 00:00,210900,213600,204400,206200,4580421
20031001 00:00,207500,211000,201900,207900,4054439
20031002 00:00,208000,208000,202800,205700,3400047
20031003 00:00,210000,218600,208800,217700,5080520
20031006 00:00,216700,223300,215800,222900,4446173
20031007 00:00,220500,234100,219100,232200,7106564
20031008 00:00,232500,235400,227300,230600,7487502
20031009 00:00,233000,236700,227900,234500,6024474
20031010 00:00,235000,238100,233700,237200,2909583
20031013 00:00,238000,244100,237200,243400,4677340
20031014 00:00,243300,247400,223800,246000,3888389
20031015 00:00,248400,250100,245800,248500,9838429
20031016 00:00,238000,238400,224100,231900,17471338
20031017 00:00,234400,234900,224300,227300,6181420
20031020 00:00,226000,233400,223800,232300,4842875
20031021 00:00,233100,234000,227500,231800,2796085
20031022 00:00,229300,232000,226800,228500,2519936
20031023 00:00,227300,231500,225900,228700,2804733
20031024 00:00,225600,228500,222300,226000,3683712
20031027 00:00,227500,228900,224900,226200,2798803
20031028 00:00,225400,237700,223200,235500,4333551
20031029 00:00,235100,239000,233400,236900,3243343
20031030 00:00,239900,240000,228700,230500,4611733
20031031 00:00,232800,233500,227800,228300,3623392
20031103 00:00,228300,233000,227800,232700,4798412
20031104 00:00,230800,231000,225900,229100,4255713
20031105 00:00,228200,231300,224700,230300,5561040
20031106 00:00,229100,231500,226500,231200,7133593
20031107 00:00,231900,232400,224500,224500,3583446
20031110 00:00,224400,229600,218400,219000,4014748
20031111 00:00,218500,220200,214800,215700,3772162
20031112 00:00,214800,227200,214800,223400,5021429
20031113 00:00,220700,225600,219200,224400,3723946
20031114 00:00,225300,226100,212800,214600,4105749
20031117 00:00,213700,213700,209700,211700,3879294
20031118 00:00,212100,213400,203500,203500,4583032
20031119 00:00,205600,206500,202600,203400,6061588
20031120 00:00,204600,210800,201000,203500,4054672
20031121 00:00,203400,205800,198500,202800,4102100
20031124 00:00,204900,212700,204400,211200,6565550
20031125 00:00,212300,212500,206100,207000,4334878
20031126 00:00,208900,211500,202500,206800,3826812
20031128 00:00,207700,210700,205200,209000,1355183
20031201 00:00,210500,218500,210000,218000,5667136
20031202 00:00,216200,219000,214100,215100,3568916
20031203 00:00,216000,218400,209600,211300,3319669
20031204 00:00,209400,211600,207800,211500,3045290
20031205 00:00,209000,211500,207300,208900,3133474
20031208 00:00,207800,210800,204100,210500,2345229
20031209 00:00,211700,212500,204000,204900,2286801
20031210 00:00,205100,206100,199600,203900,4213875
20031211 00:00,202500,213400,202100,211900,3124635
20031212 00:00,211700,213200,207000,209000,3390312
20031215 00:00,213900,214900,200900,200900,6215098
20031216 00:00,201000,222000,200200,201000,6423761
20031217 00:00,200000,201300,197900,199700,4309556
20031218 00:00,199000,201800,199000,200900,5610538
20031219 00:00,201900,204200,196500,197000,6785337
20031222 00:00,196500,198900,192500,198500,6179746
20031223 00:00,199200,199500,196000,198800,5229035
20031224 00:00,197100,205900,196500,204200,3172450
20031226 00:00,203700,209100,203400,207200,1838468
20031229 00:00,209100,211500,208600,211100,3858601
20031230 00:00,211800,215000,211500,212500,3604773
20031231 00:00,213500,215300,211800,213700,2721718
20040102 00:00,215400,217500,211800,212100,2296599
20040105 00:00,214200,223900,214200,221000,6727065
20040106 00:00,222400,224200,217100,221000,7778117
20040107 00:00,221000,228300,207000,225900,9833296
20040108 00:00,228300,246900,226500,234000,7786092
20040109 00:00,232300,241300,227900,229600,7502048
20040112 00:00,232600,240000,223000,238000,8097023
20040113 00:00,246200,248400,235000,240400,11105205
20040114 00:00,244000,245400,237800,242700,10011242
20040115 00:00,228500,234000,225000,228300,17797181
20040116 00:00,230300,230400,226200,226500,6234849
20040120 00:00,226700,228000,221000,227600,5258150
20040121 00:00,227000,229700,224300,226500,3915577
20040122 00:00,226300,228300,221800,221800,3543392
20040123 00:00,222500,227400,222500,226100,3912298
20040126 00:00,225200,230600,224300,230400,4610352
20040127 00:00,230300,232500,228000,229400,4944499
20040128 00:00,228400,233800,224200,224700,4717904
20040129 00:00,226200,228000,221900,227000,3634190
20040130 00:00,226500,228700,224200,225100,3730050
20040202 00:00,224600,228100,220900,221200,4682047
20040203 00:00,223000,224000,220000,223000,3072723
20040204 00:00,220000,220900,217000,217800,5086720
20040205 00:00,218200,229100,218100,225100,5678294
20040206 00:00,224500,228900,224000,227400,3071970
20040209 00:00,225600,228600,225000,226700,3466677
20040210 00:00,226300,231200,224400,229900,3962210
20040211 00:00,231200,238700,230500,238400,6090711
20040212 00:00,236100,240000,236000,237300,3190280
20040213 00:00,238500,241000,228300,229900,5269352
20040217 00:00,231000,234900,231000,231700,2815475
20040218 00:00,231600,234400,230500,232600,2375772
20040219 00:00,233100,236400,224200,224400,5598155
20040220 00:00,224900,225100,222100,223500,4655473
20040223 00:00,223800,225000,218900,221500,3295084
20040224 00:00,221300,227400,220000,223200,4393323
20040225 00:00,222200,237000,222100,228300,4509087
20040226 00:00,228400,231800,228000,230400,3321636
20040227 00:00,229600,240200,227000,239400,7826497
20040301 00:00,240900,245000,238700,240500,5127484
20040302 00:00,239900,241000,237700,238300,4041261
20040303 00:00,236000,241900,236000,238900,3825242
20040304 00:00,239600,252200,239000,251600,10685333
20040305 00:00,249600,279000,249000,268200,27326885
20040308 00:00,267900,294600,258000,260000,9035563
20040309 00:00,259000,272300,257500,270500,10845951
20040310 00:00,270300,281400,269400,276600,17636890
20040311 00:00,272900,280400,270900,271400,10050797
20040312 00:00,273300,277800,271700,275700,5756140
20040315 00:00,270000,273500,262600,264800,8458037
20040316 00:00,265800,266100,253900,258500,10630647
20040317 00:00,260900,263800,257800,261900,6790242
20040318 00:00,259200,260600,255900,256800,5431215
20040319 00:00,257000,269400,255400,258700,6539695
20040322 00:00,253000,261700,252500,258600,7461153
20040323 00:00,259200,260000,252300,253000,6653217
20040324 00:00,253000,257500,252700,254900,6595136
20040325 00:00,261000,269100,252600,268000,8608936
20040326 00:00,270500,299000,269100,270500,7028796
20040329 00:00,274000,279900,272000,279100,5686812
20040330 00:00,277200,279500,273400,279100,6079218
20040331 00:00,279000,279800,269500,270500,6129424
20040401 00:00,269000,272700,266200,269800,5248146
20040402 00:00,277400,279300,272300,275000,4657475
20040405 00:00,274800,283700,274400,283400,6560265
20040406 00:00,276900,281500,274300,278300,4339799
20040407 00:00,276200,277000,269200,273000,4479797
20040408 00:00,279000,280000,272000,275300,3518374
20040412 00:00,275000,281000,274900,280300,4013677
20040413 00:00,280300,280300,268400,269400,7595371
20040414 00:00,267800,280000,263100,266400,8510747
20040415 00:00,288200,295800,281600,292900,30117258
20040416 00:00,290700,293100,285000,291800,6746407
20040419 00:00,281300,287500,278300,283500,11803350
20040420 00:00,282600,284100,275600,276700,6050964
20040421 00:00,276000,288300,265000,277500,5208543
20040422 00:00,276200,281800,271100,278200,5927920
20040423 00:00,277400,280000,270500,277000,5487744
20040426 00:00,275800,276400,270000,271400,3872747
20040427 00:00,273400,273400,266900,269100,4942694
20040428 00:00,268300,270100,263400,265000,3785082
20040429 00:00,263200,270000,259800,268300,7686184
20040430 00:00,267200,269600,254900,257700,7877484
20040503 00:00,260000,263300,257400,261000,4383986
20040504 00:00,259700,265500,255000,261600,4959511
20040505 00:00,262000,267500,259600,266400,3632256
20040506 00:00,264100,267500,259000,265800,4477566
20040507 00:00,265500,275700,265500,267000,7254363
20040510 00:00,262600,266000,259400,261200,4216318
20040511 00:00,263500,271900,255800,270800,5141612
20040512 00:00,267900,273400,262000,272900,4286336
20040513 00:00,271000,277200,269000,271900,3686449
20040514 00:00,272400,273200,260000,270000,4612001
20040517 00:00,267000,287600,263600,266400,5309216
20040518 00:00,269600,272900,268000,270600,3404530
20040519 00:00,274000,275000,264200,264800,6385714
20040520 00:00,267000,270000,255800,267000,3385347
20040521 00:00,269600,272000,267300,271100,2762683
20040524 00:00,271600,279000,271300,273700,4041489
20040525 00:00,274700,285100,272900,284100,5505282
20040526 00:00,283100,287800,280000,285100,5629807
20040527 00:00,284400,286000,278200,281500,3759315
20040528 00:00,280800,282700,278000,280800,2241421
20040601 00:00,277900,282000,276100,280400,3121734
20040602 00:00,280300,291700,278000,289300,5496755
20040603 00:00,287100,289900,282900,284900,4376265
20040604 00:00,285600,292500,285100,288200,6304500
20040607 00:00,290000,299800,288100,298000,5058541
20040608 00:00,300000,304400,298300,303000,7139801
20040609 00:00,300300,307100,300000,302500,5867721
20040610 00:00,303200,309700,302300,307000,4457582
20040614 00:00,306300,306800,295000,300600,4232396
20040615 00:00,305600,311400,302600,306800,7752733
20040616 00:00,306200,333200,305300,327300,16724386
20040617 00:00,325900,331300,322000,328100,8955362
20040618 00:00,325800,334100,323900,329200,5960942
20040621 00:00,330500,335000,321200,322900,6527457
20040622 00:00,323200,330900,322900,330000,6056122
20040623 00:00,330000,338300,328900,336500,6880535
20040624 00:00,335500,337000,329800,331600,4234378
20040625 00:00,331700,336300,330500,334600,4555939
20040628 00:00,340800,341900,322100,324800,9152284
20040629 00:00,320600,329900,314100,324900,10484466
20040630 00:00,325100,329700,318900,324900,6083908
20040701 00:00,322500,325300,319000,322900,5919613
20040702 00:00,304500,311800,297300,310800,14873487
20040706 00:00,312600,314200,308000,309500,5759511
20040707 00:00,308000,313600,301300,302500,6702361
20040708 00:00,301200,306800,299500,300500,3863624
20040709 00:00,302700,305000,300400,301000,3171290
20040712 00:00,300200,300400,289300,291500,8760885
20040713 00:00,292500,296000,290200,291800,5229437
20040714 00:00,288300,299700,287400,295900,12087406
20040715 00:00,326600,339700,321100,328500,30434278
20040716 00:00,328500,329200,321200,321900,7673586
20040719 00:00,320500,322200,316600,319400,9093009
20040720 00:00,319500,322000,315500,322000,4841807
20040721 00:00,323100,327100,313400,316300,5018572
20040722 00:00,313400,317300,310600,316400,5638793
20040723 00:00,317400,317500,304800,306600,4788429
20040726 00:00,308900,314500,307800,312700,6621338
20040727 00:00,318000,327500,315700,324300,7317109
20040728 00:00,323000,324100,311600,322300,4921173
20040729 00:00,325000,328200,321300,326500,3843286
20040730 00:00,327100,330000,320000,323600,4255005
20040802 00:00,312100,322000,311300,315800,6331488
20040803 00:00,315000,317200,311500,313200,3650806
20040804 00:00,311900,321200,311700,317700,4685954
20040805 00:00,317200,323000,312500,313800,4172493
20040806 00:00,309200,311000,297000,297200,8367654
20040809 00:00,298500,304500,298100,302700,4666653
20040810 00:00,304200,315400,303500,315100,5405397
20040811 00:00,310400,311300,302600,310000,5545092
20040812 00:00,304500,308500,302800,304200,3843882
20040813 00:00,306700,312800,304000,308300,5295871
20040816 00:00,310000,317200,306400,307800,7142937
20040817 00:00,305900,311300,303500,308800,5561880
20040818 00:00,305200,318500,304900,317800,6203405
20040819 00:00,315300,318600,303600,306900,6664568
20040820 00:00,307000,309900,304900,307900,5443583
20040823 00:00,309000,312700,306000,310700,4342021
20040824 00:00,312500,319400,311900,319200,6271983
20040825 00:00,319300,331500,317300,330500,8659041
20040826 00:00,330500,351800,327400,346600,16817887
20040827 00:00,345800,347600,312800,343500,6878884
20040830 00:00,340100,355400,339600,341100,3623523
20040831 00:00,340700,349500,340000,343900,6217497
20040901 00:00,343400,359900,341900,358400,9006654
20040902 00:00,354700,358100,345400,357300,6987513
20040903 00:00,350300,359200,350100,352300,5085149
20040907 00:00,354000,361900,352300,358200,5402194
20040908 00:00,357500,365700,356800,363200,6061471
20040909 00:00,360800,363000,352800,357000,8037677
20040910 00:00,357400,362300,354600,358600,5329419
20040913 00:00,358800,360700,350500,355300,4574584
20040914 00:00,353000,355500,347800,354900,4310100
20040915 00:00,353800,354800,348000,351500,3847849
20040916 00:00,352000,367600,351200,362900,7968046
20040917 00:00,365500,373800,364000,371500,7688061
20040920 00:00,369000,379800,368700,377200,4273236
20040921 00:00,377500,388700,374600,384100,6574255
20040922 00:00,381000,381400,368100,369200,6971966
20040923 00:00,370400,375000,369300,372700,6905477
20040924 00:00,373600,380000,371500,373400,6406864
20040927 00:00,369700,379800,368300,375300,6908050
20040928 00:00,374700,382900,374500,379600,6064334
20040929 00:00,379300,388600,378200,386500,4656664
20040930 00:00,390000,399800,384500,387200,6458670
20041001 00:00,391500,391900,385800,386700,7253439
20041004 00:00,389100,391700,387600,387600,9867199
20041005 00:00,385600,396700,384000,396300,6547605
20041006 00:00,394700,407600,394700,406300,7317414
20041007 00:00,405400,409300,394600,395900,7409878
20041008 00:00,395700,397700,388400,390500,6291721
20041011 00:00,388000,389500,382000,386300,5766445
20041012 00:00,385000,385800,376500,383600,8130555
20041013 00:00,388600,397600,387400,396100,13637567
20041014 00:00,430300,457500,425500,449700,46207682
20041015 00:00,449200,456100,440000,455700,17642187
20041018 00:00,448000,477400,440000,476700,20606493
20041019 00:00,481000,483500,473100,474000,13897561
20041020 00:00,471800,476000,466500,474700,9918333
20041021 00:00,476700,481300,473100,479500,11733833
20041022 00:00,472000,476700,470200,474500,8318392
20041025 00:00,472100,478400,470600,475100,6881400
20041026 00:00,474500,480500,469700,479600,9863422
20041027 00:00,486600,506200,481700,503200,19885445
20041028 00:00,498900,522200,495000,521700,15134568
20041029 00:00,519600,532000,518000,523900,14058321
20041101 00:00,525000,532600,520400,523300,10189672
20041102 00:00,523500,540800,523500,535000,12610053
20041103 00:00,544200,561100,539900,553200,19732532
20041104 00:00,550900,555500,543700,544500,15831845
20041105 00:00,550000,550000,520400,547000,21155354
20041108 00:00,543900,554500,538600,543100,9144536
20041109 00:00,543000,545500,533800,540700,7972395
20041110 00:00,540000,553900,539100,547500,8747549
20041111 00:00,549500,554300,542300,553700,6920589
20041112 00:00,550700,556900,548400,555000,6695185
20041115 00:00,550800,559700,543400,551700,6467800
20041116 00:00,552300,552400,544800,549200,5103307
20041117 00:00,551700,554500,542200,549000,6885025
20041118 00:00,543000,554500,542900,554000,8038004
20041119 00:00,553600,569100,545000,551000,13187176
20041122 00:00,580000,640000,579000,613500,44278258
20041123 00:00,623200,645600,610500,612800,15201677
20041124 00:00,616800,652000,615500,640000,24549426
20041126 00:00,654200,657600,643400,646900,9340944
20041129 00:00,690000,695700,674100,684400,28794688
20041130 00:00,687500,687900,672100,672700,16050227
20041201 00:00,677900,696000,662700,677900,13894472
20041202 00:00,661100,669000,640000,652000,16941646
20041203 00:00,645500,650000,617500,627100,21778046
20041206 00:00,643200,662400,629500,658400,21233122
20041207 00:00,659300,668000,626000,628800,18063784
20041208 00:00,630600,659500,620500,632900,12279283
20041209 00:00,627500,644000,620700,639500,12935355
20041210 00:00,650400,660500,647000,651100,13437988
20041213 00:00,657800,659000,646000,649000,6750866
20041214 00:00,653400,658800,650200,652900,7224962
20041215 00:00,652400,654600,646600,652800,6933309
20041216 00:00,661600,675000,660500,666100,17812837
20041217 00:00,668300,670400,649000,649900,12529902
20041220 00:00,654800,660000,617600,627000,20201849
20041221 00:00,634800,637700,616000,637000,18494903
20041222 00:00,641900,643600,634000,637600,9871516
20041223 00:00,636400,642500,636000,640000,4276318
20041227 00:00,648000,651500,628800,631700,9410418
20041228 00:00,632900,642500,620500,642200,10685428
20041229 00:00,638400,649800,635700,644300,7771599
20041230 00:00,648100,650300,642200,648200,5852103
20041231 00:00,649600,650000,640300,644000,4538362
20050103 00:00,647800,667500,626000,633200,11852743
20050104 00:00,638000,656100,629500,639400,18596401
20050105 00:00,644700,652500,615800,645100,11841854
20050106 00:00,647300,649100,633300,645800,12283418
20050107 00:00,650000,696300,636800,692400,39168109
20050110 00:00,699000,707000,678800,689300,30216518
20050111 00:00,683500,692000,641400,645300,45997170
20050112 00:00,654500,659000,633000,655100,27735067
20050113 00:00,736500,746000,697300,698300,52626021
20050114 00:00,702500,717200,691900,702000,30606070
20050118 00:00,697400,707000,677500,706600,17448488
20050119 00:00,706000,714600,697500,699000,13024074
20050120 00:00,696400,712700,694700,704400,15658495
20050121 00:00,712600,719600,700000,705300,15685791
20050124 00:00,709800,717800,705500,708900,14679367
20050125 00:00,713900,728400,709400,720600,16959746
20050126 00:00,726800,727600,710200,722400,12659168
20050127 00:00,721600,729200,715500,725900,8558897
20050128 00:00,726000,739700,724400,739700,13869330
20050131 00:00,745800,779400,745100,768800,29352000
20050201 00:00,770500,777700,765800,775300,11730603
20050202 00:00,779000,799100,776900,796000,18240158
20050203 00:00,791000,798500,773300,778000,12818239
20050204 00:00,779600,789300,775300,788200,9629274
20050207 00:00,789400,793500,775000,789200,9118892
20050208 00:00,790400,813800,779900,808900,15688411
20050209 00:00,810000,819900,781000,788000,20970531
20050210 00:00,787200,792800,766600,784500,18944242
20050211 00:00,798700,819500,786000,812600,20338677
20050214 00:00,827300,847900,820500,846400,22213934
20050215 00:00,865600,890800,860000,883700,39676089
20050216 00:00,880900,902000,873500,901200,27746833
20050217 00:00,907200,908800,874500,878100,26494587
20050218 00:00,877700,878300,862500,867400,19968123
20050222 00:00,863100,883000,853000,853800,20794240
20050223 00:00,867100,884500,824700,882200,23551799
20050224 00:00,884800,899200,877300,889000,26721628
20050225 00:00,896200,899100,881900,889700,15696091
20050228 00:00,446700,451400,439600,448400,21957556
20050301 00:00,450400,451100,441600,444300,15622033
20050302 00:00,442500,448900,440800,441300,14594272
20050303 00:00,443400,444100,412200,418000,49204493
20050304 00:00,427700,430100,418500,428000,25598841
20050307 00:00,428300,432500,420400,427000,15571260
20050308 00:00,419000,421600,401000,405000,35250813
20050309 00:00,396300,402800,388300,394000,45527144
20050310 00:00,395100,420000,391000,398900,26756456
20050311 00:00,402100,405900,389500,402900,21625581
20050314 00:00,405200,407900,395200,403400,20299015
20050315 00:00,406400,411400,402500,409800,17487244
20050316 00:00,411300,423100,407800,411700,22588187
20050317 00:00,415300,428800,413200,423000,27479437
20050318 00:00,433300,434400,425000,429400,28208573
20050321 00:00,433300,447600,428600,437000,18498796
20050322 00:00,436500,439600,426800,428100,19001175
20050323 00:00,424500,434000,420200,425200,20793364
20050324 00:00,429500,430000,425000,425500,11944064
20050328 00:00,427900,429900,418200,425500,9307331
20050329 00:00,425600,428300,415000,417500,15928748
20050330 00:00,421500,428000,418200,427900,13555122
20050331 00:00,424500,429000,415900,417800,20573124
20050401 00:00,421000,421800,405700,409000,22179617
20050404 00:00,410000,413000,401600,410800,19665545
20050405 00:00,412200,422400,410900,418800,19440099
20050406 00:00,423700,445000,421500,423200,14374165
20050407 00:00,423300,435500,422500,435500,16974096
20050408 00:00,437400,444500,435400,437500,22694308
20050411 00:00,442300,442500,419100,419300,27916721
20050412 00:00,425700,431900,420100,427000,33964157
20050413 00:00,429500,429900,409300,410000,41333629
20050414 00:00,388000,399800,368400,372800,91488039
20050415 00:00,363500,372500,352800,353200,58652202
20050418 00:00,350800,363000,340000,356200,45838537
20050419 00:00,365100,374400,358700,370700,37192127
20050420 00:00,377500,377500,354400,355600,32623697
20050421 00:00,364000,372100,359000,371800,26164853
20050422 00:00,368000,370000,349000,354900,29142357
20050425 00:00,364800,370200,361100,370000,25694256
20050426 00:00,368400,375100,361200,361900,27843950
20050427 00:00,358900,366300,355100,359200,20947874
20050428 00:00,362900,363200,352400,355400,19341308
20050429 00:00,361300,362300,352200,360400,22115462
20050502 00:00,362500,366500,360200,364200,16045884
20050503 00:00,363800,367400,360300,362800,16763046
20050504 00:00,361100,372000,361000,371500,15199655
20050505 00:00,372900,372900,364700,366900,13543021
20050506 00:00,368800,373300,367900,372500,11138660
20050509 00:00,372400,374500,367500,369700,12100427
20050510 00:00,367500,372500,363300,363800,15184162
20050511 00:00,352300,356700,331100,356000,71152636
20050512 00:00,354200,355900,340000,341600,33155514
20050513 00:00,341700,352300,340700,347600,24434343
20050516 00:00,345600,357100,345300,355300,16610933
20050517 00:00,351400,354600,345400,353600,20320717
20050518 00:00,355000,375600,349900,358300,21999995
20050519 00:00,358800,376800,356400,375400,26972402
20050520 00:00,372500,376500,371900,375600,15681191
20050523 00:00,378500,399400,377800,397200,36560050
20050524 00:00,394500,399900,390300,397000,20480892
20050525 00:00,395200,399500,393200,397800,13666028
20050526 00:00,400000,409400,388000,407400,17818350
20050527 00:00,406600,407900,400100,405200,10910450
20050531 00:00,406700,407400,395800,395800,13119201
20050601 00:00,398900,407600,398600,402900,15303219
20050602 00:00,402700,403200,396000,400500,12842579
20050603 00:00,381700,385800,377700,382400,31043659
20050606 00:00,383500,386300,375600,378900,27932496
20050607 00:00,376600,377300,364500,365500,25947546
20050608 00:00,366300,372500,366000,369300,13901306
20050609 00:00,369700,379400,368200,376600,13631423
20050610 00:00,374000,374000,355200,358000,23748217
20050613 00:00,358900,366100,358200,359000,15087647
20050614 00:00,360100,361500,357500,359800,12022316
20050615 00:00,368700,373000,363000,371200,18924299
20050616 00:00,371900,380800,368200,379700,18737744
20050617 00:00,385600,386500,378300,382500,18723657
20050620 00:00,378500,386900,374500,376100,10993938
20050621 00:00,376500,381900,373800,378600,12928342
20050622 00:00,382600,386000,381400,385500,14853777
20050623 00:00,388300,399400,386500,389100,23704412
20050624 00:00,390900,391200,376800,378000,12438931
20050627 00:00,368600,381000,366800,371000,20270228
20050628 00:00,374800,375900,371700,372900,12017759
20050629 00:00,372300,372900,361200,363700,15642106
20050630 00:00,366100,371600,363100,368000,13800717
20050701 00:00,368300,369700,362900,365100,8251765
20050705 00:00,366000,381500,365000,379700,15613401
20050706 00:00,377600,381600,372000,373900,13558807
20050707 00:00,368200,377600,368000,376600,13139935
20050708 00:00,378700,382800,374700,382500,10012611
20050711 00:00,383700,386500,377800,381000,13147468
20050712 00:00,382300,384000,379100,382500,13392739
20050713 00:00,382900,385000,379000,384100,20008574
20050714 00:00,408000,420100,402300,407500,69397778
20050715 00:00,409700,415700,404600,415600,24042412
20050718 00:00,414100,421000,413700,414400,20314819
20050719 00:00,415000,432300,414900,432100,23288981
20050720 00:00,428600,438000,426500,436400,15800471
20050721 00:00,436500,440400,429000,433000,14182629
20050722 00:00,434400,440000,433900,439600,10281299
20050725 00:00,439900,442800,437300,438200,10241929
20050726 00:00,440100,441100,433600,435800,9140239
20050727 00:00,438100,440700,426700,439900,9875040
20050728 00:00,439400,448100,433000,437400,8564817
20050729 00:00,435600,443800,422600,426600,19019374
20050801 00:00,426000,430800,420800,427100,10734880
20050802 00:00,428900,437700,422700,431900,10307538
20050803 00:00,431900,433100,427700,432000,8289736
20050804 00:00,429200,430000,422900,426600,9325444
20050805 00:00,424900,433600,420200,430000,8214592
20050808 00:00,430000,432500,426100,427100,5793374
20050809 00:00,429300,438900,429100,438200,12877113
20050810 00:00,440000,443900,433100,434200,12751140
20050811 00:00,432800,441200,432500,439800,9325701
20050812 00:00,434600,462200,433600,461100,31110769
20050815 00:00,464900,483300,464500,476800,37035746
20050816 00:00,473900,475000,462100,462900,18578496
20050817 00:00,464200,474400,462500,471700,17505505
20050818 00:00,469700,470000,457500,462800,15293553
20050819 00:00,462600,467000,457700,458300,13016253
20050822 00:00,461500,467500,452600,458600,13426583
20050823 00:00,458500,461000,453200,457200,10301745
20050824 00:00,456100,471200,455900,457800,19920175
20050825 00:00,461200,464900,458100,460300,9579733
20050826 00:00,461100,463400,453600,457500,9056854
20050829 00:00,453300,460300,452600,458400,8647166
20050830 00:00,459900,467900,459200,466000,17530853
20050831 00:00,468300,470300,462700,469200,13103500
20050901 00:00,469500,471700,460900,462600,11788085
20050902 00:00,463000,468000,461200,462100,7587521
20050906 00:00,466900,488800,465500,488000,27770594
20050907 00:00,490500,498900,479200,486400,33265487
20050908 00:00,493500,501200,491400,497500,23841744
20050909 00:00,500400,513500,497900,512800,21314883
20050912 00:00,510500,516300,505800,514000,15625108
20050913 00:00,510200,512900,503200,508200,16684991
20050914 00:00,511900,511900,494600,496100,16016635
20050915 00:00,500000,501800,493300,499200,13593998
20050916 00:00,502300,512000,499500,512000,18203616
20050919 00:00,510500,528900,510500,526600,23960795
20050920 00:00,529800,538100,521500,532300,25602893
20050921 00:00,529900,530500,518600,521000,15032439
20050922 00:00,519900,524700,513200,519100,15846576
20050923 00:00,521000,535000,518400,532100,19383123
20050926 00:00,540400,545600,533200,538300,18485276
20050927 00:00,539200,542400,534300,534300,11852902
20050928 00:00,530500,531100,505900,510900,39183464
20050929 00:00,511600,525900,508100,523100,22097378
20050930 00:00,523300,536500,518800,536100,18121781
20051003 00:00,541600,545400,536800,544300,17241590
20051004 00:00,549500,553500,536400,536900,18668087
20051005 00:00,543300,543300,527600,527600,21385790
20051006 00:00,532100,534900,508700,516900,26464345
20051007 00:00,517300,519300,505500,513000,23404743
20051010 00:00,518400,523000,502800,503400,17288171
20051011 00:00,512300,518700,504000,516000,31287752
20051012 00:00,486500,510500,478700,492500,91715718
20051013 00:00,494400,539500,492700,537300,65072419
20051014 00:00,540300,543500,527900,539800,36273220
20051017 00:00,539900,542300,526800,534400,21489862
20051018 00:00,532500,539500,522000,522300,20878488
20051019 00:00,520700,549600,512100,548700,34990064
20051020 00:00,544700,565000,543500,560800,47048410
20051021 00:00,568000,569800,553600,556300,27474061
20051024 00:00,552700,567800,550900,567100,21170782
20051025 00:00,564000,568500,556900,560800,15888005
20051026 00:00,562800,575600,559200,570400,21896710
20051027 00:00,569900,572900,554100,554100,14316152
20051028 00:00,559900,564300,541700,543800,26343603
20051031 00:00,552100,587600,547500,575200,31792856
20051101 00:00,572400,581400,568700,575000,25910659
20051102 00:00,576900,600000,576000,599500,29885368
20051103 00:00,602500,650600,601200,618500,30228491
20051104 00:00,603500,612400,596200,611100,29767788
20051107 00:00,608500,616700,601400,602700,21666525
20051108 00:00,599500,603800,591000,598600,16456908
20051109 00:00,600000,612100,599000,601700,18631041
20051110 00:00,606400,612000,590100,611800,23473686
20051111 00:00,615400,621100,613400,615700,14858649
20051114 00:00,615600,619800,609100,614500,12717184
20051115 00:00,614700,630800,614600,622700,18834682
20051116 00:00,631500,650600,630900,649700,26210530
20051117 00:00,655400,658800,642500,645100,22704934
20051118 00:00,654200,654300,643700,647000,17469463
20051121 00:00,648900,651900,637200,649000,17422548
20051122 00:00,649800,667600,643000,667600,18666012
20051123 00:00,666600,679800,666600,671100,16926037
20051125 00:00,675800,694000,675000,693200,13912651
20051128 00:00,707200,710700,690700,697200,34843846
20051129 00:00,699900,703000,673500,681200,30948839
20051130 00:00,684300,693700,675200,678300,19768716
20051201 00:00,689500,717100,688400,717000,27635878
20051202 00:00,720900,727400,707000,726300,31189671
20051205 00:00,719500,725300,714900,718000,19642814
20051206 00:00,739300,748300,730300,740400,28721501
20051207 00:00,742300,744600,731200,739500,23333098
20051208 00:00,732000,741700,726000,740900,26929136
20051209 00:00,742100,745900,733500,743500,19043241
20051212 00:00,747900,753500,745600,749100,17886709
20051213 00:00,748900,759400,742100,749800,17043274
20051214 00:00,725300,733000,702700,720300,49841369
20051215 00:00,726800,728600,713500,721800,18829720
20051216 00:00,721500,725000,710600,711200,20336801
20051219 00:00,711200,725000,710400,713900,18390433
20051220 00:00,716300,723800,711200,721400,16279029
20051221 00:00,725900,736100,723000,734900,16406692
20051222 00:00,739100,744900,736000,740500,12876296
20051223 00:00,741700,742600,733000,733500,8070789
20051227 00:00,740100,759700,739500,742200,20488910
20051228 00:00,744400,747600,733200,736000,13771564
20051229 00:00,737800,738200,714200,714400,17036970
20051230 00:00,709100,724300,701100,717200,21354433
20060103 00:00,723300,747500,722500,747300,27455649
20060104 00:00,751100,759800,745000,749800,21195611
20060105 00:00,748300,749000,737500,743800,15418113
20060106 00:00,752000,767000,745500,763100,24785064
20060109 00:00,767300,772000,757400,760300,23402926
20060110 00:00,762500,818900,758300,808900,80130790
20060111 00:00,838400,848000,825900,839200,49396602
20060112 00:00,849300,864000,836200,843400,43508814
20060113 00:00,849900,859000,846000,856100,26541489
20060117 00:00,857000,870500,838700,847500,28242768
20060118 00:00,830900,840500,818200,824700,31524222
20060119 00:00,812500,816600,787400,790700,56490521
20060120 00:00,792600,800400,758300,760900,39218207
20060123 00:00,761200,795600,760000,776100,36659657
20060124 00:00,787600,794200,757700,759200,39544395
20060125 00:00,773900,775000,732500,741800,44529483
20060126 00:00,745000,766700,719300,723000,40939948
20060127 00:00,729500,750800,710200,719900,32556762
20060130 00:00,712100,766000,708700,752000,48899225
20060131 00:00,755000,763400,737500,753700,31420729
20060201 00:00,749500,764600,746400,754000,17689958
20060202 00:00,752200,753600,720500,720800,24511600
20060203 00:00,722400,727900,710400,718500,23910575
20060206 00:00,723300,725100,667400,673000,57468507
20060207 00:00,683400,694800,666800,675900,46274328
20060208 00:00,684900,690900,660000,687600,33129343
20060209 00:00,691000,692300,645300,649200,39967241
20060210 00:00,651500,676700,629000,673500,61298806
20060213 00:00,666300,667500,646400,647100,30255826
20060214 00:00,651000,681000,650000,676500,39502962
20060215 00:00,672100,696200,655400,692300,40101099
20060216 00:00,699100,709500,694800,705400,32928814
20060217 00:00,703000,708900,696100,702900,19993396
20060221 00:00,705900,708000,686800,690800,25752826
20060222 00:00,690100,716700,680000,713100,33278807
20060223 00:00,717900,730000,714300,717300,29573246
20060224 00:00,721400,728900,712000,714500,18044348
20060227 00:00,719900,721200,706500,709800,27182295
20060228 00:00,715800,724000,681000,684800,43142048
20060301 00:00,689900,694900,680200,691000,25826769
20060302 00:00,689900,699900,686700,696100,21026433
20060303 00:00,694000,699100,675300,677100,25790858
20060306 00:00,676900,677200,632400,654700,32057825
20060307 00:00,657600,669000,650800,663400,30488954
20060308 00:00,662900,672000,653500,656700,22356161
20060309 00:00,659800,664700,638100,639200,27786486
20060310 00:00,640500,644900,624500,631900,36342264
20060313 00:00,650500,662800,647900,656400,29018205
20060314 00:00,657700,673200,655000,673200,22143933
20060315 00:00,677100,680400,655200,662400,31073641
20060316 00:00,668200,669000,643000,643100,25994811
20060317 00:00,647400,676800,641100,646100,26729179
20060320 00:00,652200,654600,638700,640000,20671823
20060321 00:00,642900,643500,613900,618000,46398098
20060322 00:00,621700,632500,611000,616600,46509735
20060323 00:00,618200,619000,596100,601400,49679496
20060324 00:00,602500,609400,590300,599400,36545150
20060327 00:00,603500,613800,594000,595300,39725055
20060328 00:00,596300,601400,582500,586600,47860678
20060329 00:00,591600,623900,575700,622900,81495993
20060330 00:00,628200,633000,615300,627500,48047467
20060331 00:00,632500,636100,622400,627500,27488645
20060403 00:00,636700,641200,626100,626500,28430379
20060404 00:00,621000,622200,610500,611700,31655497
20060405 00:00,647300,672100,623600,671900,72118705
20060406 00:00,683000,720500,682000,712000,92422215
20060407 00:00,709200,712100,684700,697700,53700689
20060410 00:00,702700,709300,684500,686300,31621723
20060411 00:00,689900,693000,670700,680800,32763719
20060412 00:00,680200,681700,655300,667400,25877524
20060413 00:00,663600,680000,658100,664700,25239971
20060417 00:00,665100,668400,643500,648100,24645961
20060418 00:00,650500,664700,647900,662200,27451745
20060419 00:00,667900,670000,654700,656200,25935871
20060420 00:00,695100,700000,662000,676300,53850965
20060421 00:00,681600,686400,664700,669800,26909382
20060424 00:00,668500,669200,655000,657900,23309272
20060425 00:00,659600,700000,650600,661200,18447942
20060426 00:00,666500,682800,664000,681400,24104561
20060427 00:00,677300,698600,673500,692800,29415624
20060428 00:00,693900,713000,692000,704000,26101943
20060501 00:00,707700,715400,691600,696800,24973346
20060502 00:00,701500,719800,701100,716100,26404311
20060503 00:00,718300,719500,701800,711400,23368679
20060504 00:00,712100,728900,704600,711100,28382793
20060505 00:00,718600,722500,711500,718500,19390833
20060508 00:00,729900,738000,717200,718500,20309166
20060509 00:00,718300,725600,706200,710300,18408989
20060510 00:00,712900,713300,696100,706000,15948486
20060511 00:00,708000,708400,675500,681600,28356209
20060512 00:00,678500,686900,646500,677000,22349216
20060515 00:00,671600,683800,671200,678200,18451891
20060516 00:00,680600,682500,647500,649800,31386445
20060517 00:00,646500,657000,640700,652200,25720737
20060518 00:00,656800,662600,631200,631300,22628770
20060519 00:00,632600,648800,628200,644900,33404369
20060522 00:00,638700,639900,627700,633700,24508214
20060523 00:00,648600,651900,630000,630100,23550588
20060524 00:00,628500,636500,615600,632900,31002754
20060525 00:00,642600,644500,632900,644100,15530729
20060526 00:00,643100,658500,626900,635400,14766149
20060530 00:00,632900,633000,612300,612400,18959221
20060531 00:00,616100,618100,586900,595600,43069208
20060601 00:00,598500,622800,595200,621200,32520795
20060602 00:00,630000,631000,608800,616500,23425594
20060605 00:00,610300,611500,599700,600300,21005905
20060606 00:00,602200,606300,589100,596800,25341704
20060607 00:00,601000,604000,583500,585100,26051419
20060608 00:00,584400,609300,571500,607800,48853002
20060609 00:00,612000,615600,591000,592300,27355286
20060612 00:00,594000,597300,569600,569700,24818404
20060613 00:00,576100,591000,573600,582800,37251179
20060614 00:00,582900,587800,566900,576000,30310626
20060615 00:00,573000,597400,567500,593900,41355020
20060616 00:00,589600,591900,575200,575600,28719789
20060619 00:00,578300,581800,570000,572300,23711386
20060620 00:00,576100,583500,572900,574600,23455475
20060621 00:00,577300,587100,573000,578300,29790708
20060622 00:00,582000,597500,580700,596300,33895331
20060623 00:00,597200,601700,587400,587500,22177499
20060626 00:00,591700,592000,583700,589400,16039112
20060627 00:00,590900,592200,574000,574300,18247501
20060628 00:00,572900,573000,554100,560200,29670253
20060629 00:00,567500,590800,563900,590300,28606032
20060630 00:00,575900,577500,562100,572300,24160493
20060703 00:00,575200,581800,573400,578600,6764432
20060705 00:00,571900,576000,565600,569900,18006289
20060706 00:00,570900,574000,556100,557700,21616704
20060707 00:00,555100,565500,546700,554400,27955280
20060710 00:00,557000,564900,545000,550000,18751007
20060711 00:00,551000,559900,545300,556300,28606500
20060712 00:00,551700,552400,529600,529600,32036668
20060713 00:00,520500,541200,514100,522100,43524541
20060714 00:00,525300,528900,501600,505600,34928991
20060717 00:00,517300,531100,516500,523000,35444146
20060718 00:00,531500,538500,518500,529800,34849328
20060719 00:00,529200,550800,523600,540700,39364683
20060720 00:00,609900,614000,597200,605100,65334096
20060721 00:00,597300,611500,596400,607500,30534229
20060724 00:00,612700,621000,604300,614800,24495436
20060725 00:00,618200,620900,607800,618900,20341032
20060726 00:00,620000,648900,616800,638600,31127564
20060727 00:00,644500,650200,628600,633800,25889383
20060728 00:00,638900,656800,635000,655900,23910997
20060731 00:00,668300,686300,662800,679000,30205415
20060801 00:00,672200,679600,659400,672100,24783248
20060802 00:00,676500,686800,665700,680100,18881946
20060803 00:00,678500,700000,678100,695800,29521895
20060804 00:00,670200,686100,649600,683400,61207983
20060807 00:00,677100,696000,663100,672100,43903850
20060808 00:00,670900,671900,645000,648400,34986515
20060809 00:00,653700,656000,634000,635800,33591639
20060810 00:00,632200,648100,627000,640500,24713246
20060811 00:00,632000,641300,625800,636400,26739911
20060814 00:00,640500,652200,636000,639100,25684867
20060815 00:00,652700,665000,648000,665000,29802537
20060816 00:00,671000,680400,663300,680200,26792626
20060817 00:00,680000,686600,671800,676100,19912217
20060818 00:00,677400,684000,672600,679200,18704394
20060821 00:00,673000,677300,661500,665500,19501525
20060822 00:00,666500,683200,665000,676100,19675313
20060823 00:00,680200,686500,655000,673200,18692889
20060824 00:00,678800,681900,662700,678300,22906020
20060825 00:00,673400,690500,672800,687400,19055125
20060828 00:00,685000,686100,666800,670000,25734620
20060829 00:00,669900,672600,651200,664600,32994372
20060830 00:00,673000,678200,664400,669200,23143660
20060831 00:00,673400,683000,666600,678400,20019104
20060901 00:00,684700,686400,678200,683700,14207931
20060905 00:00,690000,715000,685500,714800,35303549
20060906 00:00,710300,716900,697000,700100,32721945
20060907 00:00,706000,734800,702500,727900,44443155
20060908 00:00,733200,734700,716000,725800,31505290
20060911 00:00,724300,737300,714200,725000,33344568
20060912 00:00,728200,734500,714500,725900,59449100
20060913 00:00,728400,743200,723000,741100,40530333
20060914 00:00,737200,746700,734600,742000,28096673
20060915 00:00,746200,763600,732900,741000,33604882
20060918 00:00,738000,749000,733000,738800,24918346
20060919 00:00,741600,743600,728000,737900,24327201
20060920 00:00,743700,756800,742200,753800,28720747
20060921 00:00,752600,760600,740200,746200,28021000
20060922 00:00,743000,743400,725800,729900,23441901
20060925 00:00,738100,758600,737200,757800,29954702
20060926 00:00,761700,777800,755000,777400,38271858
20060927 00:00,771900,778600,758200,763800,28079118
20060928 00:00,770200,774800,759500,770200,25069141
20060929 00:00,771100,775200,766800,769800,13712186
20061002 00:00,751000,759600,743000,748500,24222907
20061003 00:00,744100,749500,731900,740500,27738723
20061004 00:00,741000,754600,731700,753300,28484919
20061005 00:00,745000,761600,737500,747600,23096776
20061006 00:00,744500,750400,738100,742100,16616952
20061009 00:00,738000,750800,735300,745800,15112820
20061010 00:00,745500,745800,730800,738100,18513528
20061011 00:00,737500,739800,726000,731800,20058364
20061012 00:00,736100,753900,736000,750600,20617464
20061013 00:00,755400,768800,747400,750500,23751385
20061016 00:00,751900,758800,747900,754200,16421473
20061017 00:00,750200,752700,740400,743000,17149944
20061018 00:00,747500,753700,739100,745900,28047665
20061019 00:00,793100,799500,781600,790200,51669019
20061020 00:00,789700,799900,786700,799500,22167643
20061023 00:00,800000,819000,797500,814700,26661043
20061024 00:00,813600,816800,804900,811100,15971116
20061025 00:00,813500,820000,810100,815800,16759732
20061026 00:00,819000,826000,811300,821500,15155901
20061027 00:00,817500,824500,800100,804400,20867580
20061030 00:00,799900,809000,795000,804200,15945101
20061031 00:00,814000,816800,802300,810500,16861173
20061101 00:00,811000,813800,760200,790700,21504292
20061102 00:00,789800,793200,785000,789300,15584259
20061103 00:00,793600,795300,777900,783000,15071622
20061106 00:00,789200,800600,784300,797000,14973258
20061107 00:00,804500,809900,801300,805100,18378068
20061108 00:00,800300,824700,798900,824500,23677776
20061109 00:00,829600,846900,821200,833100,32386905
20061110 00:00,835500,836000,825000,831400,12768715
20061113 00:00,832200,844500,826400,843500,15946721
20061114 00:00,848100,850000,839000,849900,20087004
20061115 00:00,850500,859000,840000,840000,23210480
20061116 00:00,849000,863000,846200,856600,23378118
20061117 00:00,851500,859400,850000,858800,16046030
20061120 00:00,854300,870000,852000,865100,19867394
20061121 00:00,874200,886000,871100,886000,21570173
20061122 00:00,889900,903900,878500,902800,23384892
20061124 00:00,895100,930300,895000,916600,18066847
20061127 00:00,925200,931500,895000,895000,37294305
20061128 00:00,903900,919700,899100,917500,36151646
20061129 00:00,930000,931500,902500,917900,40225068
20061130 00:00,922200,926800,910600,916800,29931721
20061201 00:00,916800,923300,901000,912900,27847609
20061204 00:00,918800,920500,905000,911200,24902718
20061205 00:00,916600,923300,908700,912600,23105263
20061206 00:00,906700,913900,896700,898400,22174044
20061207 00:00,900300,905000,869000,870100,35021645
20061208 00:00,872300,893900,870000,882700,27456322
20061211 00:00,889000,893000,880500,886700,17308099
20061212 00:00,886100,888400,855300,861400,36168735
20061213 00:00,879100,890700,871500,890300,29141619
20061214 00:00,890500,900000,882600,885200,28864319
20061215 00:00,889600,892200,873300,877300,24240742
20061218 00:00,876300,880000,845900,854300,25130998
20061219 00:00,847200,866800,836200,862900,32115808
20061220 00:00,865000,866700,847400,847600,19687525
20061221 00:00,847000,854800,822000,829000,31320319
20061222 00:00,834400,840300,816000,822000,21395741
20061226 00:00,821600,825700,808900,815700,17406799
20061227 00:00,781500,819900,767700,815400,64666470
20061228 00:00,802200,812500,796500,808300,37414274
20061229 00:00,839700,854000,833600,847900,35362511
20070103 00:00,862800,865800,819000,838000,42684689
20070104 00:00,841700,859500,838200,856600,29464920
20070105 00:00,858400,862000,844000,851500,29085878
20070108 00:00,859800,865300,852800,854700,27862665
20070109 00:00,864800,929800,851500,925700,118269892
20070110 00:00,947500,978000,934500,971300,98748728
20070111 00:00,959600,967800,951000,958500,49843314
20070112 00:00,945400,950600,932300,946900,45465084
20070116 00:00,957300,972500,954500,971000,45578552
20070117 00:00,975300,976000,948200,950800,45379631
20070118 00:00,920000,921100,890500,890800,79473523
20070119 00:00,886200,896500,881200,885000,47354791
20070122 00:00,891500,891600,856500,867900,50713667
20070123 00:00,857200,875000,855100,857000,41965022
20070124 00:00,867000,871500,860800,867000,31710395
20070125 00:00,871400,885000,860300,862500,32062165
20070126 00:00,870600,873700,849900,853800,34637202
20070129 00:00,862500,866500,855300,859400,30830875
20070130 00:00,864900,864900,852500,855500,20035819
20070131 00:00,848100,860000,843500,857300,29663075
20070201 00:00,861400,862700,847400,847400,23044892
20070202 00:00,841400,852500,837100,847900,21244072
20070205 00:00,843100,852300,839400,839400,20291103
20070206 00:00,844500,850500,828600,841000,30527460
20070207 00:00,845000,863800,835500,861500,36518950
20070208 00:00,856400,865100,854000,861800,23141166
20070209 00:00,858800,862000,832100,832700,29700956
20070212 00:00,844300,851800,836300,849200,25192336
20070213 00:00,851900,852900,843000,846300,19973397
20070214 00:00,846300,856400,845500,853000,17560772
20070215 00:00,852300,856200,847800,852100,12592987
20070216 00:00,850800,854100,846600,848300,12907984
20070220 00:00,845700,861500,841600,859000,20628636
20070221 00:00,860500,894900,859600,892000,40482334
20070222 00:00,908000,908100,885300,895100,28674382
20070223 00:00,892700,903400,888500,890000,18215794
20070226 00:00,898500,900000,876100,885500,21329841
20070227 00:00,862700,870800,834100,839500,39490411
20070228 00:00,845500,856000,839300,845700,31993225
20070301 00:00,840000,883000,837500,870600,48963596
20070302 00:00,867600,875400,852100,854100,30032422
20070305 00:00,858300,875900,857600,862700,28498908
20070306 00:00,878000,883100,874000,881900,25232835
20070307 00:00,880000,889700,874500,877200,21484805
20070308 00:00,885900,887200,874600,880000,17596509
20070309 00:00,888000,889000,874000,879700,15625988
20070312 00:00,880000,899900,879900,898800,25716150
20070313 00:00,893900,906000,884000,884000,30517359
20070314 00:00,886000,900000,879200,900000,27293864
20070315 00:00,900000,903600,893100,895700,18355170
20070316 00:00,895800,899900,893200,895700,18065578
20070319 00:00,902400,915500,895900,911400,24812375
20070320 00:00,913300,918300,910600,914800,17023312
20070321 00:00,920000,940000,916500,938700,23546208
20070322 00:00,937800,943600,930000,939600,19066858
20070323 00:00,933000,940700,933000,935200,15486467
20070326 00:00,940200,959000,933000,959000,30261118
20070327 00:00,957000,968300,950000,954700,32487600
20070328 00:00,948900,954000,931500,932200,32869503
20070329 00:00,941800,941900,922300,937500,24884667
20070330 00:00,943200,946800,927500,929100,20284071
20070402 00:00,941500,942500,930200,936500,17152991
20070403 00:00,941400,952300,937600,945000,20285083
20070404 00:00,949400,951400,941300,942700,16179059
20070405 00:00,941000,946800,935400,946800,12268811
20070409 00:00,952100,953000,936000,936500,14338777
20070410 00:00,936800,942500,934100,942500,12256032
20070411 00:00,939000,939500,923300,925900,18964199
20070412 00:00,920700,923100,907300,921900,20490154
20070413 00:00,909200,914000,900600,902400,24497405
20070416 00:00,906000,915000,902500,914300,20767410
20070417 00:00,920300,920300,897000,903500,26155200
20070418 00:00,901600,908500,896000,904000,16133568
20070419 00:00,901900,912500,898300,902700,14675775
20070420 00:00,910800,911800,905500,909700,17788528
20070423 00:00,916400,938000,914200,935100,26357642
20070424 00:00,940200,946000,916000,932400,36914820
20070425 00:00,942600,954000,938000,953400,29499424
20070426 00:00,1015800,1022200,983000,988400,57169508
20070427 00:00,981400,999500,976900,999200,24014298
20070430 00:00,1000500,1010000,996700,998000,20957310
20070501 00:00,995900,1003500,985600,994700,18393173
20070502 00:00,996500,1005400,994700,1003900,16877617
20070503 00:00,1007000,1014500,1000100,1004000,20024566
20070504 00:00,1007600,1014000,1005000,1008100,13275049
20070507 00:00,1010800,1043500,1010100,1039200,29896702
20070508 00:00,1034300,1051500,1034300,1050600,27066619
20070509 00:00,1049200,1069500,1048700,1068800,23823773
20070510 00:00,1066700,1088400,1059200,1073400,42401668
20070511 00:00,1077400,1091300,1067800,1087400,22912345
20070514 00:00,1096800,1100000,1082500,1093600,22122033
20070515 00:00,1095700,1101900,1064800,1075200,33640781
20070516 00:00,1084800,1088300,1034200,1073400,38972841
20070517 00:00,1072500,1098700,1071700,1094400,25869918
20070518 00:00,1102300,1106400,1097700,1100200,20864806
20070521 00:00,1103100,1124500,1100500,1120000,22369612
20070522 00:00,1124900,1137500,1120100,1135400,19956377
20070523 00:00,1140300,1149900,1125900,1128900,30652042
20070524 00:00,1128100,1144600,1103700,1106900,30697331
20070525 00:00,1120100,1137800,1115000,1136200,21603350
20070529 00:00,1145600,1148600,1126900,1143500,22408140
20070530 00:00,1143100,1188800,1135300,1187700,51030468
20070531 00:00,1200600,1221700,1195500,1215600,43655539
20070601 00:00,1210900,1211900,1182900,1184000,30671223
20070604 00:00,1186500,1217300,1179000,1213300,30994963
20070605 00:00,1214100,1226900,1205000,1226700,31893850
20070606 00:00,1223500,1240500,1219500,1236400,39028250
20070607 00:00,1250000,1276100,1231900,1240200,66922953
20070608 00:00,1256400,1258300,1222900,1244900,42351661
20070611 00:00,1260000,1261500,1195400,1201900,65853791
20070612 00:00,1193700,1217100,1183100,1203800,49135807
20070613 00:00,1211200,1211900,1154000,1175100,60522590
20070614 00:00,1172000,1194400,1164200,1187500,33765902
20070615 00:00,1206100,1206700,1198600,1204900,23249497
20070618 00:00,1232800,1251800,1225400,1250900,30609634
20070619 00:00,1247200,1250000,1229100,1236600,32189465
20070620 00:00,1238800,1246600,1215000,1215500,31527709
20070621 00:00,1216400,1242900,1207300,1239000,30518212
20070622 00:00,1238700,1244500,1223800,1230000,21534300
20070625 00:00,1241900,1250900,1210600,1223400,33998438
20070626 00:00,1239900,1239900,1187200,1197100,46250316
20070627 00:00,1206500,1220400,1192600,1218900,33846071
20070628 00:00,1224800,1224900,1200000,1205600,28790241
20070629 00:00,1220000,1240000,1210900,1220400,39566479
20070702 00:00,1211000,1220900,1193000,1212600,32985914
20070703 00:00,1220000,1274000,1215000,1268500,41058899
20070705 00:00,1287900,1329700,1286900,1327500,50254777
20070706 00:00,1331600,1333400,1304000,1323000,29896217
20070709 00:00,1323000,1329000,1291800,1304100,34831169
20070710 00:00,1290400,1345000,1288000,1323500,43964164
20070711 00:00,1320000,1337000,1313100,1323900,28609522
20070712 00:00,1338100,1342400,1328000,1341000,24662273
20070713 00:00,1350000,1378500,1345200,1377300,30849939
20070716 00:00,1385700,1399800,1375000,1381000,32940879
20070717 00:00,1383000,1395000,1375000,1389100,24854034
20070718 00:00,1381900,1384400,1360400,1381200,25880635
20070719 00:00,1403000,1408100,1396500,1400000,24370983
20070720 00:00,1416800,1441700,1400000,1437500,40102451
20070723 00:00,1434200,1452200,1409300,1437000,36050579
20070724 00:00,1388400,1410000,1341500,1349100,59283595
20070725 00:00,1374000,1383600,1350000,1372600,40922141
20070726 00:00,1459400,1485000,1420500,1460000,73290038
20070727 00:00,1461500,1489100,1437800,1438000,40441351
20070730 00:00,1442800,1454500,1395700,1414300,38727521
20070731 00:00,1429900,1434800,1315200,1317600,60850861
20070801 00:00,1336100,1353800,1278000,1350000,60924962
20070802 00:00,1369000,1369500,1341500,1364900,29558398
20070803 00:00,1353700,1359500,1315000,1317300,23284232
20070806 00:00,1329000,1352700,1283000,1352500,32396300
20070807 00:00,1349300,1372400,1326300,1352200,33421328
20070808 00:00,1367600,1368600,1320000,1340100,28194091
20070809 00:00,1311100,1330000,1250900,1263900,39400290
20070810 00:00,1230000,1277500,1203000,1250000,48925009
20070813 00:00,1285000,1293500,1265000,1277900,25883478
20070814 00:00,1282900,1282900,1237200,1240300,25595370
20070815 00:00,1227500,1248600,1196500,1199000,34971047
20070816 00:00,1169100,1185000,1116200,1170500,65318451
20070817 00:00,1220000,1235000,1198200,1220600,39866506
20070820 00:00,1240000,1245000,1205000,1222200,27703572
20070821 00:00,1222100,1289600,1210000,1275700,45834723
20070822 00:00,1313000,1327500,1303300,1325100,35443647
20070823 00:00,1332600,1333400,1297600,1310700,30010305
20070824 00:00,1305300,1353700,1298100,1353000,31795591
20070827 00:00,1334300,1346600,1321000,1322500,24431632
20070828 00:00,1308500,1324100,1266300,1268200,40912487
20070829 00:00,1298800,1341800,1295400,1340800,39943559
20070830 00:00,1325700,1382500,1323000,1362500,49925364
20070831 00:00,1395600,1396500,1374100,1384800,30105788
20070904 00:00,1400000,1457300,1398400,1441600,45926328
20070905 00:00,1451200,1458400,1361000,1367600,80630139
20070906 00:00,1356000,1375700,1327100,1350100,65525240
20070907 00:00,1320100,1323000,1300000,1317700,49439598
20070910 00:00,1369900,1380400,1339500,1367100,50051800
20070911 00:00,1379000,1383000,1337500,1354900,33920072
20070912 00:00,1359900,1394000,1357500,1368500,35728076
20070913 00:00,1387800,1390000,1366500,1372000,22699822
20070914 00:00,1365700,1389700,1362000,1388100,21158625
20070917 00:00,1389900,1405900,1376100,1384100,27656700
20070918 00:00,1389600,1428500,1378300,1409200,36785512
20070919 00:00,1430000,1431600,1394000,1407900,35412828
20070920 00:00,1401500,1417800,1393200,1403100,23897017
20070921 00:00,1410700,1446500,1406200,1442000,39086220
20070924 00:00,1466500,1498500,1466500,1482800,35728200
20070925 00:00,1468200,1532200,1468200,1532200,41509153
20070926 00:00,1544200,1550000,1512500,1527700,33556909
20070927 00:00,1538200,1545200,1523200,1545000,22859479
20070928 00:00,1534000,1546000,1527500,1535400,21407491
20071001 00:00,1546300,1574100,1529300,1564600,29246206
20071002 00:00,1568000,1585900,1558900,1584500,27339044
20071003 00:00,1580200,1591800,1570100,1579700,24041424
20071004 00:00,1579800,1580800,1535000,1563500,22783274
20071005 00:00,1583800,1615800,1577000,1615800,32093734
20071008 00:00,1631600,1679100,1631400,1679100,29027434
20071009 00:00,1701100,1711100,1666800,1679200,38080322
20071010 00:00,1675900,1678800,1656000,1667900,23299210
20071011 00:00,1694900,1718800,1532100,1622300,57022062
20071012 00:00,1631700,1672800,1618000,1672800,34163039
20071015 00:00,1679800,1695700,1635000,1669800,37739465
20071016 00:00,1654200,1701800,1651800,1695800,36930697
20071017 00:00,1726900,1730400,1691800,1727500,38659384
20071018 00:00,1715000,1741900,1710500,1735000,28362363
20071019 00:00,1741600,1746300,1700000,1703200,44464334
20071022 00:00,1701500,1749000,1699900,1743600,42874814
20071023 00:00,1885000,1886000,1827600,1861200,60715792
20071024 00:00,1858500,1872100,1792400,1859300,45124426
20071025 00:00,1848500,1859000,1816600,1827800,32905843
20071026 00:00,1850000,1853700,1828800,1847000,24768962
20071029 00:00,1857000,1865900,1847000,1850900,18870416
20071030 00:00,1861300,1893700,1847300,1870000,32323410
20071031 00:00,1877200,1901200,1849500,1899500,28546971
20071101 00:00,1886000,1901000,1866000,1874400,27753732
20071102 00:00,1891500,1894400,1835000,1878700,35108366
20071105 00:00,1852900,1889600,1842400,1861800,27989183
20071106 00:00,1870500,1920000,1852700,1917900,33434084
20071107 00:00,1904000,1926800,1861300,1865100,34513093
20071108 00:00,1865200,1869000,1677700,1756600,66726776
20071109 00:00,1708500,1751200,1652100,1653700,53044869
20071112 00:00,1650000,1677000,1506300,1537600,61745305
20071113 00:00,1609800,1709800,1601400,1699600,59695485
20071114 00:00,1775300,1775700,1637500,1661100,49434289
20071115 00:00,1661500,1695900,1603000,1643000,51568256
20071116 00:00,1654900,1670200,1593300,1663900,48337565
20071119 00:00,1660200,1682000,1621000,1639500,40372146
20071120 00:00,1659000,1717900,1635300,1688500,54450596
20071121 00:00,1655100,1723500,1646700,1684600,42729071
20071123 00:00,1720000,1720500,1697500,1715400,15030450
20071126 00:00,1738800,1772500,1723600,1725300,45040117
20071127 00:00,1752200,1757900,1700100,1748100,46123466
20071128 00:00,1770000,1806000,1753500,1802200,40075977
20071129 00:00,1792700,1851700,1791500,1842900,36603187
20071130 00:00,1875300,1877000,1797000,1822200,41368165
20071203 00:00,1818200,1841400,1777000,1788600,33498703
20071204 00:00,1770900,1809000,1769900,1798100,26937877
20071205 00:00,1830000,1860000,1798100,1855000,31145382
20071206 00:00,1862100,1901000,1861200,1900000,31281551
20071207 00:00,1905400,1949900,1880400,1943000,36973898
20071210 00:00,1935800,1956600,1926900,1941500,24922843
20071211 00:00,1948100,1968300,1873900,1882100,39113295
20071212 00:00,1935000,1944800,1857600,1908600,42086779
20071213 00:00,1901000,1921000,1878200,1918300,30298217
20071214 00:00,1903000,1932000,1895400,1903900,22805402
20071217 00:00,1907200,1926500,1829800,1844000,35910551
20071218 00:00,1867500,1873100,1786000,1829800,43003760
20071219 00:00,1830900,1846300,1809000,1831200,29060141
20071220 00:00,1854400,1878300,1833300,1872100,26594046
20071221 00:00,1900200,1939100,1898900,1939100,32350567
20071224 00:00,1950000,1993300,1947900,1986100,16353708
20071226 00:00,1990100,2009600,1968200,1989500,24343386
20071227 00:00,1989500,2029600,1978000,1985700,27725077
20071228 00:00,2005400,2015600,1968900,1998300,23846163
20071231 00:00,1997500,2005000,1977500,1980800,18619573
20080102 00:00,1994900,2002600,1925500,1948400,37921848
20080103 00:00,1954900,1973900,1926900,1949700,29402699
20080104 00:00,1915200,1930000,1789100,1799000,50796259
20080107 00:00,1812500,1836000,1702300,1776400,73003510
20080108 00:00,1800800,1824600,1708000,1710700,53450275
20080109 00:00,1715000,1795000,1683000,1794000,63628181
20080110 00:00,1776400,1810000,1754100,1780200,51932091
20080111 00:00,1760000,1778500,1700000,1725800,43141325
20080114 00:00,1776000,1794200,1751700,1787800,36926609
20080115 00:00,1778000,1792200,1646600,1690400,81714757
20080116 00:00,1651100,1690100,1567000,1597900,77540271
20080117 00:00,1614200,1653600,1584200,1596800,61160642
20080118 00:00,1617100,1657500,1596100,1613600,59992412
20080122 00:00,1479100,1599800,1460000,1556400,69525618
20080123 00:00,1361800,1400000,1261400,1389500,116848157
20080124 00:00,1400000,1406900,1320100,1356000,68018741
20080125 00:00,1390300,1390400,1296100,1300100,54373248
20080128 00:00,1280100,1332000,1264500,1300100,50912646
20080129 00:00,1312100,1327900,1290500,1315400,38006497
20080130 00:00,1315000,1354500,1300000,1321800,43802209
20080131 00:00,1296900,1366500,1294000,1353600,46303520
20080201 00:00,1363100,1365800,1322000,1337500,35166260
20080204 00:00,1342200,1359000,1314400,1316500,31298262
20080205 00:00,1304000,1340000,1289000,1293600,39862553
20080206 00:00,1308700,1319200,1217700,1220000,54473740
20080207 00:00,1199700,1247800,1172700,1212400,73369083
20080208 00:00,1220800,1257000,1216000,1257000,47716361
20080211 00:00,1280600,1299800,1272000,1294500,41027855
20080212 00:00,1307500,1310000,1236200,1248600,42947823
20080213 00:00,1267400,1297800,1256300,1294000,33633154
20080214 00:00,1294600,1308000,1270100,1274600,33672163
20080215 00:00,1262700,1270800,1240600,1246300,31468745
20080219 00:00,1260500,1267500,1214400,1224200,35171391
20080220 00:00,1222200,1246000,1216800,1238200,33972883
20080221 00:00,1261000,1264700,1208600,1215400,32625753
20080222 00:00,1225000,1225100,1158700,1194600,53900761
20080225 00:00,1185900,1201700,1166700,1197400,44282925
20080226 00:00,1176500,1210900,1154400,1191500,52426113
20080227 00:00,1182400,1230500,1182100,1229600,49636513
20080228 00:00,1271500,1322000,1257700,1299100,56055343
20080229 00:00,1293100,1302100,1248100,1250200,43671781
20080303 00:00,1244000,1259800,1180000,1217300,56400952
20080304 00:00,1219800,1248800,1204000,1246200,63036581
20080305 00:00,1236000,1251400,1222500,1245000,42240947
20080306 00:00,1249000,1275000,1208100,1214500,51928096
20080307 00:00,1205000,1229700,1190500,1222500,43007530
20080310 00:00,1221500,1234600,1193700,1196900,35230661
20080311 00:00,1237200,1274800,1220000,1273900,40198911
20080312 00:00,1270000,1286800,1251700,1260300,37292524
20080313 00:00,1239400,1295000,1230000,1279400,44273524
20080314 00:00,1299900,1303000,1242000,1266100,40240702
20080317 00:00,1225700,1285900,1225000,1267300,37689699
20080318 00:00,1293200,1330000,1286700,1330000,42289190
20080319 00:00,1330900,1342900,1296700,1296700,34945937
20080320 00:00,1308200,1332900,1291800,1332900,31209268
20080324 00:00,1340100,1408500,1336400,1396600,37179106
20080325 00:00,1399900,1431000,1373300,1409800,37024840
20080326 00:00,1408700,1457400,1406400,1450600,40599447
20080327 00:00,1448800,1453000,1399900,1402500,35099915
20080328 00:00,1418200,1446500,1416000,1430100,24992683
20080331 00:00,1432000,1457100,1425200,1435000,26655908
20080401 00:00,1463000,1496600,1450000,1496100,36078202
20080402 00:00,1490000,1512000,1458600,1474900,35885929
20080403 00:00,1471000,1536300,1470000,1516100,37175586
20080404 00:00,1522000,1547000,1507500,1530800,29772813
20080407 00:00,1561900,1596900,1551100,1558900,40885840
20080408 00:00,1534800,1564500,1523200,1528400,35199135
20080409 00:00,1533500,1538900,1504600,1514400,30881011
20080410 00:00,1511100,1554200,1506000,1545500,33690507
20080411 00:00,1526300,1533000,1464000,1471400,42522808
20080414 00:00,1466600,1492500,1445400,1477800,29794120
20080415 00:00,1494000,1497200,1457200,1483800,23879482
20080416 00:00,1517600,1541000,1506200,1539200,27385007
20080417 00:00,1541800,1560000,1533500,1544900,24382565
20080418 00:00,1590400,1622400,1583800,1611800,35868862
20080421 00:00,1623500,1685000,1617600,1681600,36315533
20080422 00:00,1674100,1679900,1580900,1602000,50496047
20080423 00:00,1640500,1648400,1610800,1628900,39717279
20080424 00:00,1653100,1699800,1592000,1689400,57127921
20080425 00:00,1706000,1711000,1664200,1697300,34261980
20080428 00:00,1697400,1737500,1691300,1722400,27653376
20080429 00:00,1711100,1756600,1702500,1750500,32878771
20080430 00:00,1762600,1800000,1729200,1739500,39828891
20080501 00:00,1750100,1800000,1748600,1800000,31496662
20080502 00:00,1803100,1819200,1785500,1809400,34175991
20080505 00:00,1818100,1853100,1810500,1847200,29915343
20080506 00:00,1845600,1871200,1821800,1866600,31855648
20080507 00:00,1861300,1882000,1805400,1825900,40790541
20080508 00:00,1837500,1865000,1830700,1850600,31245343
20080509 00:00,1831800,1842500,1813700,1834500,23630748
20080512 00:00,1851200,1888700,1828500,1881600,28663274
20080513 00:00,1886000,1914500,1878600,1899600,28997263
20080514 00:00,1912900,1922400,1855700,1862600,32224547
20080515 00:00,1867800,1899000,1842000,1897300,30586214
20080516 00:00,1903000,1903000,1870000,1877500,26847919
20080519 00:00,1879000,1886900,1813000,1836000,33393420
20080520 00:00,1818300,1861600,1801200,1859000,34105573
20080521 00:00,1856100,1879500,1762500,1781900,40761265
20080522 00:00,1791800,1813300,1720000,1770500,42543505
20080523 00:00,1807500,1819900,1778000,1811700,31382577
20080527 00:00,1828000,1864300,1818400,1864300,27737960
20080528 00:00,1874900,1879400,1837200,1870100,26038597
20080529 00:00,1869300,1882000,1855000,1866900,22622733
20080530 00:00,1875000,1895400,1873800,1887500,21089053
20080602 00:00,1885000,1896400,1845300,1861000,23489988
20080603 00:00,1869000,1882000,1823400,1853700,26618076
20080604 00:00,1840000,1870900,1832300,1851900,25684428
20080605 00:00,1862500,1898400,1857000,1894300,26569068
20080606 00:00,1880000,1899500,1855500,1856400,33751381
20080609 00:00,1849200,1849400,1757600,1816100,66103760
20080610 00:00,1803300,1867800,1790200,1856400,39580135
20080611 00:00,1843400,1860000,1795900,1808100,33746567
20080612 00:00,1814500,1826000,1712000,1727700,45806353
20080613 00:00,1715000,1741600,1653100,1723400,47365156
20080616 00:00,1712500,1779000,1690700,1768400,37119087
20080617 00:00,1781700,1819900,1768400,1814300,31655351
20080618 00:00,1810000,1822000,1773500,1788100,28524792
20080619 00:00,1784800,1823400,1768000,1809800,28036129
20080620 00:00,1790400,1810000,1750000,1752700,30490418
20080623 00:00,1747800,1758800,1715600,1731600,22700643
20080624 00:00,1720600,1757800,1716300,1732500,22124038
20080625 00:00,1745000,1788300,1738800,1773900,22338608
20080626 00:00,1741400,1748400,1680100,1681900,30461684
20080627 00:00,1664400,1705700,1641500,1700900,35432147
20080630 00:00,1700400,1720000,1666200,1674400,23937946
20080701 00:00,1640500,1747200,1640000,1746800,39003813
20080702 00:00,1750500,1774500,1681800,1681800,29363139
20080703 00:00,1695900,1721700,1657600,1700000,18253398
20080707 00:00,1730000,1771300,1719000,1751600,28796705
20080708 00:00,1754000,1797000,1727500,1796900,31229370
20080709 00:00,1802500,1809100,1741400,1742500,30984135
20080710 00:00,1749100,1773400,1713700,1766300,29250319
20080711 00:00,1753700,1771100,1710000,1725800,32479632
20080714 00:00,1792400,1793000,1730800,1738800,30422521
20080715 00:00,1723000,1737400,1663900,1696400,36458622
20080716 00:00,1700800,1729300,1686000,1728100,26118922
20080717 00:00,1740900,1749800,1713900,1718100,24507330
20080718 00:00,1682100,1696500,1650000,1651500,30101809
20080721 00:00,1669000,1675000,1611200,1662900,35794223
20080722 00:00,1489000,1627600,1465300,1620200,64285224
20080723 00:00,1651500,1683700,1615600,1662600,36727077
20080724 00:00,1643000,1652600,1584700,1590300,29262079
20080725 00:00,1603700,1630000,1586500,1621200,21783353
20080728 00:00,1621800,1655000,1540200,1544000,27763831
20080729 00:00,1552500,1594500,1536500,1570800,23808605
20080730 00:00,1577100,1604900,1560800,1598800,25465036
20080731 00:00,1577000,1621900,1570000,1589500,22159085
20080801 00:00,1599400,1600000,1557500,1566600,18325811
20080804 00:00,1565800,1579000,1529100,1532300,20850706
20080805 00:00,1555000,1608000,1548200,1606400,23927753
20080806 00:00,1599700,1650000,1580000,1641900,27973721
20080807 00:00,1628900,1661500,1615000,1635700,23649733
20080808 00:00,1639000,1696500,1637500,1695500,25114926
20080811 00:00,1701200,1765000,1696700,1735600,31421428
20080812 00:00,1735100,1792900,1735100,1767300,29464672
20080813 00:00,1780500,1800000,1759000,1793000,29694491
20080814 00:00,1781600,1804500,1778400,1793200,25036506
20080815 00:00,1790700,1803600,1750500,1757400,25056645
20080818 00:00,1753600,1778100,1738200,1753900,18955892
20080819 00:00,1743200,1770700,1718100,1735300,21455034
20080820 00:00,1748000,1769300,1736100,1758400,17782697
20080821 00:00,1745800,1754400,1718900,1742800,19055493
20080822 00:00,1759700,1775000,1755700,1767900,15399314
20080825 00:00,1759200,1762100,1716600,1725500,16828861
20080826 00:00,1726600,1748800,1726300,1736400,14657618
20080827 00:00,1731600,1757600,1721900,1746700,16590096
20080828 00:00,1752900,1762500,1727500,1737400,15105387
20080829 00:00,1728400,1735000,1690500,1695300,20800125
20080902 00:00,1725500,1735000,1650000,1661900,27239377
20080903 00:00,1670000,1686800,1640000,1669600,25879072
20080904 00:00,1657400,1679000,1608100,1612200,26297552
20080905 00:00,1583500,1624000,1576500,1601800,27556161
20080908 00:00,1648900,1648900,1514700,1579200,36761111
20080909 00:00,1568600,1599600,1497900,1515100,43752675
20080910 00:00,1524800,1549900,1488100,1516100,33978068
20080911 00:00,1480000,1529900,1460000,1526600,34064010
20080912 00:00,1507700,1508800,1465000,1489400,27974284
20080915 00:00,1420000,1476900,1403600,1403600,32181020
20080916 00:00,1336200,1425000,1321900,1397000,40209648
20080917 00:00,1383500,1385100,1278300,1278300,41326644
20080918 00:00,1305400,1354300,1206800,1340900,59070226
20080919 00:00,1407900,1441900,1363100,1409100,49094992
20080922 00:00,1397800,1402500,1306600,1310500,30412900
20080923 00:00,1315900,1358000,1266600,1268400,45031969
20080924 00:00,1274000,1309500,1251500,1287100,36654594
20080925 00:00,1300400,1347900,1285200,1319300,34136963
20080926 00:00,1250000,1298000,1230000,1282400,39311542
20080929 00:00,1195000,1197000,1005900,1052600,91905942
20080930 00:00,1083000,1150000,1063000,1136600,56287915
20081001 00:00,1118800,1123600,1073900,1091200,45744023
20081002 00:00,1080700,1087900,1000000,1001000,56766431
20081003 00:00,1040000,1065000,946500,970700,81112801
20081006 00:00,920000,987700,875400,975400,73686619
20081007 00:00,1005000,1015000,889500,891600,65566971
20081008 00:00,859900,963300,856800,897900,77451262
20081009 00:00,935000,958000,866000,887400,56910277
20081010 00:00,856900,997600,850000,968000,77744831
20081013 00:00,1047900,1105300,1010200,1104100,53546566
20081014 00:00,1163800,1164000,1031500,1040800,68056875
20081015 00:00,1038300,1070000,978900,980000,55158525
20081016 00:00,997800,1034300,917400,1018900,69248316
20081017 00:00,994300,1020400,970100,974000,61700947
20081020 00:00,998900,1000000,936400,984400,54663441
20081021 00:00,969700,979000,911600,914900,63574416
20081022 00:00,972700,1012500,929300,955800,76344363
20081023 00:00,965500,992500,919000,982300,59170321
20081024 00:00,902200,979000,901100,963800,54701956
20081027 00:00,950700,976300,918600,920100,42201151
20081028 00:00,953700,1004500,923700,1001400,56958403
20081029 00:00,1007400,1095400,999400,1051200,68952222
20081030 00:00,1084000,1121900,1076100,1110400,57981164
20081031 00:00,1073700,1107800,1051400,1075900,57730243
20081103 00:00,1059100,1091000,1048600,1069600,36772991
20081104 00:00,1099900,1117900,1066700,1109900,49341444
20081105 00:00,1090000,1097200,1030000,1033000,44398267
20081106 00:00,1010500,1027800,980000,991000,46551891
20081107 00:00,991500,998500,957200,982400,38415367
20081110 00:00,1003000,1003700,945000,958800,39531974
20081111 00:00,948300,971700,922600,947700,43299412
20081112 00:00,925000,932400,900100,901200,41346677
20081113 00:00,900000,964400,860200,964400,65174242
20081114 00:00,936300,939900,900000,902400,49591977
20081117 00:00,885000,905500,872600,881400,40750289
20081118 00:00,896000,909900,868600,899100,41767839
20081119 00:00,896800,915800,862200,862900,41386069
20081120 00:00,850700,864500,802400,804900,60794635
20081121 00:00,819700,841200,791400,825800,55012689
20081124 00:00,851000,947800,848400,929500,50719210
20081125 00:00,946200,947200,881600,908000,43121460
20081126 00:00,901000,952500,898300,950000,31743138
20081128 00:00,947000,948800,918800,926700,10333668
20081201 00:00,913300,922700,889300,889300,32180560
20081202 00:00,900000,926500,865000,924700,40529057
20081203 00:00,893600,962300,888000,959000,46430871
20081204 00:00,943600,952100,890600,914100,38400099
20081205 00:00,903000,944900,888600,940000,36584415
20081208 00:00,971400,1008000,958000,997200,41223829
20081209 00:00,979600,1036000,972100,1000600,42462447
20081210 00:00,978300,994900,965000,982100,32963127
20081211 00:00,971500,1012400,948300,950000,36625717
20081212 00:00,928900,990000,925300,982700,36786257
20081215 00:00,959800,962100,930000,947500,31201763
20081216 00:00,940000,964800,927500,954300,35404282
20081217 00:00,910000,911000,880200,891600,45133089
20081218 00:00,895000,908300,884400,894300,29496597
20081219 00:00,899900,909400,888000,900000,27184667
20081222 00:00,900000,900300,847000,857400,29982748
20081223 00:00,869900,878700,859000,863800,22408735
20081224 00:00,861000,862500,845500,850700,9486302
20081226 00:00,865500,874200,852400,858100,10785473
20081229 00:00,866200,876200,850700,866100,21755774
20081230 00:00,874200,880500,847200,862900,34078182
20081231 00:00,860000,877400,853400,853500,20953444
20090102 00:00,855800,910400,851600,907500,26360098
20090105 00:00,931100,961800,927100,945800,40396276
20090106 00:00,959600,971700,923900,930200,45411777
20090107 00:00,916000,925000,902600,910100,25958819
20090108 00:00,904600,931500,900400,927000,23558307
20090109 00:00,932100,933800,901400,905800,19171863
20090112 00:00,904500,909900,875500,886600,21576567
20090113 00:00,883400,897300,863500,877100,28048052
20090114 00:00,862400,872500,847200,853300,29252057
20090115 00:00,805000,841200,800500,833800,61595949
20090116 00:00,842700,843500,804000,823300,36798229
20090120 00:00,819700,820000,782000,782000,31791262
20090121 00:00,795000,828800,793100,828300,28840224
20090122 00:00,880000,900000,858200,883600,47057213
20090123 00:00,869500,898700,865000,883600,26749396
20090126 00:00,888800,909700,883000,896400,24282339
20090127 00:00,901000,915500,897400,907300,21229369
20090128 00:00,921500,950000,915000,942800,29911410
20090129 00:00,930900,943400,926000,930000,20372687
20090130 00:00,926200,936200,900100,901300,22483163
20090202 00:00,890000,920000,889000,915100,19513843
20090203 00:00,917900,933800,902800,929800,20357077
20090204 00:00,933200,962500,931000,935500,28377209
20090205 00:00,927800,972500,926200,964600,25882393
20090206 00:00,970700,1000000,970000,997200,23551525
20090209 00:00,1000000,1030000,995000,1025100,25079848
20090210 00:00,1011700,1024800,970600,978300,29551644
20090211 00:00,964000,983100,957700,968200,23561839
20090212 00:00,958300,997500,958300,992700,28642909
20090213 00:00,991100,999400,981200,991600,21423744
20090217 00:00,970000,970400,942800,945300,23225678
20090218 00:00,951500,958500,927200,943700,23769702
20090219 00:00,933200,942500,901100,906400,31000235
20090220 00:00,894900,924000,890000,912000,26457608
20090223 00:00,916000,920000,865100,869500,26480521
20090224 00:00,872500,908900,870000,902500,26672492
20090225 00:00,898600,929200,892500,911600,27543472
20090226 00:00,921100,929200,889600,891900,21324207
20090227 00:00,880000,913000,876700,893100,24150404
20090302 00:00,879900,912000,876700,879400,26363084
20090303 00:00,891000,907400,878800,883700,25286387
20090304 00:00,901700,927700,894500,911700,26093745
20090305 00:00,902500,918700,884500,888400,24583161
20090306 00:00,883300,884000,823300,853000,35418592
20090309 00:00,840500,876000,825700,831100,24434377
20090310 00:00,847800,891700,843600,886800,29135889
20090311 00:00,899000,940700,895800,926800,29931221
20090312 00:00,929000,965800,920000,963500,27157312
20090313 00:00,963000,972000,950100,959300,21115873
20090316 00:00,965100,973900,941800,954200,26903518
20090317 00:00,952200,996900,950700,996600,27804214
20090318 00:00,998800,1034800,997200,1015200,27563308
20090319 00:00,1019500,1032000,1002500,1016200,17404080
20090320 00:00,1021300,1031100,1005700,1015900,24266410
20090323 00:00,1026800,1080000,1017500,1076600,22846083
20090324 00:00,1061200,1094300,1053872,1064400,22431567
20090325 00:00,1075000,1083600,1038600,1064900,22682377
20090326 00:00,1079100,1099100,1075900,1098700,21480810
20090327 00:00,1081000,1085300,1064000,1068500,17239991
20090330 00:00,1041000,1050100,1026100,1044900,17451171
20090331 00:00,1055000,1074500,1050100,1051200,19895121
20090401 00:00,1040500,1090000,1038900,1086900,20767832
20090402 00:00,1100500,1147500,1097900,1127100,27877174
20090403 00:00,1144600,1161300,1135200,1159900,22301711
20090406 00:00,1148500,1187500,1132800,1184500,23081582
20090407 00:00,1164200,1166700,1141900,1150000,18708929
20090408 00:00,1152600,1167900,1145800,1163200,16037408
20090409 00:00,1184500,1200000,1179600,1195700,18361979
20090413 00:00,1200000,1209800,1190000,1202200,13765225
20090414 00:00,1195500,1201700,1172500,1183100,15836209
20090415 00:00,1170100,1182500,1157600,1176400,14401405
20090416 00:00,1192000,1231500,1187900,1214500,20440656
20090417 00:00,1210400,1242500,1202500,1234200,17513258
20090420 00:00,1217600,1229900,1191600,1205000,16302150
20090421 00:00,1189500,1221300,1186000,1217600,16470613
20090422 00:00,1226000,1253500,1212000,1215100,26733139
20090423 00:00,1266500,1271900,1235100,1254000,32224474
20090424 00:00,1245000,1251400,1229700,1239000,19096518
20090427 00:00,1228600,1250000,1226600,1247300,15533307
20090428 00:00,1233300,1262100,1232600,1239900,15785210
20090429 00:00,1248300,1268500,1238300,1251400,16058999
20090430 00:00,1263700,1270000,1249200,1258300,17335240
20090501 00:00,1258200,1279500,1258000,1272400,14018255
20090504 00:00,1282000,1322500,1276800,1320200,20914366
20090505 00:00,1317500,1328600,1311200,1327100,14038544
20090506 00:00,1334900,1335000,1302200,1325000,16638092
20090507 00:00,1320900,1323900,1279000,1290600,18135001
20090508 00:00,1290800,1309500,1262600,1291900,16548999
20090511 00:00,1272800,1309400,1271200,1295700,14104081
20090512 00:00,1297100,1297100,1237500,1244200,21476104
20090513 00:00,1231300,1240200,1194000,1194900,20802869
20090514 00:00,1197600,1235300,1197000,1229500,15382891
20090515 00:00,1221500,1246200,1216100,1224200,12577741
20090518 00:00,1238400,1267000,1215800,1266700,16051682
20090519 00:00,1268400,1293100,1257400,1274500,12967255
20090520 00:00,1277700,1292100,1253000,1258700,13698964
20090521 00:00,1250000,1267700,1228900,1241800,14310064
20090522 00:00,1240900,1241600,1217500,1225000,10492015
20090526 00:00,1248200,1308300,1245200,1307800,22106469
20090527 00:00,1317800,1349800,1309100,1330500,22680556
20090528 00:00,1335000,1353900,1320300,1350700,17154978
20090529 00:00,1354000,1359000,1338500,1358100,15569243
20090601 00:00,1363700,1399900,1360000,1393000,15699493
20090602 00:00,1389900,1413400,1383500,1394900,15881591
20090603 00:00,1400900,1411100,1390700,1409500,19572411
20090604 00:00,1401100,1441700,1400400,1437400,18842283
20090605 00:00,1455000,1464000,1432100,1446700,21812473
20090608 00:00,1439000,1442300,1394300,1438500,32791714
20090609 00:00,1438100,1445600,1405500,1427200,23774715
20090610 00:00,1420000,1424300,1383000,1402500,23672456
20090611 00:00,1396100,1415600,1385500,1400000,18514194
20090612 00:00,1388600,1391000,1360400,1369700,19824758
20090615 00:00,1359800,1369300,1348900,1360900,18726662
20090616 00:00,1366300,1384700,1361000,1363500,17958847
20090617 00:00,1367100,1374500,1345300,1355800,19869754
20090618 00:00,1360000,1380000,1356000,1358800,14389205
20090619 00:00,1380700,1394900,1368000,1394800,24702850
20090622 00:00,1406200,1415600,1363300,1373700,22213101
20090623 00:00,1363600,1369500,1328800,1340100,24844722
20090624 00:00,1354300,1375000,1348600,1362200,16646043
20090625 00:00,1358000,1402000,1352200,1398600,20437276
20090626 00:00,1397400,1435600,1397400,1424000,14854243
20090629 00:00,1434500,1439500,1415400,1419700,18649215
20090630 00:00,1426600,1438000,1418000,1424300,14493033
20090701 00:00,1435200,1446600,1425200,1428300,14430183
20090702 00:00,1413100,1413100,1397900,1400200,12878640
20090706 00:00,1387000,1389900,1362500,1386100,17491185
20090707 00:00,1384800,1396800,1351800,1354000,16238012
20090708 00:00,1359200,1380400,1344200,1372200,20067212
20090709 00:00,1378000,1379900,1359300,1363600,11985064
20090710 00:00,1364100,1389700,1362900,1385200,15575412
20090713 00:00,1395100,1423400,1375300,1423400,16554495
20090714 00:00,1420800,1431800,1411700,1422700,11934888
20090715 00:00,1448700,1470000,1443200,1468800,16932858
20090716 00:00,1458900,1480200,1455700,1475200,13640483
20090717 00:00,1491700,1520100,1486300,1517500,21238705
20090720 00:00,1531400,1550300,1508900,1529900,25601506
20090721 00:00,1533700,1534300,1497500,1516000,22567665
20090722 00:00,1575000,1587300,1561100,1567400,29581586
20090723 00:00,1566400,1584400,1555600,1578700,18291195
20090724 00:00,1569700,1600000,1565000,1599000,15454934
20090727 00:00,1600000,1608800,1572600,1601000,15232251
20090728 00:00,1589600,1601100,1576000,1600000,12845335
20090729 00:00,1589400,1604500,1582500,1600300,13472879
20090730 00:00,1616300,1647200,1615000,1627900,16407729
20090731 00:00,1630000,1650000,1629100,1633900,14862837
20090803 00:00,1651500,1666400,1648700,1664300,13692839
20090804 00:00,1650300,1655700,1642100,1655500,13679617
20090805 00:00,1659800,1673900,1642100,1651100,14551444
20090806 00:00,1655500,1665100,1630900,1639100,11961121
20090807 00:00,1655100,1666000,1648000,1656100,13413971
20090810 00:00,1653900,1666000,1636600,1647200,10598021
20090811 00:00,1636100,1643800,1618800,1628300,12209886
20090812 00:00,1624600,1667100,1624600,1653100,15589006
20090813 00:00,1666300,1686700,1665000,1684200,15250788
20090814 00:00,1678100,1681900,1655300,1667800,10607713
20090817 00:00,1635900,1636000,1594200,1596700,18286895
20090818 00:00,1617500,1642400,1614100,1640300,14751973
20090819 00:00,1627500,1653000,1624500,1646400,14523734
20090820 00:00,1648900,1667200,1646100,1663300,11796805
20090821 00:00,1678100,1693700,1668000,1692200,14434060
20090824 00:00,1700000,1707100,1682700,1690600,13967328
20090825 00:00,1694300,1709400,1691300,1694000,11209261
20090826 00:00,1689400,1695500,1667600,1674100,10190610
20090827 00:00,1686100,1695700,1648300,1694400,15737473
20090828 00:00,1720600,1724900,1685300,1700500,15608286
20090831 00:00,1680900,1688500,1665000,1682100,10712538
20090901 00:00,1680900,1700000,1649400,1653000,16069006
20090902 00:00,1645000,1676100,1641100,1651800,12769785
20090903 00:00,1664400,1671000,1650000,1665300,10131004
20090904 00:00,1672000,1707000,1670900,1703100,12959162
20090908 00:00,1724300,1731400,1720000,1729300,10903054
20090909 00:00,1727200,1744700,1697000,1711400,28676167
20090910 00:00,1720600,1732400,1708100,1726000,16990307
20090911 00:00,1729600,1731800,1708700,1721600,11662319
20090914 00:00,1708500,1738800,1702600,1737200,11080735
20090915 00:00,1740400,1756500,1735900,1751600,14027427
20090916 00:00,1780000,1827500,1778800,1818700,25581601
20090917 00:00,1820000,1867900,1819600,1845500,28490342
20090918 00:00,1859000,1865500,1847600,1850200,20402701
20090921 00:00,1844400,1851600,105900,1840200,15396281
20090922 00:00,1851000,1853800,1828500,1844800,12017435
20090923 00:00,1854000,1888900,1850500,1855000,20915093
20090924 00:00,1872000,1877000,1827700,1838200,18778149
20090925 00:00,1821300,1855000,1814400,1823700,15470855
20090928 00:00,1838300,1866800,1833300,1861500,11767848
20090929 00:00,1866600,1874000,1843100,1853800,11798129
20090930 00:00,1860400,1864500,1826200,1853700,18297749
20091001 00:00,1854900,1862200,1807000,1807600,18170344
20091002 00:00,1813800,1859300,1813500,1848800,18797774
20091005 00:00,1862000,1868600,1842800,1859900,14722779
20091006 00:00,1877500,1900100,1873000,1900100,21106045
20091007 00:00,1898200,1905500,1890400,1902500,16321350
20091008 00:00,1907700,1914000,1889000,1892700,14971407
20091009 00:00,1889000,1907000,1886200,1904700,10237952
20091012 00:00,1909700,1915100,1896500,1908100,9577244
20091013 00:00,1906200,1911700,1897000,1900200,11861704
20091014 00:00,1921500,1923200,1902300,1912900,12799421
20091015 00:00,1896000,1909200,1895300,1905600,12485518
20091016 00:00,1892500,1903600,1878400,1880500,14854408
20091019 00:00,1878800,1900000,1855500,1898600,24240133
20091020 00:00,2004700,2017500,1978500,1987600,38444905
20091021 00:00,1996200,2087000,1992300,2049200,42043946
20091022 00:00,2045200,2078500,2025100,2052000,27491965
20091023 00:00,2057000,2059000,2032300,2039400,14642533
20091026 00:00,2035000,2067500,2018500,2024800,16900337
20091027 00:00,2016400,2028100,1964500,1973700,26624154
20091028 00:00,1972800,1980200,1911000,1924000,28538669
20091029 00:00,1948900,1968100,1921500,1963500,19386716
20091030 00:00,1961800,1968000,1881700,1885000,24902988
20091102 00:00,1898100,1928800,1855700,1893100,23845964
20091103 00:00,1880000,1895200,1859200,1887500,18092794
20091104 00:00,1907100,1938500,1902300,1909500,16956525
20091105 00:00,1927000,1950000,1918200,1941800,13209622
20091106 00:00,1930000,1951900,1924300,1943400,9862308
20091109 00:00,1969500,2019000,1962600,2014600,18317730
20091110 00:00,2010700,2049800,2010100,2029800,14124950
20091111 00:00,2046300,2050000,2018300,2032500,15471309
20091112 00:00,2033300,2048700,2014300,2019900,12289626
20091113 00:00,2029000,2048300,2020800,2044500,11839972
20091116 00:00,2054000,2080000,2050100,2066300,16762934
20091117 00:00,2060700,2074400,2050000,2070000,13804205
20091118 00:00,2064200,2070000,2040000,2059600,12851957
20091119 00:00,2045700,2047600,1998000,2005100,18913616
20091120 00:00,1983300,2003900,1977700,1999200,14109672
20091123 00:00,2031200,2060000,1999200,2058800,16507887
20091124 00:00,2053000,2053300,2029000,2044400,10981556
20091125 00:00,2055000,2056500,2037600,2041900,9916802
20091127 00:00,1991400,2029600,1983700,2005900,10020168
20091130 00:00,2009100,2016800,1987700,1999100,14587706
20091201 00:00,2022000,2027700,1968300,1970600,15717070
20091202 00:00,1990500,2014200,1957500,1962300,24468663
20091203 00:00,1978700,1989700,1962700,1964800,15443519
20091204 00:00,1997000,1998800,1902800,1933200,28695713
20091207 00:00,1933200,1937700,1886800,1890300,25047458
20091208 00:00,1890400,1923500,1887000,1898700,23806192
20091209 00:00,1913400,1981600,1903200,1975300,23697044
20091210 00:00,1996900,1997000,1961200,1964300,16657806
20091211 00:00,1977500,1980000,1934300,1946700,14540988
20091214 00:00,1954700,1974300,1925700,1969800,16775953
20091215 00:00,1957600,1975100,1932800,1942500,14724406
20091216 00:00,1950000,1965000,1945500,1950300,11769547
20091217 00:00,1948700,1950200,1917700,1918600,13224049
20091218 00:00,1931000,1955000,1926300,1955000,20464337
20091221 00:00,1960000,1997500,1956700,1982300,21408003
20091222 00:00,1997900,2008500,1986600,2003600,12155659
20091223 00:00,2011900,2023800,2008300,2021000,12073085
20091224 00:00,2034300,2093500,2033100,2090400,17573504
20091228 00:00,2111500,2139500,2096200,2116100,22193737
20091229 00:00,2126700,2127100,2087300,2091000,15533774
20091230 00:00,2087500,2120000,2083100,2116400,14422351
20091231 00:00,2131300,2133500,2105600,2108600,11896854
20100104 00:00,2135500,2145000,2123800,2141800,16984291
20100105 00:00,2147900,2155900,2132500,2143800,20896130
20100106 00:00,2143600,2152300,2107500,2109700,19343245
20100107 00:00,2116800,2120000,2090600,2105800,16679310
20100108 00:00,2104900,2120000,2090600,2119800,15201807
20100111 00:00,2128000,2130000,2084500,2101100,16261904
20100112 00:00,2093200,2097700,2064200,2077200,20629561
20100113 00:00,2081200,2109300,2041000,2106500,21419507
20100114 00:00,2100400,2104500,2090200,2094300,15085635
20100115 00:00,2114000,2116000,2058800,2059300,20615711
20100119 00:00,2083900,2151900,2072400,2150400,25168778
20100120 00:00,2149400,2155500,2095000,2118200,21363154
20100121 00:00,2123800,2132800,2072100,2082800,20922680
20100122 00:00,2067800,2075000,1971600,1975900,30496953
20100125 00:00,2028300,2047000,2001900,2028700,31639840
20100126 00:00,2058600,2137100,2025800,2059400,64521683
20100127 00:00,2068100,2105800,1995400,2079800,60094747
20100128 00:00,2053200,2055000,1987000,1992900,40459734
20100129 00:00,2013300,2022000,1902500,1921200,43099223
20100201 00:00,1925800,1960000,1913000,1947300,26058523
20100202 00:00,1959300,1963200,1933900,1958600,24532779
20100203 00:00,1953300,2002000,1944900,1992300,21541794
20100204 00:00,1968500,1983600,1915700,1920000,26163666
20100205 00:00,1927000,1960000,1908500,1952900,29148170
20100208 00:00,1956800,1978800,1940000,1941200,15949104
20100209 00:00,1964600,1975000,1947500,1961900,21806664
20100210 00:00,1958200,1965900,1942600,1952900,12876372
20100211 00:00,1947900,1997500,1940600,1986700,18714061
20100212 00:00,1981700,2016400,1967800,2003800,22017771
20100216 00:00,2021900,2036900,2015400,2034200,18647586
20100217 00:00,2042500,2043100,2008600,2025500,15234314
20100218 00:00,2016300,2038800,2009300,2030200,14669430
20100219 00:00,2018500,2032000,2011100,2016700,14489579
20100222 00:00,2024400,2025000,1991900,2004400,13664866
20100223 00:00,1999100,2013300,1957200,1970500,20081206
20100224 00:00,1985000,2014400,1978400,2005500,16095242
20100225 00:00,1973800,2028600,1968900,2020100,23245981
20100226 00:00,2024500,2051700,2020000,2046200,17464247
20100301 00:00,2057500,2095000,2056000,2089900,19133237
20100302 00:00,2099700,2108300,2077400,2088500,19789784
20100303 00:00,2091600,2098700,2079400,2093300,13074703
20100304 00:00,2093900,2109200,2086400,2107100,12414803
20100305 00:00,2150000,2197000,2146300,2190000,30977105
20100308 00:00,2200000,2200800,2182600,2190800,14885127
20100309 00:00,2181500,2250000,2178900,2230200,32418502
20100310 00:00,2237100,2254800,2232100,2248400,20982561
20100311 00:00,2238600,2255000,2233200,2255000,14055872
20100312 00:00,2270500,2277300,2257500,2266000,14373863
20100315 00:00,2255000,2255000,2202500,2238400,17138526
20100316 00:00,2241800,2249800,2225100,2245500,15562967
20100317 00:00,2247900,2264500,2232700,2241200,15744239
20100318 00:00,2239300,2250000,2226100,2247500,11950503
20100319 00:00,2251600,2252000,2212300,2223000,19011503
20100322 00:00,2205000,2260000,2201500,2248700,15946432
20100323 00:00,2256600,2287800,2241000,2284000,20336346
20100324 00:00,2278400,2302000,2275100,2293700,20520029
20100325 00:00,2309300,2309800,2262500,2266500,18731545
20100326 00:00,2289800,2319500,2285500,2309000,22066547
20100329 00:00,2330000,2338600,2316200,2323900,18018736
20100330 00:00,2367600,2374800,2342500,2358300,17838454
20100331 00:00,2358500,2366100,2344600,2349300,17099601
20100401 00:00,2376700,2387200,2327500,2359700,20971400
20100405 00:00,2350000,2385000,2347700,2384900,22663386
20100406 00:00,2382800,2402400,2370000,2395400,15629235
20100407 00:00,2397200,2419200,2386700,2406000,22026820
20100408 00:00,2404000,2415400,2380400,2399400,20061904
20100409 00:00,2414200,2418900,2404700,2418900,11601259
20100412 00:00,2429000,2430700,2418100,2422900,11370376
20100413 00:00,2419800,2427900,2411100,2424200,10517611
20100414 00:00,2451700,2458100,2440800,2455700,13277390
20100415 00:00,2459500,2490300,2455100,2489200,13070350
20100416 00:00,2489900,2511400,2445600,2474000,26164839
20100419 00:00,2465500,2478900,2417700,2470700,19769977
20100420 00:00,2492400,2492500,2429600,2445900,20314243
20100421 00:00,2582600,2602500,2557300,2592200,33340384
20100422 00:00,2581800,2667500,2562000,2663600,27767089
20100423 00:00,2670100,2721800,2670000,2708300,27629545
20100426 00:00,2719800,2724600,2681900,2695000,16546094
20100427 00:00,2670000,2678400,2605200,2622600,24761858
20100428 00:00,2630000,2640000,2564100,2616000,26150549
20100429 00:00,2630500,2700000,2620100,2686400,19537473
20100430 00:00,2697400,2705700,2610000,2611200,18797999
20100503 00:00,2644200,2678800,2628800,2663500,15560786
20100504 00:00,2624400,2631200,2567500,2586800,25186867
20100505 00:00,2528800,2581400,2487300,2559700,30561954
20100506 00:00,2540000,2582300,1992500,2462500,44736118
20100507 00:00,2440000,2465500,2252500,2358600,58614369
20100510 00:00,2511700,2546500,2485300,2539900,33234723
20100511 00:00,2520000,2598900,2505000,2565200,29476080
20100512 00:00,2596400,2631300,2587000,2620900,22633793
20100513 00:00,2632800,2650000,2564100,2583600,20768497
20100514 00:00,2552100,2564700,2495000,2538200,25996761
20100517 00:00,2541600,2561800,2477100,2542200,26533362
20100518 00:00,2569800,2585200,2502600,2523600,26744572
20100519 00:00,2494200,2528900,2448500,2483400,35323886
20100520 00:00,2414000,2438200,2362100,2375400,44310053
20100521 00:00,2316500,2444900,2313500,2422500,42312584
20100524 00:00,2472600,2509000,2462600,2467600,25866048
20100525 00:00,2395000,2467600,2371600,2452200,36026802
20100526 00:00,2502000,2521300,2437500,2440500,28849650
20100527 00:00,2507300,2538900,2491100,2533500,22339837
20100528 00:00,2594000,2594000,2533500,2571600,25275203
20100601 00:00,2596900,2659400,2589600,2608300,30089416
20100602 00:00,2647400,2648000,2603500,2639500,23533113
20100603 00:00,2651900,2655500,2604100,2634000,22477904
20100604 00:00,2583900,2619000,2546300,2561200,25632792
20100607 00:00,2583600,2591500,2459000,2510300,30715791
20100608 00:00,2533800,2538000,2456500,2493900,34814526
20100609 00:00,2515600,2519000,2424900,2432000,29723527
20100610 00:00,2448100,2509700,2422000,2505100,26781445
20100611 00:00,2481700,2538600,2473700,2534800,18543008
20100614 00:00,2560000,2591400,2540100,2540500,20769380
20100615 00:00,2556200,2598500,2555000,2598300,20082362
20100616 00:00,2610000,2677500,2606500,2672500,27189808
20100617 00:00,2706100,2729000,2695000,2718700,29888932
20100618 00:00,2722300,2750000,2714300,2741600,26921473
20100621 00:00,2777500,2790100,2687300,2703500,26787415
20100622 00:00,2722400,2759700,2715100,2734300,24681495
20100623 00:00,2746400,2746600,2679200,2709700,26413515
20100624 00:00,2709700,2731800,2681000,2687400,24307960
20100625 00:00,2700200,2702700,2658400,2659700,18249416
20100628 00:00,2669600,2697500,2645200,2683000,20203697
20100629 00:00,2642500,2643900,2543000,2560800,39175224
20100630 00:00,2567400,2579700,2500100,2515300,25159796
20100701 00:00,2541100,2547900,2432200,2484800,34910588
20100702 00:00,2505500,2509300,2432000,2470000,23511666
20100706 00:00,2512500,2528000,2461700,2486300,21002690
20100707 00:00,2506200,2587700,2497500,2587700,22279813
20100708 00:00,2625800,2629000,2548900,2580900,25185031
20100709 00:00,2569400,2599000,2551600,2597200,15021315
20100712 00:00,2585300,2618400,2548600,2574100,19584294
20100713 00:00,2562100,2564000,2464300,2521100,41342034
20100714 00:00,2494900,2558000,2490000,2528700,27933728
20100715 00:00,2482700,2526900,2473000,2514500,27771752
20100716 00:00,2531300,2549700,2484100,2499000,35755294
20100719 00:00,2497500,2498800,2396000,2455800,35507958
20100720 00:00,2429900,2529000,2400100,2520700,31808363
20100721 00:00,2650000,2651400,2540000,2542400,38118527
20100722 00:00,2577400,2600000,2553200,2592900,21896656
20100723 00:00,2571600,2603800,2562800,2599400,18001741
20100726 00:00,2599800,2601000,2577100,2592800,13855816
20100727 00:00,2606800,2648000,2603000,2640800,19903403
20100728 00:00,2636700,2659900,2602500,2609600,17789096
20100729 00:00,2607100,2626500,2561000,2581100,22038229
20100730 00:00,2560000,2597000,2549000,2572500,15036472
20100802 00:00,2604400,2625900,2596200,2618500,14701357
20100803 00:00,2610000,2632600,2594200,2619300,13915787
20100804 00:00,2626300,2642700,2603300,2629800,14565349
20100805 00:00,2614800,2631800,2605500,2617000,9877464
20100806 00:00,2597000,2614900,2576300,2601500,14743514
20100809 00:00,2614900,2621500,2595700,2617500,10295508
20100810 00:00,2598900,2604500,2575500,2594100,15214340
20100811 00:00,2551400,2556900,2498100,2500700,20804304
20100812 00:00,2466600,2531000,2461200,2517900,18073032
20100813 00:00,2510300,2518800,2490900,2491000,11783380
20100816 00:00,2477200,2500100,2466200,2476400,10693424
20100817 00:00,2501000,2546300,2492000,2519700,14409392
20100818 00:00,2523600,2546700,2515800,2530700,11320931
20100819 00:00,2528500,2534800,2486800,2498800,14135503
20100820 00:00,2493800,2539200,2490000,2496400,12986691
20100823 00:00,2517500,2520000,2452500,2458000,13905005
20100824 00:00,2430000,2430000,2386500,2401600,19809149
20100825 00:00,2379900,2439900,2372000,2428900,19096933
20100826 00:00,2454800,2457400,2402800,2402800,14642434
20100827 00:00,2415300,2426100,2355600,2416200,18129585
20100830 00:00,2407600,2457500,2406800,2425000,12511295
20100831 00:00,2418800,2445600,253000,2433700,13182733
20100901 00:00,2475000,2514600,2462800,2503300,23563272
20100902 00:00,2513700,2521700,2485700,2521700,13953420
20100903 00:00,2549300,2587800,2545200,2587700,16127766
20100907 00:00,2565100,2595300,2562500,2578100,11588986
20100908 00:00,2597800,2643900,2591000,2629200,17852593
20100909 00:00,2650100,2665200,2630200,2630700,14720283
20100910 00:00,2632000,2645000,2614000,2634100,13297947
20100913 00:00,2659500,2682800,2657600,2673200,12918101
20100914 00:00,2661700,2691700,2655200,2680600,13748014
20100915 00:00,2680000,2703800,2678400,2702400,14211578
20100916 00:00,2702700,2766700,2695000,2765700,22000970
20100917 00:00,2776800,2779600,2736800,2754600,20869554
20100920 00:00,2761000,2837800,2758500,2833700,22771416
20100921 00:00,2838500,2873500,2827900,2841700,22173763
20100922 00:00,2827100,2879800,2824100,2877500,19695420
20100923 00:00,2864500,2927600,2860000,2889200,26642239
20100924 00:00,2921000,2935300,2905500,2924600,21637672
20100927 00:00,2939800,2947300,2910100,2910500,16325352
20100928 00:00,2917000,2917700,2750000,2868600,35800504
20100929 00:00,2871600,2898100,2860000,2873700,15756825
20100930 00:00,2890000,2900000,2812500,2837500,22617164
20101001 00:00,2864000,2865800,2813500,2825200,15050776
20101004 00:00,2816800,2829000,2777700,2786400,14741824
20101005 00:00,2824000,2894400,2819400,2894100,16745507
20101006 00:00,2896100,2919900,2852600,2891900,22958875
20101007 00:00,2904400,2904800,2869100,2892200,13613136
20101008 00:00,2918900,2945000,2900000,2941100,21540252
20101011 00:00,2947700,2972400,2946000,2953600,14547024
20101012 00:00,2954100,2995000,2924900,2987400,18697316
20101013 00:00,3000300,3019600,2998000,3001400,19029345
20101014 00:00,3016900,3024700,3004000,3023100,13881793
20101015 00:00,3074400,3150000,3049100,3150000,30520786
20101018 00:00,3185000,3190000,3142900,3179000,32527352
20101019 00:00,3034900,3137700,3000200,3095000,39861851
20101020 00:00,3090000,3142500,3068700,3105300,24584920
20101021 00:00,3123100,3147400,3068000,3095200,18504696
20101022 00:00,3090700,3100400,3063000,3078700,12553541
20101025 00:00,3091200,3116000,3084400,3088400,12691149
20101026 00:00,3069900,3097400,3056500,3080500,12951238
20101027 00:00,3076500,3098800,3056000,3078300,12294292
20101028 00:00,3079500,3080100,3009000,3052400,18729663
20101029 00:00,3042200,3058800,3008700,3008700,14202553
20101101 00:00,3026300,3056000,3022000,3041800,14401524
20101102 00:00,3070000,3101900,3070000,3096600,14532834
20101103 00:00,3113700,3128800,3085500,3128000,16841788
20101104 00:00,3151100,3201800,3150300,3182700,21559504
20101105 00:00,3179900,3195600,3167500,3171300,12032151
20101108 00:00,3169500,3197700,3167600,3188100,9229988
20101109 00:00,3210000,3213000,3145000,3160800,12653750
20101110 00:00,3166400,3187700,3135500,3180300,12758653
20101111 00:00,3150000,3184000,3142500,3165100,12206317
20101112 00:00,3155000,3165000,3036400,3080300,27117495
20101115 00:00,3084800,3105400,3062700,3074100,13491772
20101116 00:00,3056000,3076000,2993200,3012900,22053927
20101117 00:00,3010800,3039900,2977600,3005000,16259314
20101118 00:00,3054700,3096700,3047000,3085600,16366799
20101119 00:00,3080000,3084000,3052400,3069000,13116454
20101122 00:00,3066900,3133600,3058700,3133600,13301244
20101123 00:00,3103000,3117500,3065600,3087300,16671682
20101124 00:00,3120000,3154000,3117500,3149200,13444167
20101126 00:00,3138200,3176900,3129400,3157600,8021162
20101129 00:00,3162300,3174800,3113800,3168700,14770980
20101130 00:00,3135400,3143500,3108700,3111500,16483923
20101201 00:00,3157500,3177500,3150500,3164000,13800939
20101202 00:00,3175000,3190000,3148900,3181500,15347583
20101203 00:00,3169400,3186500,3163400,3175000,10989700
20101206 00:00,3185400,3223300,3184300,3201700,15335328
20101207 00:00,3238800,3239900,3181200,3182100,12818740
20101208 00:00,3197700,3210100,3171100,3210100,10738218
20101209 00:00,3221500,3225000,3190200,3199000,9784434
20101210 00:00,3196500,3210500,3186100,3205500,8808961
20101213 00:00,3243500,3249900,3210000,3216700,14410477
20101214 00:00,3219900,3225300,3190000,3202900,11591921
20101215 00:00,3200000,3230000,3191900,3203600,13668749
20101216 00:00,3210900,3226100,3201100,3210100,10720135
20101217 00:00,3213800,3217900,3202300,3206100,12665689
20101220 00:00,3216000,3232500,3182300,3222100,12913213
20101221 00:00,3230900,3243900,3220500,3242100,8599461
20101222 00:00,3243800,3257200,3235500,3251600,9115126
20101223 00:00,3250000,3251500,3231700,3236000,7053121
20101227 00:00,3231900,3254300,3215200,3246800,8627378
20101228 00:00,3260000,3266600,3250600,3254700,5903796
20101229 00:00,3263000,3264500,3251000,3252900,5405464
20101230 00:00,3254000,3255100,3230500,3236600,5242309
20101231 00:00,3230000,3234800,3213100,3225600,6506411
20110103 00:00,3259000,3302600,326500,3297300,15521968
20110104 00:00,3325000,3325300,3281600,3312900,10665607
20110105 00:00,3295500,3343400,3294500,3340000,8737079
20110106 00:00,3350000,3355000,3329000,3337800,9952473
20110107 00:00,3341200,3363500,3319000,3361200,10640044
20110110 00:00,3388300,3432300,3371700,3422500,15452480
20110111 00:00,3449500,3449600,3394700,3416400,15230470
20110112 00:00,3434300,3444300,3420000,3444200,10266242
20110113 00:00,3453100,3466400,3438500,3456800,10178862
20110114 00:00,3459400,3484800,3444400,3484800,10683016
20110118 00:00,3270500,3447600,3260000,3410600,57971647
20110119 00:00,3485800,3486000,3368800,3388400,38073410
20110120 00:00,3361800,3383000,3301200,3328500,26500076
20110121 00:00,3337700,3348800,3266300,3267200,26304201
20110124 00:00,3270600,3374500,3267200,3374500,19968956
20110125 00:00,3364100,3414400,3345700,3414000,18832597
20110126 00:00,3429000,3456000,3415000,3439000,17753827
20110127 00:00,3439000,3446800,3428500,3432500,9835161
20110128 00:00,3443300,3444000,3335300,3360500,20262278
20110131 00:00,3358000,3400400,3343000,3393200,12936736
20110201 00:00,3415400,3456500,3409800,3450300,14604045
20110202 00:00,3444500,3452500,3435500,3443200,9093752
20110203 00:00,3438000,3442200,3385500,3434400,13864738
20110204 00:00,3437600,3467000,3435100,3465000,11160808
20110207 00:00,3480000,3532500,3476300,3518800,16312344
20110208 00:00,3535200,3555200,3521500,3552000,13161353
20110209 00:00,3551900,3590000,3548700,3581600,16889956
20110210 00:00,3578200,3600000,3480600,3545400,32494033
20110211 00:00,3548400,3578000,3535800,3568500,12841468
20110214 00:00,3567900,3594800,3567100,3591800,10485145
20110215 00:00,3592100,3599700,3575500,3599400,9768816
20110216 00:00,3605200,3649000,3605000,3631300,16637196
20110217 00:00,3571600,3602700,3565200,3583000,18022297
20110218 00:00,3583000,3595000,3495200,3505600,28531140
20110222 00:00,3421500,3454000,3377200,3386100,30341179
20110223 00:00,3386500,3446400,3386100,3426200,23423245
20110224 00:00,3440300,3451400,3383800,3427900,17314123
20110225 00:00,3452600,3484300,3448000,3481600,13166518
20110228 00:00,3511700,3550500,3511200,3532100,13533354
20110301 00:00,3552700,3557200,3476800,3495100,15740939
20110302 00:00,3499400,3543500,3484300,3521200,21131052
20110303 00:00,3574400,3597900,3559200,3595600,17290853
20110304 00:00,3600000,3602900,3577500,3600000,15067915
20110307 00:00,3616000,3616700,3513100,3553600,18947462
20110308 00:00,3547900,3574000,3522500,3556900,12350476
20110309 00:00,3546900,3547600,3506000,3524700,15897644
20110310 00:00,3497600,3498800,3449000,3466300,17438240
20110311 00:00,3450200,3523200,3450000,3519900,16418241
20110314 00:00,3530000,3564800,3513100,3535600,15014205
20110315 00:00,3417700,3478400,3401000,3454300,24591019
20110316 00:00,3420000,3430000,3262600,3297600,40237609
20110317 00:00,3369400,3396100,3342200,3346400,22487364
20110318 00:00,3366000,3382000,3300000,3306700,25483165
20110321 00:00,3361300,3397400,3352600,3392200,14101639
20110322 00:00,3426200,3426200,3391400,3412000,11231474
20110323 00:00,3392500,3402200,3359500,3391900,12982214
20110324 00:00,3418500,3460000,3388600,3450900,14036453
20110325 00:00,3481300,3520600,3470200,3515400,15610680
20110328 00:00,3531800,3543200,3504400,3504400,10656989
20110329 00:00,3475900,3509600,3460600,3509600,12019582
20110330 00:00,3507100,3508800,3474400,3487800,11223004
20110331 00:00,3463000,3498000,3460600,3484500,9409136
20110401 00:00,3511100,3515700,3433100,3445600,14461249
20110404 00:00,3445600,3446000,3384000,3411900,16121814
20110405 00:00,3365200,3422500,3360000,3388900,16272032
20110406 00:00,3414500,3439000,3371400,3380400,13998531
20110407 00:00,3380400,3404300,3360300,3380800,13097403
20110408 00:00,3400000,3401500,3339700,3350600,13198455
20110411 00:00,3342000,3356700,3300200,3310000,14001442
20110412 00:00,3304500,3337300,3302000,3324000,14749065
20110413 00:00,3350000,3361400,3325200,3360900,11904296
20110414 00:00,3346500,3360000,3320600,3320700,10439480
20110415 00:00,3336200,3336400,3268000,3274600,15933741
20110418 00:00,3261600,3322300,3201700,3318500,21242570
20110419 00:00,3332500,3379800,3317100,3378600,14545668
20110420 00:00,3437400,3457500,3415000,3424200,19095349
20110421 00:00,3544300,3551300,3485200,3507200,25487906
20110425 00:00,3505700,3537500,3503000,3531000,9256954
20110426 00:00,3536300,3549900,3493600,3504500,11497554
20110427 00:00,3522800,3523500,3471000,3502400,12263435
20110428 00:00,3462000,3497500,3455200,3471100,12173779
20110429 00:00,3470400,3539500,3466900,3482300,27036884
20110502 00:00,3497500,3504500,3455000,3462800,15153684
20110503 00:00,3479100,3498900,3456200,3482000,10899515
20110504 00:00,3483200,3518300,3468800,3498900,13535774
20110505 00:00,3484000,3509500,3460500,3469200,11715807
20110506 00:00,3498500,3499900,3462100,3466600,9597113
20110509 00:00,3478200,3492000,3465300,3476000,7059321
20110510 00:00,3488900,3496900,3466600,3494500,9634033
20110511 00:00,3491500,3500000,3452500,3472300,11650417
20110512 00:00,3464500,3471200,3422700,3465700,11090522
20110513 00:00,3457900,3462200,3403500,3405000,11339058
20110516 00:00,3392500,3412200,3326000,3333000,15684647
20110517 00:00,3320000,3361400,3307500,3361400,15768145
20110518 00:00,3365000,3410500,3360000,3398400,11729143
20110519 00:00,3420800,3424000,3386700,3405300,8947448
20110520 00:00,3397500,3409500,3350200,3352400,11795025
20110523 00:00,3300000,3359800,3294300,3344000,13334106
20110524 00:00,3352800,3358700,3313400,3323300,11302916
20110525 00:00,3334300,3385600,3328500,3365600,10219248
20110526 00:00,3357200,3368900,3344400,3350000,7734665
20110527 00:00,3348000,3376300,3343100,3374100,7121663
20110531 00:00,3411400,3478300,3410000,3478300,14137978
20110601 00:00,3491100,3521300,3446500,3455000,19378362
20110602 00:00,3465500,3479800,3443000,3459700,11899977
20110603 00:00,3430300,3453200,3420100,3433100,10588225
20110606 00:00,3457000,3470500,3378100,3380500,16031347
20110607 00:00,3381700,3382200,3319000,3319100,18557846
20110608 00:00,3320000,3348000,3306500,3322400,11628251
20110609 00:00,3332700,3336700,3307500,3314900,9597575
20110610 00:00,3306500,3316600,3255100,3255700,15078370
20110613 00:00,3272000,3283000,3250700,3266200,11585233
20110614 00:00,3300200,3332500,3293100,3322500,11412156
20110615 00:00,3296000,3303000,3248800,3267900,13493541
20110616 00:00,3267900,3286800,3183300,3251300,17715993
20110617 00:00,3290700,3292500,3193600,3203800,21053914
20110620 00:00,3173000,3177000,3105000,3153200,22442476
20110621 00:00,3165300,3258000,3152000,3253000,17244458
20110622 00:00,3250200,3289000,3223800,3226700,13608711
20110623 00:00,3189500,3316900,3181200,3312300,19431664
20110624 00:00,3315000,3331400,3250900,3263500,15067160
20110627 00:00,3276200,3339000,3272500,3320400,11624397
20110628 00:00,3335800,3367000,3334400,3352600,10061511
20110629 00:00,3360800,3363700,3318800,3340400,12247344
20110630 00:00,3347000,3361100,3328400,3356700,11219649
20110701 00:00,3359500,3435000,3342000,3432300,15147932
20110705 00:00,3429700,3498300,3425000,3492000,12408017
20110706 00:00,3490000,3540900,3467200,3517600,15643131
20110707 00:00,3547200,3580000,3540000,3572000,13956274
20110708 00:00,3535200,3600000,3522000,3597100,16968843
20110711 00:00,3563300,3597700,3528200,3540000,15458294
20110712 00:00,3535000,3576600,3486200,3537500,15672904
20110713 00:00,3583300,3600000,3563900,3580200,13635609
20110714 00:00,3609500,3616100,3563400,3577700,14525923
20110715 00:00,3609900,3650000,3591900,3649200,16601958
20110718 00:00,3654300,3746500,3652800,3738000,19850623
20110719 00:00,3779200,3786500,3733200,3768500,23957368
20110720 00:00,3960500,3962700,3860000,3869000,32046847
20110721 00:00,3870200,3900600,3839000,3872900,18167326
20110722 00:00,3883200,3950500,3877500,3933000,18174328
20110725 00:00,3901800,4000000,3896200,3985000,20602720
20110726 00:00,4000000,4045000,3996800,4033600,16516257
20110727 00:00,4003200,4026400,3921700,3925700,22865584
20110728 00:00,3916300,3969900,3881400,3918200,20467102
20110729 00:00,3875200,3951500,3840000,3904800,21747826
20110801 00:00,3980000,3994800,3923700,3967500,21010857
20110802 00:00,3978400,3979000,3883500,3889100,22372999
20110803 00:00,3910700,3935500,3822500,3925700,25434054
20110804 00:00,3895500,3913200,3773500,3773700,30401513
20110805 00:00,3799100,3835000,3625700,3736200,41327895
20110808 00:00,3610000,3677700,3530200,3532100,39454248
20110809 00:00,3617900,3746100,3550000,3740100,36671924
20110810 00:00,3711500,3746400,3625000,3636900,30017386
20110811 00:00,3705400,3754500,3647400,3737000,25143527
20110812 00:00,3784100,3796400,3742300,3769100,18319169
20110815 00:00,3799000,3849700,3780900,3834100,15829029
20110816 00:00,3815000,3833700,3760600,3804800,17306117
20110817 00:00,3823600,3845200,3780000,3804400,15351522
20110818 00:00,3707000,3726500,3613700,3660500,29527714
20110819 00:00,3617300,3670000,3560000,3560300,27045763
20110822 00:00,3646400,3648700,3550900,3564400,18609902
20110823 00:00,3603000,3736400,3570000,3736000,22773913
20110824 00:00,3734600,3789600,3706000,3761800,20291424
20110825 00:00,3650000,3754500,3650000,3737200,28247760
20110826 00:00,3711700,3838000,3708400,3835800,22442286
20110829 00:00,3881700,3915000,3880000,3899700,14087302
20110830 00:00,3882500,3918400,3862100,3899900,14537163
20110831 00:00,3908600,3920800,3818600,3848300,17906640
20110901 00:00,3859800,3873000,3807200,3811500,11787396
20110902 00:00,3749400,3780000,3718400,3740500,15047753
20110906 00:00,3670800,3803300,3664800,3795700,17725315
20110907 00:00,3855700,3856000,3820000,3839300,11777261
20110908 00:00,3824000,3886100,3823100,3842200,14415660
20110909 00:00,3839500,3860000,3750300,3773300,19695038
20110912 00:00,3730200,3808800,3719000,3799500,16194032
20110913 00:00,3821400,3862100,3802500,3846200,15238153
20110914 00:00,3870200,3922100,3857600,3893000,18577889
20110915 00:00,3915700,3936500,3899000,3929000,14041491
20110916 00:00,3960000,4005000,3950300,4005000,21375790
20110919 00:00,3969000,4132300,3952100,4116300,28822208
20110920 00:00,4153500,4228600,4111900,4134500,26988790
20110921 00:00,4197100,4215900,4120000,4121400,20796654
20110922 00:00,4010000,4098200,3967000,4018200,33275510
20110923 00:00,4002500,4067400,3998500,4043000,18497785
20110926 00:00,4000000,4039800,3913000,4031700,27527487
20110927 00:00,4089600,4092500,3980600,3992600,21927105
20110928 00:00,4000700,4037400,3965100,3969200,14821403
20110929 00:00,4019200,4022100,3862100,3905700,22789477
20110930 00:00,3871200,3888900,3811800,3811800,18686791
20111003 00:00,3803600,3826400,3732300,3746000,23126196
20111004 00:00,3749000,3818000,3542400,3725000,43182467
20111005 00:00,3678600,3798200,3603000,3785900,27310299
20111006 00:00,3731100,3847700,3718100,3773700,27380776
20111007 00:00,3757700,3777400,3684900,3698000,18406587
20111010 00:00,3791800,3888100,3782100,3888100,15098284
20111011 00:00,3925800,4031800,3915000,4002900,21101625
20111012 00:00,4074100,4092500,4001400,4021900,21800461
20111013 00:00,4050400,4084300,4028600,4084300,14108015
20111014 00:00,4170000,4220000,4152700,4220000,19251871
20111017 00:00,4214300,4267000,4160000,4199900,23269712
20111018 00:00,4215900,4248000,4159900,4222400,23836006
20111019 00:00,4014500,4084100,3978000,3986200,37692681
20111020 00:00,4000000,4003500,3942100,3953100,18931225
20111021 00:00,3983100,3991400,3907500,3931000,21569017
20111024 00:00,3961800,4065000,3954300,4057700,17551893
20111025 00:00,4050300,4065500,3973800,3977700,14802720
20111026 00:00,4020000,4025000,3932000,4005600,15468830
20111027 00:00,4077000,4090000,4018900,4046900,16813282
20111028 00:00,4030000,4063500,4025100,4049500,10868995
20111031 00:00,4021100,4093300,4010600,4047800,13328273
20111101 00:00,3970000,3994800,3932300,3965100,18321979
20111102 00:00,4000000,4004400,3951100,3974100,11041550
20111103 00:00,3990700,4033800,3953600,4030700,15153875
20111104 00:00,4020000,4034400,3991600,4002400,10034522
20111107 00:00,3999100,4000000,3961300,3997300,9284553
20111108 00:00,4022100,4080000,4015600,4062300,13796113
20111109 00:00,3970000,4008900,3942300,3952800,18781796
20111110 00:00,3971100,3972100,3821500,3852200,26111624
20111111 00:00,3867500,3887000,3802600,3846200,22776196
20111114 00:00,3843700,3852500,3782000,3792600,15036445
20111115 00:00,3808000,3895000,3794500,3888300,14945553
20111116 00:00,3894400,3911300,3843200,3847700,12004115
20111117 00:00,3838200,3845800,3755000,3774100,16682739
20111118 00:00,3788900,3799900,3748800,3749400,12854611
20111121 00:00,3702300,3716800,3659100,3690100,15375313
20111122 00:00,3713900,3779200,3709400,3765100,13969928
20111123 00:00,3747000,3758200,3668800,3669900,14915547
20111125 00:00,3682000,3711500,3633200,3635900,8068504
20111128 00:00,3724700,3767200,3703300,3761200,11750977
20111129 00:00,3758400,3788300,3702000,3732000,13244638
20111130 00:00,3810200,3822000,3783000,3822000,13403929
20111201 00:00,3824500,3890000,3807500,3879300,13345111
20111202 00:00,3900000,3936100,3885800,3897000,12924721
20111205 00:00,3932800,3964100,3903900,3930100,12346770
20111206 00:00,3925400,3946300,3894000,3909500,9948992
20111207 00:00,3897000,3909400,3867700,3890900,10404114
20111208 00:00,3914800,3955000,3902500,3906600,12907172
20111209 00:00,3927000,3940400,3910500,3936200,10295777
20111212 00:00,3916600,3939000,3894500,3918400,10346413
20111213 00:00,3930000,3954000,3871000,3888100,11822809
20111214 00:00,3867000,3873800,3776800,3801900,14199799
20111215 00:00,3833300,3837400,3783200,3789400,8827712
20111216 00:00,3809800,3841400,3795700,3810200,13505326
20111219 00:00,3824700,3848400,3804800,3822100,7955619
20111220 00:00,3875000,3961000,3872600,3961000,11397692
20111221 00:00,3965200,3973000,3920100,3964500,8933964
20111222 00:00,3970000,3991200,3961000,3985500,6910317
20111223 00:00,3996900,4035900,3995000,4033800,9418982
20111227 00:00,4031600,4090900,4030200,4065300,9340738
20111228 00:00,4069000,4082500,4013400,4025800,7937376
20111229 00:00,4032500,4056500,4005100,4051200,7211300
20111230 00:00,4035100,4062800,4034900,4050000,6067027
20120103 00:00,4095000,4125000,4090000,4112300,10355371
20120104 00:00,4102000,4146800,4093100,4134400,8995709
20120105 00:00,4149500,4185500,4126700,4180300,9368902
20120106 00:00,4197700,4227500,4192200,4224500,10974416
20120109 00:00,4255200,4277500,4213500,4217500,13625461
20120110 00:00,4260000,4260000,4215000,4232400,8861764
20120111 00:00,4223900,4228500,4193100,4225500,7485410
20120112 00:00,4224100,4229000,4187500,4213900,7361184
20120113 00:00,4195300,4204500,4186600,4199700,7740621
20120117 00:00,4242000,4259900,4229600,4247000,8282230
20120118 00:00,4269900,4294700,4263000,4291100,9548237
20120119 00:00,4300300,4313300,4265100,4277500,8771133
20120120 00:00,4274900,4275000,4197500,4203000,14348428
20120123 00:00,4229700,4284500,4223000,4274200,10390483
20120124 00:00,4250000,4251100,4195600,4205000,13222112
20120125 00:00,4542600,4544500,4437700,4466600,31925920
20120126 00:00,4484500,4487900,4431400,4444700,11158367
20120127 00:00,4443400,4484800,4437700,4472800,10443460
20120130 00:00,4458300,4539000,4454000,4530100,13006687
20120131 00:00,4558400,4582400,4530700,4564800,13224876
20120201 00:00,4584900,4589900,4555500,4561900,9278413
20120202 00:00,4560100,4571700,4539800,4551200,6527185
20120203 00:00,4573000,4600000,4555600,4596800,9839016
20120206 00:00,4583800,4649800,4582200,4639700,8713906
20120207 00:00,4654600,4697500,4645900,4688300,11072336
20120208 00:00,4706600,4767900,4697000,4766800,14260524
20120209 00:00,4809500,4967400,4805500,4931700,30876210
20120210 00:00,4911700,4976200,4885500,4936900,21870615
20120213 00:00,4997400,5038300,4970900,5026000,17315742
20120214 00:00,5047000,5095600,5020000,5094600,15374423
20120215 00:00,5144700,5262900,4968900,4976700,52535256
20120216 00:00,4913100,5048900,4866300,5025500,32373924
20120217 00:00,5033000,5077700,5003000,5021200,17239614
20120221 00:00,5071600,5148500,5041200,5148500,20658079
20120222 00:00,5130600,5154900,5090900,5130400,16741726
20120223 00:00,5150800,5178100,5095100,5163900,19838769
20120224 00:00,5197600,5229000,5186400,5224100,14089349
20120227 00:00,5213100,5285000,5162800,5257600,19101765
20120228 00:00,5279800,5354100,5258500,5354100,20681233
20120229 00:00,5415500,5476100,5357000,5424400,32705505
20120301 00:00,5481700,5482100,5387700,5444700,23669814
20120302 00:00,5444600,5468000,5425200,5451800,14856679
20120305 00:00,5456900,5474300,5260000,5332800,28500880
20120306 00:00,5236500,5336900,5162300,5302700,28150675
20120307 00:00,5367600,5377800,5233000,5306900,27547187
20120308 00:00,5348600,5429900,5321200,5419900,17939269
20120309 00:00,5444000,5477400,5431100,5451700,14412283
20120312 00:00,5490000,5520000,5470000,5520000,13801501
20120313 00:00,5575400,5681800,5557500,5681000,23940890
20120314 00:00,5781100,5947200,5754000,5895800,49127144
20120315 00:00,6000000,6000100,5785800,5855600,40098073
20120316 00:00,5845500,5892000,5780000,5855700,27598233
20120319 00:00,5985600,6017700,5890600,6011000,29000504
20120320 00:00,5993200,6069000,5914800,6059600,28096021
20120321 00:00,6029400,6096500,6014100,6025000,21261051
20120322 00:00,5980600,6045000,5955300,5992100,21604598
20120323 00:00,6004900,6018000,5900000,5958100,14894388
20120326 00:00,5999900,6071500,5952600,6069800,20320164
20120327 00:00,6064300,6162800,6060600,6144800,21171483
20120328 00:00,6186500,6214500,6103400,6176200,22769418
20120329 00:00,6125000,6165600,6072300,6098600,20700664
20120330 00:00,6089000,6105600,5979400,5994700,25105975
20120402 00:00,6019300,6187700,6003800,6187000,20400009
20120403 00:00,6273000,6322100,6225100,6293200,28716702
20120404 00:00,6247100,6258600,6170000,6243100,19719634
20120405 00:00,6270900,6346500,6234000,6336800,22229967
20120409 00:00,6261900,6398400,6253000,6362300,20763598
20120410 00:00,6400000,6440000,6260000,6284400,31047285
20120411 00:00,6360000,6367800,6233500,6261100,24296083
20120412 00:00,6252300,6313300,6205000,6225600,21370484
20120413 00:00,6241000,6246900,6035300,6052300,30120982
20120416 00:00,6100000,6102800,5782500,5806800,36759532
20120417 00:00,5789600,6100000,5719100,6097000,35498058
20120418 00:00,6138800,6202500,6027200,6083400,33051624
20120419 00:00,6001600,6047300,5845700,5879500,28883186
20120420 00:00,5918200,5946200,5704200,5729800,35812780
20120423 00:00,5708000,5766500,5566500,5717000,33600193
20120424 00:00,5629100,5676800,5550000,5602800,30737141
20120425 00:00,6159900,6180000,6060000,6100000,29546637
20120426 00:00,6145000,6146900,6021300,6077000,18363306
20120427 00:00,6050000,6061800,6005000,6030000,14206223
20120430 00:00,5979400,5984000,5830000,5842400,17538646
20120501 00:00,5849000,5967600,5812300,5821300,21398059
20120502 00:00,5804800,5873500,5788600,5860000,15389455
20120503 00:00,5907300,5914000,5803000,5818200,13419154
20120504 00:00,5770400,5783500,5651700,5652500,18398916
20120507 00:00,5615000,5727700,5612300,5694800,16075557
20120508 00:00,5699400,5714900,5587300,5681800,17275510
20120509 00:00,5637100,5739700,5608500,5691800,16813170
20120510 00:00,5751900,5758700,5684500,5705200,11448923
20120511 00:00,5651800,5744700,5643500,5667100,13589694
20120514 00:00,5626900,5675100,5576000,5582200,12312502
20120515 00:00,5614300,5632200,5517500,5531700,16592895
20120516 00:00,5540500,5568900,5410400,5460800,19594205
20120517 00:00,5453100,5475000,5301200,5301200,25068401
20120518 00:00,5338900,5434100,5286800,5303800,25506966
20120521 00:00,5347600,5615400,5340500,5612800,21912594
20120522 00:00,5699000,5738800,5525800,5569700,24111373
20120523 00:00,5573300,5728000,5532300,5705600,20316323
20120524 00:00,5760000,5765000,5612900,5653200,17188820
20120525 00:00,5646100,5658500,5584800,5622900,11469366
20120529 00:00,5709000,5740000,5653100,5722700,13219037
20120530 00:00,5692000,5799900,5665600,5791700,18504462
20120531 00:00,5810000,5815000,5714600,5777300,16778221
20120601 00:00,5690000,5726500,5605200,5609900,17728939
20120604 00:00,5615000,5675000,5485000,5642900,19516231
20120605 00:00,5609800,5664700,5583300,5627000,13551771
20120606 00:00,5678900,5738500,5655400,5717900,13984144
20120607 00:00,5772900,5773200,5705100,5717200,13220825
20120608 00:00,5711200,5805500,5690000,5803200,11906883
20120611 00:00,5876400,5885000,5706300,5715400,20446471
20120612 00:00,5747100,5766200,5667000,5761600,15067518
20120613 00:00,5745000,5784500,5703800,5721600,9941396
20120614 00:00,5712400,5735000,5672600,5715300,12097754
20120615 00:00,5710000,5746200,5695500,5741300,11074060
20120618 00:00,5709600,5878900,5703700,5857800,15326182
20120619 00:00,5834200,5900000,5831000,5874100,12491078
20120620 00:00,5880100,5892200,5808000,5857500,12592364
20120621 00:00,5857400,5882200,5774400,5776400,11455181
20120622 00:00,5789400,5821900,5754400,5821000,9498743
20120625 00:00,5773000,5798000,5703800,5707200,10654042
20120626 00:00,5713300,5744900,5673300,5721700,9653714
20120627 00:00,5750000,5767400,5719200,5745000,7064479
20120628 00:00,5718500,5740000,5656500,5690500,9890478
20120629 00:00,5780000,5840000,5742500,5840000,14283552
20120702 00:00,5847300,5934700,5836000,5927100,14045633
20120703 00:00,5950000,6000000,5940000,5994100,8377002
20120705 00:00,6002400,6143400,5996500,6099400,16805052
20120706 00:00,6072500,6084400,6015800,6062300,14600915
20120709 00:00,6053600,6139000,6041200,6138900,13111489
20120710 00:00,6180000,6198700,6053200,6082100,17597329
20120711 00:00,6061300,6075900,5972200,6044300,16204883
20120712 00:00,6003300,6034700,5926900,5989000,15062839
20120713 00:00,6029900,6071900,6000000,6049700,10850667
20120716 00:00,6052000,6116100,6050200,6069500,10555546
20120717 00:00,6109000,6115000,6031700,6069400,10229627
20120718 00:00,6067600,6083300,6035600,6062600,8578890
20120719 00:00,6112800,6153500,6060000,6144900,15151582
20120720 00:00,6139600,6144400,6037000,6037000,13428545
20120723 00:00,5950000,6059000,5877100,6038300,17014855
20120724 00:00,6075000,6096800,5985300,6012900,15646588
20120725 00:00,5748900,5808000,5700000,5749700,30072375
20120726 00:00,5798200,5804000,5703600,5748800,14002905
20120727 00:00,5752200,5858300,5716100,5854500,14075533
20120730 00:00,5910000,5994400,5878200,5950300,13104122
20120731 00:00,6030400,6117000,6027300,6107600,15939567
20120801 00:00,6158300,6163900,6030000,6068100,13273690
20120802 00:00,6030000,6106700,6002500,6077900,10859961
20120803 00:00,6140000,6179800,6115600,6157000,11850359
20120806 00:00,6171100,6248600,6152600,6225500,10608552
20120807 00:00,6225000,6250000,6180400,6211100,10166999
20120808 00:00,6190500,6238800,6171500,6198600,8514316
20120809 00:00,6178500,6217300,6178100,6207300,7670673
20120810 00:00,6187100,6217600,6187100,6216400,6833092
20120813 00:00,6232800,6300000,6232500,6300000,9602650
20120814 00:00,6320000,6386100,6302100,6316900,11861459
20120815 00:00,6313000,6340000,6277500,6308300,8997692
20120816 00:00,6311300,6367500,6305000,6363400,8930924
20120817 00:00,6400000,6481900,6387800,6481100,15195845
20120820 00:00,6500100,6651500,6499000,6651500,21294888
20120821 00:00,6708400,6748800,6503300,6562300,28358870
20120822 00:00,6545200,6690000,6481100,6688700,19807396
20120823 00:00,6661300,6699000,6611500,6623600,14068136
20120824 00:00,6597700,6694800,6555500,6633500,14967165
20120827 00:00,6799900,6808700,6735400,6757000,14137325
20120828 00:00,6748000,6761000,6707000,6748000,9332639
20120829 00:00,6752500,6776700,6726100,6736300,6995835
20120830 00:00,6706400,6715500,6628600,6640600,10316886
20120831 00:00,6672700,6685900,6572500,6652400,11584140
20120904 00:00,6657900,6751400,6645500,6745700,12882979
20120905 00:00,6754000,6763500,6696000,6702300,11577787
20120906 00:00,6733300,6782800,6708000,6765600,13673109
20120907 00:00,6780500,6824800,6757800,6805000,11390113
20120910 00:00,6804500,6832900,6621000,6627400,16931103
20120911 00:00,6652700,6701000,6565000,6605900,17306070
20120912 00:00,6668500,6699000,6560000,6697200,24669333
20120913 00:00,6773600,6855000,6747700,6830900,20407922
20120914 00:00,6899700,6969800,6878900,6912800,20536354
20120917 00:00,6993300,6998000,6946100,6998000,13007527
20120918 00:00,6999000,7023300,6964200,7019500,12744766
20120919 00:00,7004500,7039900,6995700,7021000,11198269
20120920 00:00,6991700,7000600,6936200,6987900,11670337
20120921 00:00,7025600,7050700,6993700,7007100,18186568
20120924 00:00,6869100,6951200,6830000,6898800,21746945
20120925 00:00,6880000,6927800,6730000,6737000,17924953
20120926 00:00,6686300,6726800,6612000,6650000,19467086
20120927 00:00,6642900,6821600,6603500,6814100,20650880
20120928 00:00,6787500,6811100,6667700,6672600,18444141
20121001 00:00,6715000,6767500,6565000,6597300,18985664
20121002 00:00,6621600,6663500,6506500,6613100,22051196
20121003 00:00,6651400,6718600,6626300,6717400,14368331
20121004 00:00,6712500,6742300,6655500,6668000,12724261
20121005 00:00,6650000,6660000,6512800,6526500,20632462
20121008 00:00,6470000,6475600,6361100,6381700,22316409
20121009 00:00,6386400,6404900,6235600,6358500,29263275
20121010 00:00,6397600,6449800,6370000,6409100,17688869
20121011 00:00,6467500,6472000,6281000,6281000,19097475
20121012 00:00,6299200,6353800,6253000,6295600,16054488
20121015 00:00,6323000,6351300,6238600,6347600,15190898
20121016 00:00,6356300,6503000,6310000,6496100,19021255
20121017 00:00,6492900,6527900,6440000,6446800,13402452
20121018 00:00,6400000,6420600,6300000,6325100,16605231
20121019 00:00,6314500,6317700,6096200,6098000,25784603
20121022 00:00,6124200,6353800,6108500,6340300,18642527
20121023 00:00,6311500,6339000,6117000,6133900,24789449
20121024 00:00,6214400,6265500,6106400,6164800,19530413
20121025 00:00,6200000,6220000,6055600,6098000,19581822
20121026 00:00,6094300,6140000,5910000,6040000,34797165
20121031 00:00,5944900,6019600,5877000,5951000,17726394
20121101 00:00,5982500,6030000,5941800,5968000,12483719
20121102 00:00,5960900,5969500,5747500,5766700,20926677
20121105 00:00,5832900,5877700,5776000,5848000,17495751
20121106 00:00,5902500,5907200,5800900,5828600,13019316
20121107 00:00,5739500,5745400,5557500,5579900,27725729
20121108 00:00,5606500,5622300,5353000,5372600,36951238
20121109 00:00,5400100,5548800,5337300,5470600,32125076
20121112 00:00,5543800,5545000,5386500,5428900,17877737
20121113 00:00,5390900,5504800,5363700,5425900,18180830
20121114 00:00,5455000,5474400,5361800,5369300,16194558
20121115 00:00,5375300,5395000,5226200,5260500,27772842
20121116 00:00,5251200,5300000,5057600,5277200,44120265
20121119 00:00,5406200,5675000,5398800,5664400,28102967
20121120 00:00,5715600,5719500,5545800,5611500,22065070
20121121 00:00,5642500,5673700,5566000,5617000,12928182
20121123 00:00,5673900,5720000,5626000,5717500,9235447
20121126 00:00,5759000,5900000,5737100,5892700,21840748
20121127 00:00,5896000,5904000,5801000,5848900,17837350
20121128 00:00,5772400,5858000,5722600,5829400,17776953
20121129 00:00,5902700,5942500,5852500,5893600,17623122
20121130 00:00,5866000,5884000,5827200,5852800,13038466
20121203 00:00,5937000,5945800,5855000,5861400,12575950
20121204 00:00,5817900,5818400,5721300,5758500,21944437
20121205 00:00,5689000,5692600,5387700,5388100,36073366
20121206 00:00,5289000,5533100,5187200,5472800,40918651
20121207 00:00,5534700,5552000,5300000,5330800,27188442
20121210 00:00,5250000,5385100,5215800,5297700,21743087
20121211 00:00,5397000,5495500,5373700,5410000,20465346
20121212 00:00,5478600,5480000,5362800,5387700,16921575
20121213 00:00,5311500,5376100,5258100,5296900,21432294
20121214 00:00,5150000,5181300,5055800,5089700,34139379
20121217 00:00,5089200,5200000,5012300,5191700,25879436
20121218 00:00,5252700,5349000,5202500,5340000,21223024
20121219 00:00,5313700,5337000,5255000,5261000,15413507
20121220 00:00,5301500,5302000,5188800,5219800,17133161
20121221 00:00,5126900,5196700,5102400,5193300,19546914
20121224 00:00,5201500,5242500,5187100,5199600,6010014
20121226 00:00,5186600,5194500,5111200,5131000,10578011
20121227 00:00,5135400,5162100,5046600,5150600,15911136
20121228 00:00,5102300,5144800,5081200,5094100,12188158
20121231 00:00,5100900,5354000,5090000,5330300,22747864
20130102 00:00,5540000,5550000,5416500,5490300,18991235
20130103 00:00,5479500,5496600,5410000,5424400,12168029
20130104 00:00,5371500,5385900,5258300,5270200,20550185
20130107 00:00,5220500,5293000,5152000,5241600,16901452
20130108 00:00,5288700,5318900,5212500,5252100,15647990
20130109 00:00,5227100,5250100,5159900,5171000,14063812
20130110 00:00,5285000,5287200,5155200,5236800,20521047
20130111 00:00,5211400,5253200,5190200,5203000,12090440
20130114 00:00,5030000,5075000,4985100,5017500,24311151
20130115 00:00,4980400,4989900,4833800,4859200,30553382
20130116 00:00,4947100,5094300,4925000,5060900,23537030
20130117 00:00,5104300,5107500,5020300,5026800,15520871
20130118 00:00,4983500,5022200,4964000,5000000,16243482
20130122 00:00,5045500,5078800,4966300,5047700,15533026
20130123 00:00,5088100,5149900,5047700,5141700,21860651
20130124 00:00,4600000,4657300,4502500,4504700,49071326
20130125 00:00,4518100,4562300,4350000,4398800,41366875
20130128 00:00,4376000,4532100,4359000,4495500,27131161
20130129 00:00,4583700,4602000,4521200,4582700,19665519
20130130 00:00,4571400,4625900,4545000,4568300,14314262
20130131 00:00,4568000,4592800,4549800,4553100,10880568
20130201 00:00,4593300,4594800,4483600,4537300,18969321
20130204 00:00,4535600,4559300,4420000,4422100,16535820
20130205 00:00,4443000,4597400,4422200,4578700,20035126
20130206 00:00,4564500,4665000,4525900,4573500,20760382
20130207 00:00,4632500,4700000,4541200,4682500,23626763
20130208 00:00,4739500,4788100,4702500,4749800,21581855
20130211 00:00,4765000,4849200,4732500,4799300,17788322
20130212 00:00,4795100,4823800,4677500,4678400,21255081
20130213 00:00,4672400,4736400,4632200,4670100,16653578
20130214 00:00,4645200,4716300,4640200,4665900,11404756
20130215 00:00,4690700,4701600,4599200,4602500,13658262
20130219 00:00,4611000,4627300,4538500,4599900,15143804
20130220 00:00,4575000,4576900,4488000,4490700,16290123
20130221 00:00,4456000,4491700,4428200,4460700,15245390
20130222 00:00,4492500,4516000,4466300,4508100,11336122
20130225 00:00,4538000,4551200,4425700,4428000,12693350
20130226 00:00,4440000,4515400,4376600,4489000,17567685
20130227 00:00,4489700,4524400,4406600,4445700,20624698
20130228 00:00,4440000,4478700,4414000,4414000,10867099
20130301 00:00,4380000,4381400,4299800,4305100,19050526
20130304 00:00,4277000,4281900,4190000,4200500,20203392
20130305 00:00,4211700,4351900,4207500,4311700,22085443
20130306 00:00,4347700,4352500,4244300,4256500,15912520
20130307 00:00,4244600,4320100,4210600,4304000,16360004
20130308 00:00,4300000,4354300,4286100,4317200,13335096
20130311 00:00,4297000,4390100,4251400,4378700,16202327
20130312 00:00,4358100,4388800,4275700,4284300,16228727
20130313 00:00,4284300,4345000,4253600,4283500,14189143
20130314 00:00,4328800,4346300,4304500,4324300,10320830
20130315 00:00,4378800,4442300,4372500,4438500,21526106
20130318 00:00,4414500,4574600,4412000,4557200,20915314
20130319 00:00,4595000,4609700,4485100,4544900,18163618
20130320 00:00,4575000,4576300,4496000,4520800,10613519
20130321 00:00,4502200,4579700,4501500,4527300,13384420
20130322 00:00,4546000,4621000,4531100,4618300,13694507
20130325 00:00,4648000,4699500,4617800,4635800,17327661
20130326 00:00,4654300,4658000,4605300,4610800,10032435
20130327 00:00,4568000,4568000,4507500,4520800,11389781
20130328 00:00,4500000,4518100,4416200,4426300,14983197
20130401 00:00,4420000,4436900,4277400,4289100,13558596
20130402 00:00,4273000,4381400,4264000,4299000,18143258
20130403 00:00,4316600,4372800,4303100,4318500,12713724
20130404 00:00,4335500,4350000,4252500,4277200,12548487
20130405 00:00,4246300,4249400,4196800,4231700,13322259
20130408 00:00,4247900,4275000,4224900,4262100,10043543
20130409 00:00,4263800,4285000,4227600,4269800,10567174
20130410 00:00,4284700,4370500,4260100,4356900,13133731
20130411 00:00,4335000,4379900,4312000,4344000,11470851
20130412 00:00,4341500,4341500,4290900,4298000,8187983
20130415 00:00,4268500,4278900,4195500,4198500,10916909
20130416 00:00,4215100,4266100,4205700,4262400,10520619
20130417 00:00,4202600,4206000,3981100,4028000,32593294
20130418 00:00,4050000,4057800,3897500,3919600,22913819
20130419 00:00,3879900,3996000,3851000,3905000,21262851
20130422 00:00,3930000,4022000,3912800,3986700,15050851
20130423 00:00,4040000,4083800,3988100,4060000,17072924
20130424 00:00,3936000,4152200,3925000,4056600,32297924
20130425 00:00,4115500,4139400,4070000,4083800,13175576
20130426 00:00,4098100,4187500,4082500,4171100,27009517
20130429 00:00,4205500,4336200,4200000,4301200,22196150
20130430 00:00,4351100,4452500,4320700,4427500,24029795
20130501 00:00,4445000,4449300,4343900,4392900,17662043
20130502 00:00,4420000,4485900,4406300,4455200,14690283
20130503 00:00,4513100,4532300,4491500,4499800,12121132
20130506 00:00,4560000,4622000,4543100,4607100,17245440
20130507 00:00,4652400,4657000,4537000,4586900,16838625
20130508 00:00,4593200,4653700,4558100,4638400,16483083
20130509 00:00,4598900,4630000,4556000,4567700,13476072
20130510 00:00,4580000,4597100,4504800,4529700,11754378
20130513 00:00,4515300,4579000,4515000,4547400,10823925
20130514 00:00,4539000,4552000,4421900,4438600,15602519
20130515 00:00,4391500,4410000,4223600,4289800,25399943
20130516 00:00,4228300,4378500,4189000,4345300,21213655
20130517 00:00,4390000,4400900,4310100,4332600,14988427
20130520 00:00,4317600,4457900,4301000,4427400,15114118
20130521 00:00,4379000,4454800,4342000,4396600,15767868
20130522 00:00,4437900,4483400,4382600,4413800,14960056
20130523 00:00,4360100,4461600,4357900,4421400,12116959
20130524 00:00,4405500,4456600,4403600,4451500,9500218
20130528 00:00,4500000,4511000,4408500,4414400,13267220
20130529 00:00,4402000,4475000,4394000,4449500,11467563
20130530 00:00,4456500,4545000,4445100,4515900,12186764
20130531 00:00,4524500,4571000,4496400,4496800,12653311
20130603 00:00,4504600,4523600,4424800,4507200,12868929
20130604 00:00,4532000,4544300,4473900,4493100,10004318
20130605 00:00,4456500,4507100,4437200,4451100,10119941
20130606 00:00,4451100,4470000,4340500,4384600,14596961
20130607 00:00,4362800,4432400,4327700,4419600,14049697
20130610 00:00,4447900,4490600,4368000,4388900,15364918
20130611 00:00,4360000,4427400,4333200,4376000,9991109
20130612 00:00,4395000,4412500,4315000,4321900,9195268
20130613 00:00,4322900,4371400,4287500,4360000,9782947
20130614 00:00,4354000,4362900,4285000,4300500,9132983
20130617 00:00,4313500,4357000,4304000,4320000,9287798
20130618 00:00,4315600,4349000,4302200,4317700,6766313
20130619 00:00,4310800,4316600,4230000,4230000,9814616
20130620 00:00,4195600,4259700,4151700,4166400,12207762
20130621 00:00,4189000,4200000,4081000,4136800,16553893
20130624 00:00,4074000,4086600,3980500,4022900,16311351
20130625 00:00,4057200,4077900,3988300,4026300,10808423
20130626 00:00,4035900,4047800,3956600,3980700,12732915
20130627 00:00,3990100,4013900,3935400,3937800,11624505
20130628 00:00,3913100,4002700,3888700,3960800,16302273
20130701 00:00,4029000,4122500,4012200,4092200,13570862
20130702 00:00,4100000,4216100,4095000,4185100,16364715
20130703 00:00,4209500,4229500,4174600,4208000,8274905
20130705 00:00,4203300,4232900,4153500,4174200,9249360
20130708 00:00,4200400,4210000,4106500,4150500,10030575
20130709 00:00,4138600,4235000,4103800,4221200,12159532
20130710 00:00,4196000,4248000,4182500,4207300,9742157
20130711 00:00,4229900,4282500,4212000,4272400,11408870
20130712 00:00,4278200,4297900,4234200,4265100,9339811
20130715 00:00,4250100,4314600,4248000,4274400,8265718
20130716 00:00,4264300,4307100,4241700,4302900,7485743
20130717 00:00,4293700,4322200,4282200,4303100,6935109
20130718 00:00,4333100,4348700,4306100,4316900,7617959
20130719 00:00,4339000,4339800,4243500,4250000,9322687
20130722 00:00,4295500,4297500,4254700,4263100,7053972
20130723 00:00,4260000,4267400,4187100,4189900,9303980
20130724 00:00,4389300,4445900,4352600,4406100,20134520
20130725 00:00,4405100,4414000,4358100,4385000,8024371
20130726 00:00,4353000,4410400,4343400,4409900,7170818
20130729 00:00,4403800,4499900,4402000,4477900,8670500
20130730 00:00,4500000,4571400,4492300,4533200,10857573
20130731 00:00,4549900,4573000,4494400,4525000,11227589
20130801 00:00,4552900,4568000,4532600,4567600,7086504
20130802 00:00,4580100,4628500,4566600,4625400,9518980
20130805 00:00,4646000,4706700,4621500,4694500,11065526
20130806 00:00,4680400,4718900,4621700,4652500,11708544
20130807 00:00,4636500,4669800,4617700,4649800,10463905
20130808 00:00,4640200,4640900,4579500,4610100,8957698
20130809 00:00,4586400,4604600,4536500,4544500,9376318
20130812 00:00,4568600,4686500,4565300,4673600,12737192
20130813 00:00,4710300,4946600,4680500,4895700,30882705
20130814 00:00,4979100,5042400,4934000,4985000,26021452
20130815 00:00,4969500,5023800,4890800,4981000,16823810
20130816 00:00,5000000,5029400,4988600,5023300,11820157
20130819 00:00,5044000,5137400,5040000,5077400,17856568
20130820 00:00,5094300,5105700,5008300,5010700,12451415
20130821 00:00,5031800,5071500,5012000,5024300,11518727
20130822 00:00,5049900,5055900,4982000,5029600,8324416
20130823 00:00,5027600,5033000,4993500,5010200,7691314
20130826 00:00,5007500,5102000,5005000,5029700,11655707
20130827 00:00,4980000,5025100,4863000,4881200,14820572
20130828 00:00,4860000,4957500,4860000,4906700,10591733
20130829 00:00,4917600,4965000,4911300,4917300,8113098
20130830 00:00,4920000,4929000,4865000,4870500,9372697
20130903 00:00,4930000,5006000,4873600,4885800,11385049
20130904 00:00,5000000,5022400,4935000,4987600,11093939
20130905 00:00,5005500,5006800,4936400,4952700,7612028
20130906 00:00,4987000,4993800,4899500,4982200,11883330
20130909 00:00,5050000,5079200,5034800,5061800,11464428
20130910 00:00,5063800,5074500,4895000,4946500,25629530
20130911 00:00,4670700,4737000,4648100,4678300,29489066
20130912 00:00,4684000,4754000,4660100,4726900,14085256
20130913 00:00,4700000,4718300,4647000,4649000,10318198
20130916 00:00,4610000,4616100,4472200,4501200,18981587
20130917 00:00,4475000,4597100,4475000,4551800,13881918
20130918 00:00,4634700,4663500,4606600,4646500,15281520
20130919 00:00,4708400,4758300,4692500,4723000,13885812
20130920 00:00,4785000,4785500,4660000,4669800,20042241
20130923 00:00,4960000,4969100,4682600,4907300,23830821
20130924 00:00,4950000,4954700,4878200,4891000,12333667
20130925 00:00,4889600,4896400,4814300,4815300,10979614
20130926 00:00,4860000,4885600,4839000,4862200,7902223
20130927 00:00,4837800,4846700,4807200,4827500,7837431
20130930 00:00,4768400,4816600,4744100,4767500,8510584
20131001 00:00,4784500,4891400,4783600,4880300,11765925
20131002 00:00,4857200,4918000,4837500,4896000,9845586
20131003 00:00,4905100,4923500,4807400,4833900,10283559
20131004 00:00,4835000,4846000,4786000,4830300,9036729
20131007 00:00,4864500,4926300,4853500,4877500,10685718
20131008 00:00,4896100,4906400,4805400,4809400,10062442
20131009 00:00,4846400,4877900,4782800,4863000,10084479
20131010 00:00,4915600,4923800,4870400,4899000,9429020
20131011 00:00,4869900,4938400,4851600,4930000,9292377
20131014 00:00,4895400,4975800,4893500,4960400,9112189
20131015 00:00,4978900,5020000,4955200,4986800,11025937
20131016 00:00,5007000,5025300,4992400,5011200,8439434
20131017 00:00,5000000,5047800,4996800,5046600,8854753
20131018 00:00,5061000,5092600,5057100,5089500,9822030
20131021 00:00,5115200,5243000,5115200,5213000,13790242
20131022 00:00,5261100,5284300,5080300,5198300,18554795
20131023 00:00,5190000,5256700,5190000,5249600,10584974
20131024 00:00,5250000,5324700,5224500,5319400,11987508
20131025 00:00,5313000,5332300,5251100,5262000,11687454
20131028 00:00,5292700,5310000,5232400,5293800,13948149
20131029 00:00,5362800,5392500,5145400,5170200,21154617
20131030 00:00,5195900,5275200,5170600,5249400,11990058
20131031 00:00,5250000,5274900,5212700,5223500,9252920
20131101 00:00,5244000,5248000,5158400,5200400,9701808
20131104 00:00,5211700,5268200,5188100,5267500,8502865
20131105 00:00,5244400,5288900,5230000,5256200,9529653
20131106 00:00,5241500,5248600,5182000,5208600,7317747
20131107 00:00,5195800,5231900,5123800,5125100,9103759
20131108 00:00,5145900,5211300,5126000,5206000,9468592
20131111 00:00,5199900,5216700,5144100,5192900,7909914
20131112 00:00,5170000,5239200,5170000,5200100,6705283
20131113 00:00,5180000,5222500,5169600,5207500,6702613
20131114 00:00,5230600,5292700,5218700,5281600,9871545
20131115 00:00,5265500,5290500,5245000,5250800,11115247
20131118 00:00,5248400,5271900,5182000,5186500,8543029
20131119 00:00,5190300,5233800,5179700,5194700,7253929
20131120 00:00,5190500,5204200,5143300,5150000,6764412
20131121 00:00,5176000,5212100,5136700,5210100,9070757
20131122 00:00,5196000,5221600,5185300,5198000,7043008
20131125 00:00,5210200,5258700,5210000,5237400,7951205
20131126 00:00,5240700,5361400,5240000,5334000,13272949
20131127 00:00,5362500,5460000,5361700,5459600,12554511
20131129 00:00,5497000,5583300,5478100,5560700,9824672
20131202 00:00,5580000,5643300,5508200,5512300,16389276
20131203 00:00,5580000,5663800,5512300,5663600,15158588
20131204 00:00,5656000,5691900,5608200,5650000,13362810
20131205 00:00,5728700,5772500,5664100,5679700,14861978
20131206 00:00,5657900,5667500,5595200,5600200,11757937
20131209 00:00,5610000,5695800,5609100,5664300,11082743
20131210 00:00,5635600,5678800,5612000,5655500,9073451
20131211 00:00,5668900,5709800,5590000,5613600,12527141
20131212 00:00,5622200,5653400,5600200,5605400,9107594
20131213 00:00,5624200,5628800,5536600,5544300,11359046
20131216 00:00,5550200,5626400,5549600,5575000,9755613
20131217 00:00,5558100,5594400,5533800,5549900,7727382
20131218 00:00,5497000,5533000,5388000,5507700,19211943
20131219 00:00,5493700,5549900,5437300,5444600,11057441
20131220 00:00,5453900,5516300,5448100,5487000,13862042
20131223 00:00,5678800,5707200,5627600,5700900,16862588
20131224 00:00,5698900,5718800,5660300,5676700,5819031
20131226 00:00,5681000,5695000,5633800,5639000,7143023
20131227 00:00,5638200,5644100,5595000,5600900,7907277
20131230 00:00,5574600,5580900,5523300,5545200,8699433
20131231 00:00,5541700,5612800,5540000,5611100,7737963
20140102 00:00,5556800,5570700,5520300,5531300,7947737
20140103 00:00,5530000,5536800,5404300,5409800,13567943
20140106 00:00,5374900,5468000,5335900,5439300,14176163
20140107 00:00,5443200,5459600,5379500,5401300,11020143
20140108 00:00,5388100,5460700,5386900,5434600,8819395
20140109 00:00,5468000,5469800,5353600,5364700,9764580
20140110 00:00,5398300,5408000,5311200,5329400,10551229
20140113 00:00,5300000,5425000,5298800,5357300,13240846
20140114 00:00,5380500,5475100,5376600,5463900,12452805
20140115 00:00,5535200,5602000,5516600,5573700,13320329
20140116 00:00,5550000,5568400,5516600,5542500,7992055
20140117 00:00,5514800,5520800,5399000,5406000,14793616
20140121 00:00,5410000,5500600,5404200,5490700,11350081
20140122 00:00,5508800,5572900,5478100,5515100,13334883
20140123 00:00,5498500,5565000,5448100,5561800,14140803
20140124 00:00,5540000,5555800,5447500,5460700,15007786
20140127 00:00,5507600,5548000,5458000,5505000,14670294
20140128 00:00,5088900,5150000,5020700,5069500,35371978
20140129 00:00,5040000,5100000,4986200,5005700,17445195
20140130 00:00,5024800,5065000,4967000,4994400,26124158
20140131 00:00,4951000,5015300,4935600,5006000,17591938
20140203 00:00,5024100,5077300,4993000,5015300,13293407
20140204 00:00,5059100,5094600,5027600,5087900,13316963
20140205 00:00,5066900,5152700,5063200,5125900,11177212
20140206 00:00,5105700,5135000,5078100,5125100,8906928
20140207 00:00,5212500,5246200,5173800,5199500,12468510
20140210 00:00,5186600,5319900,5180000,5289900,11875614
20140211 00:00,5306100,5377500,5295000,5359600,9772092
20140212 00:00,5369200,5395600,5332400,5359200,10876046
20140213 00:00,5346600,5448500,5342000,5444300,10667043
20140214 00:00,5424700,5459800,5412000,5439900,9580305
20140218 00:00,5460000,5511800,5455700,5459900,8926172
20140219 00:00,5445000,5468800,5343600,5373700,10855231
20140220 00:00,5327600,5369900,5290000,5311500,10582841
20140221 00:00,5327200,5345600,5246000,5252500,9783649
20140224 00:00,5230400,5299100,5224200,5275500,9765997
20140225 00:00,5290800,5295600,5210000,5220600,8118914
20140226 00:00,5236100,5250000,5156100,5173500,9684680
20140227 00:00,5171400,5287800,5160500,5276700,10177957
20140228 00:00,5290800,5327500,5221300,5262400,12576984
20140303 00:00,5232000,5306500,5228100,5277600,8256993
20140304 00:00,5311700,5326400,5277700,5312400,8995123
20140305 00:00,5308500,5347500,5291300,5323600,7189931
20140306 00:00,5327800,5344300,5281000,5307500,6210965
20140307 00:00,5313900,5319100,5260500,5304400,7617556
20140310 00:00,5283600,5333300,5283600,5309200,6103050
20140311 00:00,5351000,5387400,5325500,5360900,9680769
20140312 00:00,5343500,5373500,5320000,5366100,6961901
20140313 00:00,5374400,5396600,5291600,5306500,9019961
20140314 00:00,5282600,5308900,5230000,5246700,8255742
20140317 00:00,5272500,5299700,5258500,5267400,6875252
20140318 00:00,5257600,5319700,5252000,5314000,7121883
20140319 00:00,5322600,5362200,5290000,5312600,7752258
20140320 00:00,5300000,5326700,5273500,5287000,6706576
20140321 00:00,5336800,5337500,5263300,5328700,12087211
20140324 00:00,5382500,5405000,5350600,5391000,11628740
20140325 00:00,5412400,5457500,5395900,5449900,9947341
20140326 00:00,5471100,5490100,5388600,5397800,10315890
20140327 00:00,5397600,5415000,5351200,5374600,7525058
20140328 00:00,5377100,5389200,5342500,5368600,6951213
20140331 00:00,5392300,5408300,5359300,5367400,5693824
20140401 00:00,5379000,5418700,5367700,5417400,7002591
20140402 00:00,5423800,5434800,5402500,5425500,5979109
20140403 00:00,5416700,5425000,5376400,5387900,5684220
20140404 00:00,5400000,5400000,5303100,5318200,9152044
20140407 00:00,5282400,5309000,5218900,5234700,8909613
20140408 00:00,5250700,5261200,5186900,5234400,8231064
20140409 00:00,5228000,5304900,5220200,5303000,7161962
20140410 00:00,5307000,5322400,5231700,5234800,8028551
20140411 00:00,5191800,5228300,5171400,5196100,9481701
20140414 00:00,5217900,5221700,5172100,5216800,7013924
20140415 00:00,5199600,5216400,5113300,5179500,9115796
20140416 00:00,5182500,5210900,5141400,5190100,7271911
20140417 00:00,5200000,5277600,5192000,5249400,9841130
20140421 00:00,5252800,5321400,5239600,5311700,6346726
20140422 00:00,5282900,5318300,5265000,5316900,7002681
20140423 00:00,5290400,5311300,5244500,5247500,8934671
20140424 00:00,5683600,5700000,5607300,5677700,25484506
20140425 00:00,5641000,5719900,5639600,5719400,13487447
20140428 00:00,5725700,5957500,5725700,5940900,22819610
20140429 00:00,5937700,5959800,5895100,5923300,11702037
20140430 00:00,5926400,5994300,5899000,5900900,12414705
20140501 00:00,5920000,5948000,5863600,5914800,8485996
20140502 00:00,5928900,5942000,5897100,5925800,6467235
20140505 00:00,5901300,6010000,5899500,6009600,9886270
20140506 00:00,6016200,6044000,5944100,5944100,12348031
20140507 00:00,5951000,5972900,5877500,5923300,9790289
20140508 00:00,5882500,5953200,5864000,5881200,7956963
20140509 00:00,5846100,5862500,5803300,5855500,10161906
20140512 00:00,5874500,5936600,5873700,5928300,6772318
20140513 00:00,5920000,5945500,5906800,5937600,5251387
20140514 00:00,5924300,5973700,5917400,5938700,5861860
20140515 00:00,5947000,5966000,5880400,5888200,7879691
20140516 00:00,5888100,5975300,5854000,5975100,9663223
20140519 00:00,5976300,6073300,5972800,6045900,11058117
20140520 00:00,6045100,6064400,6007300,6045500,7989435
20140521 00:00,6040000,6067100,6020600,6063100,6865057
20140522 00:00,6066000,6098500,6041000,6073000,6940437
20140523 00:00,6072500,6147500,6064900,6141300,8184957
20140527 00:00,6158900,6258600,6156100,6257100,11428480
20140528 00:00,6260900,6298300,6238200,6240100,10976548
20140529 00:00,6280000,6368700,6277500,6353800,13073141
20140530 00:00,6379800,6441700,6289000,6330000,19661438
20140602 00:00,6340000,6348300,6225000,6286500,12991558
20140603 00:00,6284700,6387100,6282500,6375400,10184007
20140604 00:00,6372800,6479000,6361000,6448200,11799618
20140605 00:00,6462500,6493500,6426100,6473500,10445282
20140606 00:00,6500000,6512500,6444800,6455700,12116671
20140609 00:00,926900,938800,917500,937000,72875948
20140610 00:00,946400,950500,935700,942500,60833696
20140611 00:00,941300,947600,928600,938600,43961198
20140612 00:00,940400,941200,919000,922600,53269396
20140613 00:00,921800,924400,908800,912800,52677810
20140616 00:00,915800,927500,914500,922000,34610650
20140617 00:00,924000,927000,918000,920800,28883049
20140618 00:00,922600,922900,913500,921800,32596437
20140619 00:00,922600,923000,913400,918600,34721227
20140620 00:00,919200,925500,909000,909100,78569071
20140623 00:00,913300,916200,906000,908300,42615345
20140624 00:00,907500,917400,901900,902800,38045810
20140625 00:00,902500,907000,896500,903600,35839195
20140626 00:00,904300,910500,898000,909000,31624602
20140627 00:00,908600,920000,907700,919800,40494262
20140630 00:00,921600,937200,920900,929300,47487348
20140701 00:00,935600,940700,931300,935200,37123859
20140702 00:00,938500,940600,930900,934800,27737757
20140703 00:00,936900,941000,932000,941000,22035671
20140707 00:00,941500,959900,941000,959700,54013617
20140708 00:00,962000,968000,939200,953200,63148759
20140709 00:00,954500,959500,947700,953900,35530162
20140710 00:00,937500,955500,935200,950400,38041019
20140711 00:00,953800,958900,948700,952300,33392700
20140714 00:00,958600,968900,956500,964500,41202273
20140715 00:00,968000,968500,950300,953200,42877882
20140716 00:00,970200,971000,947400,947800,50656145
20140717 00:00,950400,952800,925700,930800,56130224
20140718 00:00,936400,947400,930200,944300,48510804
20140721 00:00,950000,950000,937300,939500,37909339
20140722 00:00,947100,948900,941200,947200,47741734
20140723 00:00,954300,978800,951700,971900,87866712
20140724 00:00,970800,973200,964200,970300,43840339
20140725 00:00,969000,978400,966500,976900,42306431
20140728 00:00,978000,992400,975500,990200,52748822
20140729 00:00,992800,994400,982500,983800,42496523
20140730 00:00,983800,987000,975900,981300,32369882
20140731 00:00,971800,974500,953300,955700,55112283
20140801 00:00,950000,966200,948100,961300,45461799
20140804 00:00,963500,965800,951700,955900,38674177
20140805 00:00,953500,956800,943600,951200,55156025
20140806 00:00,948000,954800,947100,949700,35940623
20140807 00:00,949200,959500,941000,944800,45737704
20140808 00:00,942000,948200,932800,947400,41088716
20140811 00:00,952900,960800,948400,959900,36041206
20140812 00:00,962200,968800,956100,959700,32763944
20140813 00:00,961700,972400,960400,972400,31053455
20140814 00:00,973900,975700,968000,975000,27460474
20140815 00:00,979900,981900,968600,979800,47800225
20140818 00:00,984800,993700,979800,991600,45257170
20140819 00:00,994100,1006800,993200,1005600,67308924
20140820 00:00,1004800,1010900,999500,1005700,51129491
20140821 00:00,1005500,1009400,1001100,1005800,32597331
20140822 00:00,1003100,1014800,1001900,1013100,43114284
20140825 00:00,1018100,1021700,1012800,1015400,39094845
20140826 00:00,1014600,1015100,1008600,1008900,32314867
20140827 00:00,1010000,1025700,1007000,1021300,46316498
20140828 00:00,1015900,1027800,1015600,1022500,65877482
20140829 00:00,1028800,1029000,1022000,1025000,40117524
20140902 00:00,1030400,1037400,1027200,1033000,52140027
20140903 00:00,1032000,1032000,985800,989400,123374711
20140904 00:00,990000,1000900,977900,981200,82260202
20140905 00:00,988900,993900,983100,989700,57209980
20140908 00:00,993000,993100,980500,983600,45136396
20140909 00:00,991100,1030800,961400,979900,187242716
20140910 00:00,980100,1011100,977600,1010000,97449384
20140911 00:00,1004500,1014400,996200,1014300,60714077
20140912 00:00,1012200,1021900,1010300,1016600,60866788
20140915 00:00,1028100,1030500,1014400,1016300,58511837
20140916 00:00,998500,1012600,988900,1008600,63146478
20140917 00:00,1013200,1018000,1006000,1015800,59803465
20140918 00:00,1019000,1023500,1015600,1017900,35889816
20140919 00:00,1022900,1023500,1005000,1009600,62086165
20140922 00:00,1018000,1021400,1005800,1010600,47773021
20140923 00:00,1006500,1029400,1005400,1026400,61660067
20140924 00:00,1021000,1028500,1012000,1017500,55977075
20140925 00:00,1004800,1007100,977200,978700,97842006
20140926 00:00,985500,1007500,984000,1007500,60784488
20140929 00:00,987000,1004400,986300,1001100,46707464
20140930 00:00,1007700,1015400,1005200,1007500,52283709
20141001 00:00,1005800,1006900,987000,991800,49982342
20141002 00:00,993600,1002100,980400,999000,46419286
20141003 00:00,994200,1002100,990400,996200,42012699
20141006 00:00,999400,1006500,994200,996200,36283753
20141007 00:00,994100,1001200,987300,987500,41114215
20141008 00:00,987800,1011100,983100,1008000,56392245
20141009 00:00,1015000,1023800,1006100,1010200,71888950
20141010 00:00,1007300,1020300,1003000,1007300,64743054
20141013 00:00,1013100,1017800,998100,998100,52019790
20141014 00:00,1003400,1005200,985700,987500,61748112
20141015 00:00,980000,991500,951800,975400,96758668
20141016 00:00,955200,977200,954100,962600,55098547
20141017 00:00,975000,990000,968100,976700,66402540
20141020 00:00,983700,999600,983000,997600,64746474
20141021 00:00,1030000,1030200,1012700,1024700,88178571
20141022 00:00,1028900,1041000,1026000,1029900,65844236
20141023 00:00,1039500,1050500,1036300,1048300,64767408
20141024 00:00,1051200,1054900,1045300,1052200,43168139
20141027 00:00,1049000,1054800,1047000,1051100,32561930
20141028 00:00,1053900,1067400,1050300,1067400,43806521
20141029 00:00,1067300,1073700,1063600,1073400,49453987
20141030 00:00,1068900,1073400,1059000,1069800,39780372
20141031 00:00,1080400,1080400,1072200,1080000,42365405
20141103 00:00,1081600,1103000,1080100,1094000,49696995
20141104 00:00,1094500,1094900,1077200,1086000,40539033
20141105 00:00,1091900,1093000,1081200,1088600,34086810
20141106 00:00,1085900,1087500,1078000,1087000,33012857
20141107 00:00,1087200,1093200,1085500,1090100,30691002
20141110 00:00,1090000,1093300,1086700,1088300,26629543
20141111 00:00,1087500,1097500,1084000,1097000,26751536
20141112 00:00,1094200,1114300,1093700,1112500,46007748
20141113 00:00,1118100,1134500,1115900,1128200,58597487
20141114 00:00,1131600,1141900,1130500,1141800,41998287
20141117 00:00,1143100,1150800,1133000,1139900,45559173
20141118 00:00,1139900,1156900,1138900,1154700,42041679
20141119 00:00,1155000,1157400,1138000,1146700,41427159
20141120 00:00,1149500,1168600,1148500,1163100,40539887
20141121 00:00,1175700,1175700,1160300,1164700,55225591
20141124 00:00,1168500,1187700,1166200,1186300,45675906
20141125 00:00,1191000,1197500,1174500,1176000,64637526
20141126 00:00,1179500,1191000,1178400,1190000,39611380
20141128 00:00,1193600,1194000,1180500,1189300,23702453
20141201 00:00,1187600,1192500,1112700,1150700,82254880
20141202 00:00,1135000,1157500,1127500,1146300,55984706
20141203 00:00,1157500,1163500,1151100,1159300,40686383
20141204 00:00,1158000,1172000,1152900,1154900,40851707
20141205 00:00,1158500,1160800,1146400,1150000,37134951
20141208 00:00,1142300,1146400,1116300,1124000,56104385
20141209 00:00,1101800,1143000,1093500,1141200,56585421
20141210 00:00,1144500,1148500,1115400,1119500,43489939
20141211 00:00,1123000,1138000,1113400,1116200,40327056
20141212 00:00,1104500,1118700,1095800,1097300,54379478
20141215 00:00,1107200,1116000,1063500,1082300,66181040
20141216 00:00,1063900,1101600,1062600,1067500,58418976
20141217 00:00,1071200,1098400,1068200,1094100,51258958
20141218 00:00,1117700,1126500,1106700,1126500,56157035
20141219 00:00,1120300,1132400,1116600,1117800,75266022
20141222 00:00,1122500,1134900,1119700,1129400,40548325
20141223 00:00,1132800,1133300,1124600,1125400,24713148
20141224 00:00,1125500,1127100,1120000,1120100,14133724
20141226 00:00,1120500,1145200,1120200,1139900,33108300
20141229 00:00,1137000,1147700,1136000,1139100,27102505
20141230 00:00,1135400,1139100,1121100,1125200,28623808
20141231 00:00,1128000,1131300,1102100,1103800,39225568
20150102 00:00,1114100,1114400,1073500,1093300,52381530
20150105 00:00,1081700,1086500,1054100,1062500,60549442
20150106 00:00,1065000,1074300,1046400,1062600,64594899
20150107 00:00,1072900,1082000,1067000,1077500,38901910
20150108 00:00,1094400,1121500,1087000,1118900,56120227
20150109 00:00,1127600,1132500,1102100,1120100,52563657
20150112 00:00,1124600,1126400,1088000,1092500,49065302
20150113 00:00,1115000,1128000,1089100,1102200,65057451
20150114 00:00,1090000,1104900,1085000,1098000,47170193
20150115 00:00,1099600,1100600,1066600,1068200,57306482
20150116 00:00,1070300,1075800,1052000,1059900,75983276
20150120 00:00,1079800,1089700,1065000,1087200,45777693
20150121 00:00,1088700,1110500,1082800,1095500,47025028
20150122 00:00,1102800,1124700,1097200,1124000,47646702
20150123 00:00,1123200,1137500,1115300,1129800,43139143
20150126 00:00,1136500,1143600,1128000,1131000,50936140
20150127 00:00,1124300,1124800,1090300,1091400,75190353
20150128 00:00,1175600,1181200,1153100,1153100,136712874
20150129 00:00,1163600,1191900,1155600,1189000,82382016
20150130 00:00,1182800,1200000,1168500,1171600,79575789
20150202 00:00,1180300,1191700,1160800,1186300,60131845
20150203 00:00,1182700,1190900,1176100,1186500,49916630
20150204 00:00,1185200,1205100,1183000,1195600,68703880
20150205 00:00,1200500,1202300,1192500,1199400,40669841
20150206 00:00,1201000,1202500,1184600,1189300,42612197
20150209 00:00,1185200,1198400,1184300,1197200,37214075
20150210 00:00,1202600,1221500,1201600,1220200,58869874
20150211 00:00,1228200,1249200,1225000,1248800,71229031
20150212 00:00,1259800,1274800,1255700,1264600,71634335
20150213 00:00,1272700,1272800,1256500,1270800,50521507
20150217 00:00,1274700,1294500,1269200,1278300,60116379
20150218 00:00,1276300,1287800,1274500,1287200,43304111
20150219 00:00,1284500,1290300,1283300,1284500,36424190
20150220 00:00,1286500,1295000,1280500,1295000,47113208
20150223 00:00,1300000,1330000,1296600,1330000,67039713
20150224 00:00,1327500,1336000,1311700,1321700,66965072
20150225 00:00,1316000,1316000,1281500,1287900,72964684
20150226 00:00,1287600,1308700,1266100,1304200,85570967
20150227 00:00,1300500,1305700,1282400,1284600,58596297
20150302 00:00,1291100,1302800,1283000,1290900,46011961
20150303 00:00,1290900,1295200,1280900,1293600,36769226
20150304 00:00,1290800,1295600,1283300,1285400,29476455
20150305 00:00,1286600,1287500,1257600,1264100,55320717
20150306 00:00,1283700,1293700,1262600,1266000,68111601
20150309 00:00,1280700,1295700,1250600,1271400,86686564
20150310 00:00,1266900,1272200,1238000,1245100,64283335
20150311 00:00,1247300,1247700,1221100,1222400,67279240
20150312 00:00,1223700,1249000,1216300,1244500,46704070
20150313 00:00,1243900,1253900,1225800,1235900,50464979
20150316 00:00,1239900,1249500,1228700,1249500,34603503
20150317 00:00,1258600,1273200,1256500,1270400,49464334
20150318 00:00,1272500,1291600,1263700,1284700,62794886
20150319 00:00,1287900,1292500,1274000,1275000,44833198
20150320 00:00,1282600,1283500,1251600,1259000,61492812
20150323 00:00,1270800,1278500,1265200,1272100,35083458
20150324 00:00,1271900,1280400,1265600,1266900,32252388
20150325 00:00,1267100,1268100,1233800,1233800,49728951
20150326 00:00,1229000,1248800,1226000,1242400,45474803
20150327 00:00,1246100,1247000,1229100,1232500,37952047
20150330 00:00,1241200,1264000,1240000,1263700,46028175
20150331 00:00,1261200,1264900,1243600,1244300,39902253
20150401 00:00,1248300,1251200,1231000,1242500,39412425
20150402 00:00,1250100,1255600,1241900,1253200,29718669
20150406 00:00,1245000,1275100,1243300,1273500,36226296
20150407 00:00,1277000,1281200,1259800,1260100,33809482
20150408 00:00,1257800,1263900,1249700,1256000,36048498
20150409 00:00,1258500,1265800,1246600,1265600,31410050
20150410 00:00,1259400,1272100,1252600,1271000,38834436
20150413 00:00,1280900,1285700,1266100,1268500,35004940
20150414 00:00,1270900,1272900,1259100,1263000,24812578
20150415 00:00,1265500,1271200,1259487,1267800,28307913
20150416 00:00,1263900,1271000,1261100,1261700,27243141
20150417 00:00,1255400,1261400,1244600,1247500,49015933
20150420 00:00,1255700,1281200,1251700,1276000,45768408
20150421 00:00,1280200,1281900,1266700,1269100,31457777
20150422 00:00,1270000,1288700,1263200,1286200,36338467
20150423 00:00,1284500,1304200,1281400,1296700,44425685
20150424 00:00,1305000,1306300,1292300,1302800,42043896
20150427 00:00,1323900,1331300,1311500,1326500,77109849
20150428 00:00,1344800,1345400,1295700,1305600,114120278
20150429 00:00,1302700,1315900,1283000,1286400,57329252
20150430 00:00,1274800,1278800,1245800,1251500,77949216
20150501 00:00,1261000,1301300,1253000,1289500,54695914
20150504 00:00,1295600,1305700,1282600,1287000,49365875
20150505 00:00,1281400,1284500,1257800,1258000,48009631
20150506 00:00,1267200,1267500,1233700,1250100,70664916
20150507 00:00,1247800,1260800,1240200,1252600,41106784
20150508 00:00,1265200,1276200,1261100,1276200,54289341
20150511 00:00,1272800,1275600,1256300,1263200,40025464
20150512 00:00,1256000,1268800,1248200,1258700,45416628
20150513 00:00,1263300,1271900,1258700,1260100,33158568
20150514 00:00,1274500,1289500,1271600,1289500,43051195
20150515 00:00,1291300,1294900,1282100,1287700,36751793
20150518 00:00,1283600,1307200,1283600,1301900,48511186
20150519 00:00,1306900,1308800,1296400,1300700,41848959
20150520 00:00,1300700,1309800,1293400,1300600,35556662
20150521 00:00,1300000,1316300,1298500,1313900,38372763
20150522 00:00,1316500,1329700,1314000,1325400,44236807
20150526 00:00,1326200,1329100,1291200,1296200,63880386
20150527 00:00,1303600,1322600,1300500,1320500,44479311
20150528 00:00,1318700,1319500,1311000,1317800,28905646
20150529 00:00,1312500,1314500,1299000,1302800,45363440
20150601 00:00,1313500,1314600,1300500,1305400,30862313
20150602 00:00,1300000,1306600,1293200,1299600,32783490
20150603 00:00,1307400,1309400,1298300,1301200,29771833
20150604 00:00,1295000,1305800,1289100,1293600,36991398
20150605 00:00,1295400,1296900,1283600,1286500,34408910
20150608 00:00,1289400,1292100,1268300,1278000,51884105
20150609 00:00,1266900,1280800,1256200,1274200,54359060
20150610 00:00,1279900,1293400,1278500,1288800,37718572
20150611 00:00,1291900,1301800,1284800,1285900,34582287
20150612 00:00,1281500,1283300,1271100,1271700,35461904
20150615 00:00,1261500,1272400,1257100,1269200,38175579
20150616 00:00,1269900,1278500,1263700,1276000,30287785
20150617 00:00,1277400,1278800,1267400,1273000,31831018
20150618 00:00,1272700,1283100,1272200,1278800,34367764
20150619 00:00,1276400,1278200,1264000,1266000,47645772
20150622 00:00,1274700,1280600,1270800,1276100,32188149
20150623 00:00,1274400,1276100,1268800,1270300,29418654
20150624 00:00,1271800,1298000,1271200,1281100,54138107
20150625 00:00,1289400,1291900,1275000,1275000,30629446
20150626 00:00,1276600,1279900,1265100,1267500,37130391
20150629 00:00,1255000,1264700,1244800,1245300,47221837
20150630 00:00,1256400,1261200,1248600,1254300,42588470
20150701 00:00,1269200,1269400,1259900,1266000,28942279
20150702 00:00,1264300,1266900,1257700,1264400,26481354
20150706 00:00,1250000,1262200,1248200,1260000,26843491
20150707 00:00,1259600,1261500,1237700,1256900,45270790
20150708 00:00,1244800,1246400,1225400,1225700,58906199
20150709 00:00,1238500,1240600,1192200,1200700,76433454
20150710 00:00,1221600,1238500,1212100,1232800,59441406
20150713 00:00,1249500,1257500,1243200,1256600,35933229
20150714 00:00,1259900,1263700,1250400,1256100,30313083
20150715 00:00,1256800,1271500,1255800,1268200,32770018
20150716 00:00,1277800,1285700,1273500,1285100,34394530
20150717 00:00,1290000,1296200,1283100,1296200,44376506
20150720 00:00,1310000,1329700,1307000,1320700,52616030
20150721 00:00,1329200,1329200,1300600,1307500,57081607
20150722 00:00,1220500,1255000,1219900,1252200,106491431
20150723 00:00,1262700,1270900,1250600,1251600,49032005
20150724 00:00,1254300,1257400,1239000,1245000,40068855
20150727 00:00,1230000,1236500,1221200,1227700,42440558
20150728 00:00,1232800,1257800,1225500,1233800,32710304
20150729 00:00,1230800,1235000,1222700,1229900,34802025
20150730 00:00,1223300,1225600,1217100,1223700,31198778
20150731 00:00,1225000,1226000,1209100,1213000,40712570
20150803 00:00,1215000,1225700,1175200,1184400,68567177
20150804 00:00,1172900,1177000,1132500,1146400,120984910
20150805 00:00,1130000,1174400,1121000,1154000,95606411
20150806 00:00,1160000,1165000,1141200,1151300,51203733
20150807 00:00,1146400,1162500,1145000,1155200,37418332
20150810 00:00,1166200,1199900,1165300,1197200,53124478
20150811 00:00,1179800,1181800,1133300,1134900,93411434
20150812 00:00,1126100,1154200,1096300,1152400,97639734
20150813 00:00,1161500,1164000,1145400,1151500,46775881
20150814 00:00,1141900,1163100,1140100,1159600,41570969
20150817 00:00,1159900,1176900,1155000,1171600,40107461
20150818 00:00,1162500,1174400,1151500,1165000,33747792
20150819 00:00,1160000,1165200,1146800,1150100,44224612
20150820 00:00,1141100,1143500,1116300,1126500,66244812
20150821 00:00,1104100,1119000,1056500,1057600,122102610
20150824 00:00,951700,1088000,920000,1031200,148011210
20150825 00:00,1110700,1111600,1000000,1037400,96182393
20150826 00:00,1071800,1098900,1050500,1096900,89812240
20150827 00:00,1122500,1132400,1100200,1129200,76221504
20150828 00:00,1121700,1133100,1115400,1132900,50095268
20150831 00:00,1121300,1145300,1120000,1127600,53501827
20150901 00:00,1101800,1118700,1073600,1077200,70563946
20150902 00:00,1100000,1123400,1091300,1123400,55873613
20150903 00:00,1124500,1132900,1100400,1103700,50334322
20150904 00:00,1090600,1105000,1085100,1092700,46251489
20150908 00:00,1117500,1125600,1103200,1123100,48048995
20150909 00:00,1137600,1140200,1097700,1101500,79565793
20150910 00:00,1103400,1132800,1099000,1125700,58460286
20150911 00:00,1118900,1142100,1117600,1142100,47737926
20150914 00:00,1165100,1168900,1060900,1153100,54169550
20150915 00:00,1159500,1165300,1144200,1162800,41713354
20150916 00:00,1162500,1165400,1154400,1164100,35784091
20150917 00:00,1157900,1164900,1125300,1139200,57718504
20150918 00:00,1121300,1143000,1118400,1134500,66331261
20150921 00:00,1137500,1153700,1136400,1152100,44270981
20150922 00:00,1133700,1141800,1125300,1134000,47616935
20150923 00:00,1136700,1147200,1133000,1143200,34479433
20150924 00:00,1132700,1155000,1123800,1150000,47300905
20150925 00:00,1163600,1166900,1140200,1147100,52203931
20150928 00:00,1139000,1145700,1124400,1124400,47290100
20150929 00:00,1127900,1135100,1078600,1090600,69395568
20150930 00:00,1103100,1115400,1087300,1103000,63725854
20151001 00:00,1091300,1096200,1073100,1095800,62051252
20151002 00:00,1081500,1110100,1075500,1103800,53377309
20151005 00:00,1098500,1113700,1090700,1107800,49771105
20151006 00:00,1106000,1117400,1097600,1113100,46546703
20151007 00:00,1117500,1117700,1094100,1107800,44558837
20151008 00:00,1101400,1101900,1082100,1095000,59674015
20151009 00:00,1101100,1122800,1095000,1121200,50570265
20151012 00:00,1127300,1127500,1114400,1116000,28970135
20151013 00:00,1108400,1124500,1106800,1117900,31213216
20151014 00:00,1111900,1115200,1095600,1102100,42928758
20151015 00:00,1109600,1121000,1105000,1118600,34753173
20151016 00:00,1118700,1120000,1105300,1110400,35244451
20151019 00:00,1108600,1117500,1101100,1117300,29148511
20151020 00:00,1113000,1141700,1108200,1137700,45802744
20151021 00:00,1140000,1155800,1137000,1137600,40872421
20151022 00:00,1143900,1155000,1141000,1155000,39478806
20151023 00:00,1167000,1192200,1163300,1190800,56141448
20151026 00:00,1181000,1181300,1149300,1152800,63661863
20151027 00:00,1154600,1165400,1139900,1145500,53494503
20151028 00:00,1169900,1193000,1160600,1192700,80274697
20151029 00:00,1186900,1206900,1182700,1205300,48804435
20151030 00:00,1210000,1212200,1194500,1195000,46615923
20151102 00:00,1198600,1213600,1196100,1211800,30151300
20151103 00:00,1207800,1234900,1207000,1225700,43917758
20151104 00:00,1230700,1238200,1216200,1220000,41216071
20151105 00:00,1219400,1226900,1201800,1209200,37390909
20151106 00:00,1212300,1218100,1206200,1210600,31344554
20151109 00:00,1208100,1218100,1200500,1205700,31884055
20151110 00:00,1169000,1180700,1160700,1167700,55062722
20151111 00:00,1163400,1174200,1152100,1161100,43926468
20151112 00:00,1162700,1168200,1156500,1157200,30860499
20151113 00:00,1152000,1155600,1122700,1123400,43523662
20151116 00:00,1113900,1142400,1110000,1141800,33271774
20151117 00:00,1149100,1150500,1133200,1136900,26091772
20151118 00:00,1157500,1174900,1156800,1172900,44100076
20151119 00:00,1176900,1197500,1167600,1187800,41271032
20151120 00:00,1193200,1199200,1188500,1193000,32664936
20151123 00:00,1194000,1197300,1173400,1177500,31087892
20151124 00:00,1171600,1193500,1171200,1188800,40504830
20151125 00:00,1191400,1192300,1179200,1180300,20805226
20151127 00:00,1182900,1184000,1176000,1178300,11277631
20151130 00:00,1178600,1194200,1177500,1183000,34348485
20151201 00:00,1187300,1188100,1168600,1173400,32398602
20151202 00:00,1170000,1181100,1160800,1162800,28707221
20151203 00:00,1165500,1167900,1142200,1152000,37698054
20151204 00:00,1152000,1192500,1151100,1190300,53546266
20151207 00:00,1189800,1198600,1178100,1182800,28996202
20151208 00:00,1175000,1186000,1168600,1182300,29539915
20151209 00:00,1175500,1212300,1150700,1156200,42880865
20151210 00:00,1162300,1169400,1155200,1161700,27116869
20151211 00:00,1149400,1153900,1128600,1131800,43754105
20151214 00:00,1120000,1126800,1097900,1124800,58209901
20151215 00:00,1120000,1128000,1103500,1104900,49746473
20151216 00:00,1110900,1119900,1088000,1113400,52617436
20151217 00:00,1120500,1121700,1089800,1089800,42746353
20151218 00:00,1086900,1095200,1058100,1060300,84234984
20151221 00:00,1073000,1077500,1055700,1073300,42044168
20151222 00:00,1074500,1113400,1064500,1072300,30479794
20151223 00:00,1072600,1088500,1072000,1086100,31837067
20151224 00:00,1089500,1090000,1079600,1080300,13255026
20151228 00:00,1076000,1076900,1061900,1068200,26329818
20151229 00:00,1068800,1094300,1068600,1087400,30142003
20151230 00:00,1085800,1106400,1071800,1073200,23789060
20151231 00:00,1070000,1070300,1048200,1052600,39488848
20160104 00:00,1025000,1053600,1020000,1053500,64325249
20160105 00:00,1057000,1058500,1024100,1027100,53186132
20160106 00:00,1005000,1023700,998700,1007000,65026240
20160107 00:00,987100,1001300,964300,964500,75233164
20160108 00:00,985300,991100,964500,969600,64889958
20160111 00:00,989400,990600,973400,985300,46086027
20160112 00:00,1004900,1006900,988400,999600,45215333
20160113 00:00,1005700,1011900,973000,973900,58149425
20160114 00:00,979000,1004800,957400,995200,56250797
20160115 00:00,959100,990900,953600,971300,73223469
20160119 00:00,983800,986500,955000,966600,45856986
20160120 00:00,951000,981900,934200,967900,56826893
20160121 00:00,971200,978800,949400,963000,43657991
20160122 00:00,986400,1014600,983900,1014200,60713598
20160125 00:00,1014400,1015300,992100,994400,46713238
20160126 00:00,995000,1008800,980800,999900,59451886
20160127 00:00,960300,966400,933400,934200,117335544
20160128 00:00,938800,945100,923900,940900,48265714
20160129 00:00,945200,973400,943500,973400,59725465
20160201 00:00,964600,967100,954000,964300,35220933
20160202 00:00,954700,960400,942800,944800,32676278
20160203 00:00,949900,968400,940900,963500,37399924
20160204 00:00,958500,973300,951900,966000,41402077
20160205 00:00,965100,969200,936900,940200,41188645
20160208 00:00,930700,956900,930400,950100,48015011
20160209 00:00,942900,959400,939400,949900,36667202
20160210 00:00,959100,963500,941000,942700,36358639
20160211 00:00,937900,946900,925900,937000,39858015
20160212 00:00,942600,945000,930100,939900,35804761
20160216 00:00,950000,968500,946100,966400,44555281
20160217 00:00,967500,996600,961500,981200,41915245
20160218 00:00,987500,988900,960900,962600,36653466
20160219 00:00,960000,967600,958100,960400,32036210
20160222 00:00,962500,969000,959200,968800,32744639
20160223 00:00,964000,965000,945500,946900,29287806
20160224 00:00,939800,963800,933200,961000,32733453
20160225 00:00,961600,967600,952500,967600,26266393
20160226 00:00,972000,980200,965800,969100,27352037
20160229 00:00,968500,982300,966500,966900,31032502
20160301 00:00,976500,1007700,974200,1005300,48534551
20160302 00:00,1005100,1008900,996400,1007500,31787208
20160303 00:00,1005900,1017000,1004500,1015000,34077414
20160304 00:00,1022700,1037500,1013700,1030100,43614910
20160307 00:00,1025200,1028300,1009600,1018700,34404341
20160308 00:00,1007800,1017600,1004000,1010300,29762509
20160309 00:00,1013400,1015800,1002700,1011200,25667347
20160310 00:00,1014700,1022400,1001500,1011700,30354062
20160311 00:00,1022400,1022700,1015000,1022600,26097267
20160314 00:00,1020000,1029100,1017900,1025200,24036425
20160315 00:00,1039100,1051800,1038600,1045800,37426905
20160316 00:00,1046100,1063100,1044900,1059700,36073482
20160317 00:00,1054200,1064700,1049600,1058000,32103964
20160318 00:00,1064800,1065000,1052000,1059200,40334458
20160321 00:00,1060000,1076500,1051400,1059100,33966615
20160322 00:00,1052500,1072900,1052000,1067200,30191506
20160323 00:00,1064600,1070700,1059000,1061300,24413883
20160324 00:00,1055900,1062400,1048900,1056700,24620470
20160328 00:00,1060000,1061900,1050600,1051900,18618333
20160329 00:00,1050000,1077900,1048800,1076800,27384932
20160330 00:00,1086400,1104200,1086000,1095600,43558283
20160331 00:00,1096900,1099000,1088800,1089900,23383629
20160401 00:00,1087800,1100000,1009300,1099900,24136296
20160404 00:00,1104100,1121900,1060000,1111200,36038819
20160405 00:00,1096500,1107300,1094200,1098100,24550721
20160406 00:00,1102200,1109800,1092000,1109600,24758528
20160407 00:00,1100000,1104200,1081200,1085400,28650223
20160408 00:00,1089400,1097700,1081700,1086600,22520493
20160411 00:00,1089700,1106200,1088300,1090200,26747015
20160412 00:00,1094500,1105000,1086600,1104400,25431141
20160413 00:00,1110000,1123400,1107600,1120400,30070078
20160414 00:00,1116400,1123900,1100000,1121000,24250233
20160415 00:00,1120600,1122900,1097300,1098500,44654013
20160418 00:00,1089000,1089500,1069400,1074800,55829179
20160419 00:00,1078100,1080000,1062300,1069100,30575827
20160420 00:00,1066600,1080900,1060600,1071300,27172931
20160421 00:00,1069000,1069800,1055200,1059700,29440769
20160422 00:00,1050100,1064800,1046200,1056800,32267863
20160425 00:00,1050000,1056500,1045100,1050800,26401664
20160426 00:00,1040100,1053000,1038700,1043500,38680717
20160427 00:00,960000,987000,956900,978200,104206496
20160428 00:00,975500,978800,942500,948300,76881981
20160429 00:00,940000,1069300,925100,937400,63561750
20160502 00:00,939600,940800,924000,936400,45232855
20160503 00:00,942300,957400,936800,951800,51186961
20160504 00:00,952000,959000,938200,941900,37580754
20160505 00:00,940100,941200,926800,932400,33012074
20160506 00:00,933700,934500,918500,927200,41627180
20160509 00:00,930000,937700,925900,927900,30968163
20160510 00:00,933500,935700,921100,934200,31222728
20160511 00:00,934700,935700,924600,925100,26888445
20160512 00:00,927700,946900,894700,903400,71121271
20160513 00:00,900100,916700,900000,905200,41649299
20160516 00:00,924500,943900,916500,938800,56807028
20160517 00:00,946700,947000,903700,934900,42317394
20160518 00:00,941800,952100,938900,945600,38544096
20160519 00:00,945600,946400,935700,942000,28614843
20160520 00:00,947000,954300,945000,952200,29324990
20160523 00:00,958700,971900,956700,964300,35964734
20160524 00:00,972200,980900,968400,979000,33318600
20160525 00:00,986700,997400,981100,996200,37351316
20160526 00:00,996700,1007300,986400,1004100,54820476
20160527 00:00,994400,1004700,992500,1003500,35202844
20160531 00:00,996700,1004000,988200,998600,39056261
20160601 00:00,989800,995400,983300,984600,28548655
20160602 00:00,976800,978400,966300,977200,38758853
20160603 00:00,978300,982700,974500,979200,27434297
20160606 00:00,979000,996500,975500,986300,22891049
20160607 00:00,993000,998700,989600,990300,21636446
20160608 00:00,990600,995600,986700,989400,20364034
20160609 00:00,985000,999900,984600,996500,25936969
20160610 00:00,985100,993500,984800,988300,30821007
20160613 00:00,986000,991200,970900,973400,36653624
20160614 00:00,973200,984800,967500,974600,30869793
20160615 00:00,978500,989400,970300,971400,27761532
20160616 00:00,964500,977500,960000,975500,30806287
20160617 00:00,966500,966500,953000,953300,53087273
20160620 00:00,960100,965800,950300,951000,33146541
20160621 00:00,950000,995400,946700,959100,33929570
20160622 00:00,962700,968900,953600,955500,28303971
20160623 00:00,960000,962900,952500,961000,30886732
20160624 00:00,928800,946500,926500,934000,63948180
20160627 00:00,930100,930800,915000,920400,44066853
20160628 00:00,929100,936600,921400,935900,38383117
20160629 00:00,939700,945500,936300,944000,34886961
20160630 00:00,944600,957700,943000,956000,34038373
20160701 00:00,955000,967000,953300,958900,25316094
20160705 00:00,953800,954000,932900,949900,25866347
20160706 00:00,946000,956600,943700,955300,30244764
20160707 00:00,957000,965000,956200,959400,24041197
20160708 00:00,964900,968900,960500,966800,27600367
20160711 00:00,967600,976500,967300,969800,23076180
20160712 00:00,971700,977000,967900,974200,23198341
20160713 00:00,974100,976600,968400,968700,25236731
20160714 00:00,973300,989800,973200,987900,37605743
20160715 00:00,990600,993000,985000,987800,28780560
20160718 00:00,987000,1001300,986100,998300,36068957
20160719 00:00,995000,1000000,983800,998700,22768722
20160720 00:00,1000000,1004600,997400,999600,24962357
20160721 00:00,1000000,1010000,973600,994300,30624178
20160722 00:00,992600,1000000,983100,986600,27293674
20160725 00:00,982000,988300,969200,973400,38373260
20160726 00:00,968300,979700,964200,966700,41029326
20160727 00:00,1042500,1043500,1027500,1029500,84214186
20160728 00:00,1028300,1044500,1028200,1043400,37944007
20160729 00:00,1041900,1045500,1036800,1042100,26620766
20160801 00:00,1044400,1061600,1043500,1060500,37133531
20160802 00:00,1056000,1060700,1040000,1044800,32391206
20160803 00:00,1048100,1058400,1047700,1057900,28482936
20160804 00:00,1055500,1060100,1052800,1058700,25148182
20160805 00:00,1062100,1076500,1061600,1074800,36569624
20160808 00:00,1075200,1083700,1071600,1083700,26102786
20160809 00:00,1082300,1089400,1080100,1088100,25643394
20160810 00:00,1087100,1089000,1077600,1080000,23378227
20160811 00:00,1085100,1089300,1078500,1079300,23509403
20160812 00:00,1077800,1084400,1077700,1081800,18220787
20160815 00:00,1081400,1097900,1080800,1094800,24936635
20160816 00:00,1096700,1102300,1081300,1093800,32554612
20160817 00:00,1091000,1093700,1083400,1092200,24838329
20160818 00:00,1092200,1096000,1085600,1090800,19211459
20160819 00:00,1087800,1096900,1083600,1093600,24581208
20160822 00:00,1090000,1091400,1078500,1085100,25028483
20160823 00:00,1085700,1093200,1085300,1088500,18902755
20160824 00:00,1085600,1087500,1076800,1080300,22543200
20160825 00:00,1073800,1080300,1066800,1075700,24495590
20160826 00:00,1074100,1079400,1063100,1069400,27005806
20160829 00:00,1066300,1074400,1062900,1068200,24616111
20160830 00:00,1058200,1065000,1055000,1060000,23452366
20160831 00:00,1056700,1065600,1056400,1061000,26798366
20160901 00:00,1061400,1068300,1056200,1067300,26334018
20160902 00:00,1076700,1080000,1068200,1077300,25594944
20160906 00:00,1078200,1083000,1075100,1077000,23230452
20160907 00:00,1078600,1087600,1070700,1083600,41617783
20160908 00:00,1071200,1072700,1052400,1055200,50877838
20160909 00:00,1046100,1057200,1031300,1031300,44189149
20160912 00:00,1026500,1057200,1025300,1054400,43328049
20160913 00:00,1075000,1087900,1072400,1079500,59335783
20160914 00:00,1086000,1130300,1086000,1117700,109514728
20160915 00:00,1136700,1157300,1135600,1155700,86901712
20160916 00:00,1151700,1161200,1140400,1149200,73176814
20160919 00:00,1151900,1161800,1130000,1135800,45421766
20160920 00:00,1130600,1141200,1125100,1135700,33788087
20160921 00:00,1138200,1139900,1124400,1135500,33698695
20160922 00:00,1142300,1149400,1140000,1146200,30029962
20160923 00:00,1144600,1147900,1115500,1127100,51888735
20160926 00:00,1116400,1133900,1115500,1128800,28250520
20160927 00:00,1130000,1131800,1123400,1130900,23890807
20160928 00:00,1136600,1152900,1134300,1139500,28888973
20160929 00:00,1132000,1138000,1118000,1121800,35052192
20160930 00:00,1124700,1133700,1118000,1130500,34030629
20161003 00:00,1127500,1130400,1122800,1125200,21145474
20161004 00:00,1130000,1143100,1126300,1130000,29186112
20161005 00:00,1133800,1136600,1126900,1130500,20448168
20161006 00:00,1136500,1143400,1131300,1138900,28112479
20161007 00:00,1144300,1145600,1135100,1140600,23825116
20161010 00:00,1150200,1167500,1147200,1160500,34819261
20161011 00:00,1176400,1186900,1162000,1163000,61260821
20161012 00:00,1173600,1179800,1167500,1173400,36737941
20161013 00:00,1167900,1174400,1157000,1169800,34118506
20161014 00:00,1178900,1181700,1171200,1176300,34509912
20161017 00:00,1173400,1178400,1167800,1175500,22447130
20161018 00:00,1180000,1182100,1174500,1174700,22628010
20161019 00:00,1173200,1177600,1154200,1171200,19411810
20161020 00:00,1168600,1173800,1163300,1170600,23506627
20161021 00:00,1168100,1169100,1162800,1166000,21994183
20161024 00:00,1171000,1177400,1170000,1176500,22528797
20161025 00:00,1179800,1183600,1172800,1182500,38161660
20161026 00:00,1141700,1157000,1133100,1155900,62667865
20161027 00:00,1153000,1158600,1141000,1144800,27887140
20161028 00:00,1138500,1152100,1134500,1137200,34828527
20161031 00:00,1136000,1142300,1132000,1135400,23701883
20161101 00:00,1134700,1137700,1105300,1114900,42226139
20161102 00:00,1112300,1123500,1112300,1115900,27711308
20161103 00:00,1109600,1114600,1095500,1098300,24904137
20161104 00:00,1083000,1102500,1081100,1088400,29554877
20161107 00:00,1100000,1105100,1094700,1104100,31445735
20161108 00:00,1103000,1117200,1097000,1110600,23222237
20161109 00:00,1098500,1113200,1080500,1108800,55423726
20161110 00:00,1110700,1191500,1058300,1077900,56050617
20161111 00:00,1070000,1088700,1065500,1084300,33567111
20161114 00:00,1077400,1078200,1040800,1057100,50015318
20161115 00:00,1065000,1076800,1061600,1071100,31126175
20161116 00:00,1068800,1102300,1066200,1099900,61925327
20161117 00:00,1098200,1103400,1088300,1099500,26360929
20161118 00:00,1097200,1105400,1090000,1100600,26357908
20161121 00:00,1100200,1119900,1100100,1117300,27242865
20161122 00:00,1119500,1124100,1114000,1118000,22574252
20161123 00:00,1113700,1115200,1103300,1112300,24626417
20161125 00:00,1111300,1118600,1109500,1117900,11103305
20161128 00:00,1114300,1124600,1113900,1115700,25825140
20161129 00:00,1106900,1120300,1100700,1114600,27670837
20161130 00:00,1116000,1122000,1102700,1105200,32985566
20161201 00:00,1103400,1109400,1090300,1094900,34696931
20161202 00:00,1091700,1100900,1088500,1099000,25859473
20161205 00:00,1100000,1100300,1082500,1091100,32291534
20161206 00:00,1094700,1103600,1091900,1099500,24991348
20161207 00:00,1092500,1111900,1092300,1110300,29129311
20161208 00:00,1107800,1124300,1106000,1121200,26530750
20161209 00:00,1125000,1147000,1124100,1139500,33661925
20161212 00:00,1131900,1133500,1124900,1133000,25752165
20161213 00:00,1138300,1159200,1137500,1151900,42063362
20161214 00:00,1149800,1162000,1149800,1151900,32225223
20161215 00:00,1152300,1167300,1152300,1158200,43999090
20161216 00:00,1164300,1165000,1156500,1159700,39461290
20161219 00:00,1158000,1173800,1084200,1166400,28251760
20161220 00:00,1167400,1175000,1117200,1169500,19534840
20161221 00:00,1168000,1174000,1167500,1170600,23127455
20161222 00:00,1163500,1165100,1156400,1162900,25054805
20161223 00:00,1158000,1165200,1157500,1165200,13757757
20161227 00:00,1165200,1178000,1164900,1172600,17558697
20161228 00:00,1175200,1180200,1162000,1167600,20364341
20161229 00:00,1164500,1171100,1164000,1167300,14768141
20161230 00:00,1166500,1172000,1154300,1158200,28511929
20170103 00:00,1158000,1167800,1147600,1161500,27566154
20170104 00:00,1159500,1165100,1157900,1160200,20381945
20170105 00:00,1159000,1168600,1158000,1166100,21763957
20170106 00:00,1167800,1181600,1164700,1179100,30837563
20170109 00:00,1179400,1194300,1179400,1189900,31681011
20170110 00:00,1187700,1193800,1156600,1191100,22959337
20170111 00:00,1187000,1199300,1186000,1197500,26579626
20170112 00:00,1188000,1193000,1182100,1192500,26290866
20170113 00:00,1191000,1196200,1188100,1190400,25328556
20170117 00:00,1182200,1202400,1182200,1200000,31860846
20170118 00:00,1200000,1205000,1197100,1199900,22661302
20170119 00:00,1194000,1200900,1193700,1197800,24056010
20170120 00:00,1204100,1204500,1197400,1200000,28290059
20170123 00:00,1200000,1208100,1197700,1200800,20719009
20170124 00:00,1195500,1201000,1195000,1199700,22375368
20170125 00:00,1202800,1221000,1202800,1218800,31611924
20170126 00:00,1217000,1224400,1216000,1219400,24836210
20170127 00:00,1221400,1223500,1216000,1219500,20071528
20170130 00:00,1209300,1216300,1206500,1216300,29565047
20170131 00:00,1210300,1213900,1206300,1213500,40339947
20170201 00:00,1271000,1304900,1270000,1287500,104711500
20170202 00:00,1279900,1293900,1210300,1285300,31899868
20170203 00:00,1283100,1291900,1281600,1290800,22354077
20170206 00:00,1289500,1305000,1289200,1302900,26243472
20170207 00:00,1305000,1320900,1283100,1315300,37247537
20170208 00:00,1313000,1324400,1312200,1320400,22628497
20170209 00:00,1316700,1324500,1311200,1324200,24801967
20170210 00:00,1324200,1329400,1320600,1321200,19385330
20170213 00:00,1330000,1338200,1327500,1332900,21783645
20170214 00:00,1334600,1350900,1332600,1350200,30958677
20170215 00:00,1355000,1362700,1346200,1355100,35068655
20170216 00:00,1356800,1359000,1348300,1353500,21464041
20170217 00:00,1351000,1357900,1351000,1357200,21060304
20170221 00:00,1362500,1367500,1359700,1367000,21741434
20170222 00:00,1364100,1371200,1361100,1371100,18855723
20170223 00:00,1374000,1374800,1363000,1365300,20003938
20170224 00:00,1359000,1366600,1352800,1366600,20909781
20170227 00:00,1370000,1374400,1362800,1369300,18856049
20170228 00:00,1370800,1374400,1367000,1369900,22116215
20170301 00:00,1379000,1401500,1376000,1397900,35076042
20170302 00:00,1400000,1402700,1387600,1389600,25440603
20170303 00:00,1387900,1398300,1385800,1397800,19882672
20170306 00:00,1393300,1397700,1386000,1393400,20432521
20170307 00:00,1390600,1399800,1387900,1395200,16650769
20170308 00:00,1389200,1398000,1388200,1390000,17929655
20170309 00:00,1387400,1387900,1370500,1386800,20246158
20170310 00:00,1392700,1393500,1386400,1391400,18381146
20170313 00:00,1388200,1394300,1388200,1392000,16139100
20170314 00:00,1393000,1396500,1388400,1389900,14739266
20170315 00:00,1394200,1407600,1390300,1404600,23744951
20170316 00:00,1407400,1410200,1402600,1406900,18587506
20170317 00:00,1410000,1410000,1398900,1399900,38040426
20170320 00:00,1404600,1415000,1402300,1414600,19377966
20170321 00:00,1421500,1428100,1397300,1398400,38207481
20170322 00:00,1398300,1416000,1397600,1414200,24790035
20170323 00:00,1412600,1415800,1406100,1409200,19450906
20170324 00:00,1415000,1417400,1403500,1406400,21390648
20170327 00:00,1393900,1412200,1386200,1408800,23158410
20170328 00:00,1408900,1440400,1406200,1438000,32835709
20170329 00:00,1436700,1444900,1432000,1441200,27980524
20170330 00:00,1441400,1445000,1410400,1439300,19039911
20170331 00:00,1436300,1442700,1430100,1436600,18766711
20170403 00:00,1436700,1441200,1430500,1437000,19044722
20170404 00:00,1432500,1449000,1405500,1447700,19491173
20170405 00:00,1446400,1454600,1438100,1440200,26332914
20170406 00:00,1442600,1445200,1434600,1436600,20140741
20170407 00:00,1437300,1441700,1432700,1433400,16247556
20170410 00:00,1435000,1438800,1429000,1431700,16692110
20170411 00:00,1429000,1433500,1400600,1416300,30318420
20170412 00:00,1416000,1421500,1410200,1418000,19833656
20170413 00:00,1419400,1423800,1360500,1410500,17095815
20170417 00:00,1411700,1418700,1408700,1418300,15526720
20170418 00:00,1414100,1420400,1411100,1412000,14069604
20170419 00:00,1418200,1420000,1404500,1406800,15918460
20170420 00:00,1412100,1429300,1411600,1424400,22702707
20170421 00:00,1424400,1426800,1418500,1422700,16870411
20170424 00:00,1435200,1439500,1431800,1436400,16301965
20170425 00:00,1440500,1449000,1438900,1445300,17242559
20170426 00:00,1444500,1446000,1433800,1436800,19393674
20170427 00:00,1438900,1441600,1433100,1437900,13764732
20170428 00:00,1440700,1443000,1432600,1436500,18982479
20170501 00:00,1450000,1472000,1449600,1465800,31477137
20170502 00:00,1475400,1488700,1468400,1475100,39806717
20170503 00:00,1455200,1474900,1442700,1470600,45086464
20170504 00:00,1465200,1471400,1445900,1465300,22910014
20170505 00:00,1467600,1489800,1467600,1489600,26354726
20170508 00:00,1490300,1537000,1490300,1530100,46461213
20170509 00:00,1538800,1548800,1534500,1539900,34859133
20170510 00:00,1536300,1539400,1521100,1532600,25145451
20170511 00:00,1526900,1540700,1465300,1539500,25282995
20170512 00:00,1550000,1564200,1399100,1561000,31507288
20170515 00:00,1560100,1566500,1550500,1557000,23703680
20170516 00:00,1560000,1560600,1547200,1554700,19246902
20170517 00:00,1539400,1545700,1497100,1502500,48923443
20170518 00:00,1512500,1533400,1465300,1525400,32228764
20170519 00:00,1534300,1539800,1526300,1530600,25761484
20170522 00:00,1540600,1545800,1529100,1539900,21770285
20170523 00:00,1549000,1549000,1512500,1538000,19015403
20170524 00:00,1538400,1541700,1526800,1533400,18678731
20170525 00:00,1537300,1543500,1530300,1538700,18840307
20170526 00:00,1538000,1542400,1533100,1536100,21091115
20170530 00:00,1533500,1544300,1532900,1536700,19183398
20170531 00:00,1540000,1541800,1523800,1527600,22111096
20170601 00:00,1531500,1533300,1522200,1531800,15551577
20170602 00:00,1536000,1554500,1529000,1554500,27057234
20170605 00:00,1544100,1544500,1534600,1539300,23453532
20170606 00:00,1538900,1558100,1537800,1544500,25151726
20170607 00:00,1550000,1559800,1544800,1553700,20465650
20170608 00:00,1552500,1555500,1544000,1549900,19322103
20170609 00:00,1551500,1552000,1460200,1489800,63505882
20170612 00:00,1455700,1460900,1425100,1454200,70436329
20170613 00:00,1471500,1474500,1451500,1465900,32807595
20170614 00:00,1474800,1475000,1438400,1451600,30707499
20170615 00:00,1432000,1444700,1422100,1442900,30816994
20170616 00:00,1437500,1445000,1422000,1422700,48151518
20170619 00:00,1440000,1467400,1437100,1463400,30570369
20170620 00:00,1468700,1468700,1449400,1450100,23346143
20170621 00:00,1455000,1460700,1446000,1458700,19922042
20170622 00:00,1457500,1467000,1450500,1456300,18178190
20170623 00:00,1451600,1471600,1451100,1462800,25911469
20170626 00:00,1472300,1482900,1453800,1458200,24516590
20170627 00:00,1450000,1461600,1436200,1437300,24140221
20170628 00:00,1439500,1498700,1431600,1458300,21398579
20170629 00:00,1447300,1451200,1422800,1436800,30271952
20170630 00:00,1447200,1449600,1437800,1440200,21052499
20170703 00:00,1449300,1453100,1431100,1435000,13452690
20170705 00:00,1437500,1447900,1427200,1440900,19987760
20170706 00:00,1430200,1435000,1424100,1427300,22077641
20170707 00:00,1429400,1447500,1429000,1441800,18194883
20170710 00:00,1441900,1459500,1433700,1450600,19471988
20170711 00:00,1447200,1458500,1443800,1455300,17490648
20170712 00:00,1459000,1461800,1448200,1457400,23118912
20170713 00:00,1455800,1484900,1454000,1477700,24473757
20170714 00:00,1480000,1493300,1473300,1490400,18825091
20170717 00:00,1489100,1509000,1485700,1495600,22561123
20170718 00:00,1492000,1501300,1486700,1500800,17268849
20170719 00:00,1505500,1514200,1499500,1510200,19642010
20170720 00:00,1516400,1517700,1501900,1503400,16459695
20170721 00:00,1498900,1504500,1488800,1502700,24292496
20170724 00:00,1505600,1524400,1499000,1520900,20749699
20170725 00:00,1522400,1538400,1522000,1527400,18230976
20170726 00:00,1534000,1539300,1530500,1534600,14226366
20170727 00:00,1539700,1539900,1473000,1505600,31881954
20170728 00:00,1497200,1502300,1491900,1495000,16372471
20170731 00:00,1499500,1503300,1437400,1487300,18913565
20170801 00:00,1492700,1502300,1484000,1500500,24289768
20170802 00:00,1595000,1597500,1420400,1571400,64949846
20170803 00:00,1570300,1572100,1550200,1555700,25511481
20170804 00:00,1561200,1574000,1556900,1563900,20052407
20170807 00:00,1570000,1589200,1566800,1588100,20592672
20170808 00:00,1585700,1618300,1559800,1600800,35541907
20170809 00:00,1591200,1612700,1591000,1610600,25340482
20170810 00:00,1599400,1600800,1546300,1553200,38455016
20170811 00:00,1565000,1585700,1560700,1574800,25298131
20170814 00:00,1593800,1602100,1587500,1598500,21053730
20170815 00:00,1606300,1622000,1601400,1616000,27411433
20170816 00:00,1618700,1625100,1601500,1609500,26915110
20170817 00:00,1606300,1607100,1578400,1578600,26717471
20170818 00:00,1578600,1595000,1567300,1575000,26528434
20170821 00:00,1574200,1578900,1551200,1572100,24666267
20170822 00:00,1582600,1600000,1580200,1597800,20317719
20170823 00:00,1590700,1604700,1497100,1599800,18213450
20170824 00:00,1604300,1607400,1585500,1592700,18873650
20170825 00:00,1596500,1605600,1592700,1598600,24813251
20170828 00:00,1601400,1620000,1599300,1614700,23327700
20170829 00:00,1600700,1631200,1600000,1629100,28847350
20170830 00:00,1638000,1638900,1626100,1633500,25997624
20170831 00:00,1636400,1645200,1592900,1640000,25651230
20170901 00:00,1648000,1649400,1636300,1640500,16185567
20170905 00:00,1636900,1642500,1605600,1620800,28621329
20170906 00:00,1627200,1629900,1605200,1619100,20038564
20170907 00:00,1620900,1622200,1603600,1612600,21420148
20170908 00:00,1608600,1611500,1585300,1586300,25060001
20170911 00:00,1606000,1620500,1598900,1615000,29226472
20170912 00:00,1627300,1639600,1587800,1608600,70363567
20170913 00:00,1599200,1599600,1579100,1596500,43411017
20170914 00:00,1590000,1594000,1580900,1582800,22096926
20170915 00:00,1583000,1609700,1580000,1598800,44620658
20170918 00:00,1601100,1605000,1580000,1586700,26043729
20170919 00:00,1594500,1597700,1584400,1587300,19626195
20170920 00:00,1580100,1582600,1538300,1560700,50472434
20170921 00:00,1556700,1558300,1527500,1533900,35666895
20170922 00:00,1520100,1522700,1495000,1518900,45239765
20170925 00:00,1500000,1518300,1491600,1505500,42667717
20170926 00:00,1519100,1539200,1516900,1531400,35492487
20170927 00:00,1539000,1547200,1535400,1542300,23962434
20170928 00:00,1540000,1542800,1527000,1532800,21390619
20170929 00:00,1532300,1541300,1517500,1541200,25174786
20171002 00:00,1542000,1544500,1527200,1538100,18229406
20171003 00:00,1540000,1550900,1539100,1544800,15858806
20171004 00:00,1537000,1538600,1524600,1534800,19486252
20171005 00:00,1541400,1554400,1540500,1553900,20286192
20171006 00:00,1549700,1555000,1545600,1553000,15995936
20171009 00:00,1559200,1567200,1554900,1558400,15526608
20171010 00:00,1559800,1580000,1551000,1559000,15002617
20171011 00:00,1559700,1569700,1557500,1565500,15963488
20171012 00:00,1563500,1573700,1557200,1560000,15912676
20171013 00:00,1566800,1572800,1564100,1569900,15745079
20171016 00:00,1578000,1600000,1576500,1598800,23166564
20171017 00:00,1598600,1608700,1592300,1604700,18280484
20171018 00:00,1604200,1607100,1596000,1597600,15752452
20171019 00:00,1567500,1570800,1550200,1559800,39062104
20171020 00:00,1570500,1577500,1559600,1562500,22673927
20171023 00:00,1569000,1576900,1555000,1561700,20606089
20171024 00:00,1562600,1574200,1561800,1571000,16523775
20171025 00:00,1569100,1575500,1552600,1564100,19331068
20171026 00:00,1573800,1578300,1559400,1574100,15131211
20171027 00:00,1592700,1636000,1587000,1630500,42169463
20171030 00:00,1640000,1680700,1637200,1667200,43201736
20171031 00:00,1679200,1696400,1669400,1690400,33873828
20171101 00:00,1698800,1699400,1656200,1668900,32331945
20171102 00:00,1675800,1684900,1652800,1681100,32121248
20171103 00:00,1741000,1742600,1711200,1725000,55026231
20171106 00:00,1722100,1749900,1717300,1742500,32878022
20171107 00:00,1740000,1752500,1736000,1748100,23670840
20171108 00:00,1747300,1762400,1743400,1762400,22484325
20171109 00:00,1751200,1761000,1731400,1758800,28588781
20171110 00:00,1750700,1754000,1742700,1746700,21178623
20171113 00:00,1735000,1745000,1734000,1739700,16359711
20171114 00:00,1730500,1734800,1711800,1713400,23361493
20171115 00:00,1698700,1703200,1683800,1690800,26995122
20171116 00:00,1711800,1718700,1703000,1711000,22206864
20171117 00:00,1708900,1713900,1696500,1701500,21081018
20171120 00:00,1702900,1705600,1695600,1699800,15874764
20171121 00:00,1710000,1737000,1707200,1731400,24125988
20171122 00:00,1733500,1750000,1730500,1749600,23431212
20171124 00:00,1750400,1754900,1746500,1749700,13778416
20171127 00:00,1749700,1751100,1733300,1740900,19671729
20171128 00:00,1741600,1748700,1718600,1730700,24565814
20171129 00:00,1725600,1729200,1671600,1694800,40229053
20171130 00:00,1704800,1721400,1684400,1718500,38817138
20171201 00:00,1699600,1716700,1685000,1710500,37974115
20171204 00:00,1724500,1726200,1696300,1698000,30414292
20171205 00:00,1691500,1715200,1684000,1696400,26590890
20171206 00:00,1675000,1702000,1664500,1690100,27017119
20171207 00:00,1690000,1704400,1689100,1693200,24061242
20171208 00:00,1702400,1710000,1688200,1693700,21584713
20171211 00:00,1690500,1728900,1687900,1726700,29453279
20171212 00:00,1721500,1723800,1714700,1717000,18096570
20171213 00:00,1725000,1735400,1719200,1722700,22498974
20171214 00:00,1724300,1731400,1716500,1722200,20158164
20171215 00:00,1736800,1743100,1724600,1739700,35341147
20171218 00:00,1748900,1772000,1737400,1764200,26886594
20171219 00:00,1746900,1753900,1740900,1745400,26280694
20171220 00:00,1748700,1754200,1732500,1743500,22020474
20171221 00:00,1741900,1760200,1741000,1750100,19239113
20171222 00:00,1746800,1754200,1745000,1750100,15171228
20171226 00:00,1706000,1714700,1696700,1705700,31831723
20171227 00:00,1700000,1707700,1697100,1706000,20757571
20171228 00:00,1710000,1718500,1704800,1710800,15557072
20171229 00:00,1702800,1707100,1692200,1692300,24766173
20180102 00:00,1701600,1723000,1692600,1722600,24586774
20180103 00:00,1726100,1745500,1719600,1722300,27884172
20180104 00:00,1727700,1734700,1720800,1730300,21587118
20180105 00:00,1735100,1753700,1730500,1750000,22493412
20180108 00:00,1744000,1756000,1739300,1743500,19477075
20180109 00:00,1745400,1750500,1734100,1743300,20625554
20180110 00:00,1731000,1743000,1729700,1742900,23032635
20180111 00:00,1745100,1754800,1744900,1752800,16831200
20180112 00:00,1759600,1773600,1740200,1770900,24381629
20180116 00:00,1780000,1793900,1761400,1761900,27324757
20180117 00:00,1762000,1792500,1750600,1791000,32027071
20180118 00:00,1794700,1801000,1726100,1792600,28110366
20180119 00:00,1787500,1795800,1774100,1784600,26983172
20180122 00:00,1773000,1777800,1766200,1770000,24741267
20180123 00:00,1772800,1794400,1768200,1770400,30775398
20180124 00:00,1773000,1773000,1732000,1742200,47653913
20180125 00:00,1742900,1749500,1705300,1711100,39089494
20180126 00:00,1720000,1720100,1700600,1715100,36397039
20180129 00:00,1700000,1700000,1670700,1679600,47358109
20180130 00:00,1654800,1673700,1646800,1669700,43970225
20180131 00:00,1669500,1684500,1665000,1674300,30124391
20180201 00:00,1672400,1686200,1667600,1677800,36252650
20180202 00:00,1663400,1668000,1601000,1605000,79374752
20180205 00:00,1591800,1638800,1560000,1564900,69245119
20180206 00:00,1550000,1637100,1540000,1630300,65386026
20180207 00:00,1630000,1634000,1590600,1595400,50395881
20180208 00:00,1602800,1610000,1550300,1551500,54055640
20180209 00:00,1570000,1578900,1502400,1564100,70048242
20180212 00:00,1584100,1638900,1575000,1627100,60799699
20180213 00:00,1619000,1647500,1616500,1643400,31511889
20180214 00:00,1630700,1675400,1628800,1673700,38647789
20180215 00:00,1698500,1730900,1690000,1729900,49253393
20180216 00:00,1724000,1748100,1717700,1724300,38964970
20180220 00:00,1718700,1742600,1714200,1718500,31689320
20180221 00:00,1727300,1741200,1710100,1710700,34766080
20180222 00:00,1717600,1739500,1717100,1725000,29784392
20180223 00:00,1738000,1756500,1735400,1755000,32671944
20180226 00:00,1762100,1793900,1762100,1789700,36053336
20180227 00:00,1790000,1804800,1781600,1783900,37677735
20180228 00:00,1792000,1806200,1780500,1781200,31903035
20180301 00:00,1786500,1799000,1726600,1750000,47735816
20180302 00:00,1726700,1763000,1724500,1762100,36825048
20180305 00:00,1751500,1777500,1745200,1768200,26782814
20180306 00:00,1780000,1782500,1760000,1766700,22607671
20180307 00:00,1751200,1758500,1742600,1750300,29146763
20180308 00:00,1754100,1771200,1750700,1769400,22739730
20180309 00:00,1777700,1800300,1773900,1799800,30588580
20180312 00:00,1802300,1823900,1802100,1817200,31374675
20180313 00:00,1824900,1835000,1792400,1799700,30587951
20180314 00:00,1805000,1805200,1778200,1784400,28476607
20180315 00:00,1785000,1802400,1780800,1786500,22144134
20180316 00:00,1786500,1791200,1776200,1780200,32980020
20180319 00:00,1772500,1774700,1736600,1753000,31740935
20180320 00:00,1752800,1768000,1749400,1752400,18691511
20180321 00:00,1750000,1750900,1712600,1712700,34988000
20180322 00:00,1700000,1726800,1686000,1688500,40536280
20180323 00:00,1686300,1699200,1649200,1649400,39368017
20180326 00:00,1680700,1731100,1664400,1727700,35606307
20180327 00:00,1737800,1751500,1669200,1683400,38378641
20180328 00:00,1671000,1700200,1651900,1664800,43199395
20180329 00:00,1680700,1717500,1669000,1677800,35262367
20180402 00:00,1678900,1689400,1644800,1666800,36685363
20180403 00:00,1675800,1687400,1648800,1683900,29061821
20180404 00:00,1649000,1720100,1647700,1716100,33511676
20180405 00:00,1725300,1742300,1720800,1728000,25584007
20180406 00:00,1710200,1724800,1682000,1683800,33132888
20180409 00:00,1700600,1730900,1698100,1700500,26702284
20180410 00:00,1730000,1740000,1715300,1732500,27749761
20180411 00:00,1720800,1739300,1717100,1724400,21062559
20180412 00:00,1733900,1750000,1730400,1741400,21819041
20180413 00:00,1748800,1758400,1738500,1747300,21495010
20180416 00:00,1749800,1761900,1748400,1758200,20907059
20180417 00:00,1765100,1789500,1764100,1782400,23689716
20180418 00:00,1777800,1788200,1768800,1778400,19221238
20180419 00:00,1748300,1753900,1726600,1728000,32558174
20180420 00:00,1704500,1712100,1654300,1657200,63304522
20180423 00:00,1668600,1684700,1640900,1652400,33320520
20180424 00:00,1657500,1663300,1612300,1629400,33141927
20180425 00:00,1626200,1654200,1624000,1636500,26929449
20180426 00:00,1640600,1657300,1633700,1642200,26197515
20180427 00:00,1640700,1643300,1606300,1623200,34624256
20180430 00:00,1621900,1672600,1618400,1652600,38705206
20180501 00:00,1663500,1692000,1652700,1691000,42125960
20180502 00:00,1752500,1777500,1738000,1765700,63185303
20180503 00:00,1756800,1775000,1744600,1768900,33030686
20180504 00:00,1781700,1842500,1781700,1838300,54148783
20180507 00:00,1851100,1876700,1847500,1851600,41115737
20180508 00:00,1850000,1862200,1836500,1860500,25983870
20180509 00:00,1865800,1874000,1852200,1873600,22319481
20180510 00:00,1877400,1903700,1876600,1900400,27462372
20180511 00:00,1895500,1900600,1874500,1885900,24637060
20180514 00:00,1891000,1895300,1878600,1881500,18701305
20180515 00:00,1867900,1870700,1851000,1864400,22604774
20180516 00:00,1860800,1884600,1860000,1881800,18301821
20180517 00:00,1880000,1889100,1863600,1869900,16526973
20180518 00:00,1872000,1878200,1861300,1863100,17287673
20180521 00:00,1879200,1892700,1869100,1876300,17721804
20180522 00:00,1883600,1888800,1867800,1871600,13738714
20180523 00:00,1863100,1885000,1857600,1883600,17659144
20180524 00:00,1887500,1888600,1862100,1881500,19921225
20180525 00:00,1882700,1896500,1876500,1885800,16669631
20180529 00:00,1876000,1887400,1868700,1879000,21361650
20180530 00:00,1877500,1880000,1867800,1875000,17846432
20180531 00:00,1872000,1882300,1861300,1868700,24645231
20180601 00:00,1878900,1902600,1877500,1902400,22614339
20180604 00:00,1916500,1934200,1913500,1918300,25448080
20180605 00:00,1931100,1939400,1923600,1933100,20520196
20180606 00:00,1937000,1940800,1919200,1939800,19985438
20180607 00:00,1941600,1942300,1923400,1934600,18775035
20180608 00:00,1910000,1920000,1897700,1917000,25233155
20180611 00:00,1914500,1919700,1902200,1912300,17608516
20180612 00:00,1913800,1926200,1911500,1922800,16306173
20180613 00:00,1925000,1928700,1904400,1907000,20489309
20180614 00:00,1915700,1915900,1902200,1908000,20255595
20180615 00:00,1901500,1901600,1882600,1888400,54238943
20180618 00:00,1876900,1892200,1872000,1887400,16566274
20180619 00:00,1853300,1863300,1834500,1856900,31427809
20180620 00:00,1863400,1872100,1857300,1865000,18819334
20180621 00:00,1874300,1883500,1849400,1854600,24567773
20180622 00:00,1859400,1861500,1847000,1849200,21470706
20180625 00:00,1834000,1849200,1807300,1821700,30457522
20180626 00:00,1826900,1865300,1825300,1844300,24023509
20180627 00:00,1852500,1872800,1840300,1841600,23870027
20180628 00:00,1839400,1862100,1838000,1855000,16750302
20180629 00:00,1863800,1871900,1829000,1851100,19461976
20180702 00:00,1836800,1873000,1834200,1871800,16607711
20180703 00:00,1877700,1879500,1835400,1839200,13459252
20180705 00:00,1853300,1864100,1842800,1854000,15945124
20180706 00:00,1854200,1884300,1850500,1879700,16923582
20180709 00:00,1894400,1906800,1893000,1905800,18044343
20180710 00:00,1908000,1912800,1901900,1903500,14540849
20180711 00:00,1886900,1897700,1876100,1878800,17580516
20180712 00:00,1894900,1914100,1892500,1910300,17011315
20180713 00:00,1911600,1918400,1909000,1913300,11922214
20180716 00:00,1916500,1926500,1904200,1909100,14071804
20180717 00:00,1897500,1918700,1892000,1914500,14311243
20180718 00:00,1917600,1918800,1899300,1904000,14584283
20180719 00:00,1897900,1925500,1896900,1918800,18771686
20180720 00:00,1919300,1940000,1901700,1914400,19264998
20180723 00:00,1906400,1919600,1895600,1916100,14428802
20180724 00:00,1922000,1936600,1920500,1930000,17437674
20180725 00:00,1930000,1948500,1924300,1948200,16025166
20180726 00:00,1946000,1959600,1936100,1942100,18054743
20180727 00:00,1950000,1951900,1901000,1909800,22768994
20180730 00:00,1919000,1922000,1890700,1899100,19597501
20180731 00:00,1903100,1921400,1893400,1902900,30686367
20180801 00:00,1990200,2017600,1973100,2015000,64115647
20180802 00:00,2003800,2083800,2003500,2073900,61204559
20180803 00:00,2070500,2087400,2054800,2079900,31409980
20180806 00:00,2079300,2092500,2070700,2090700,24842483
20180807 00:00,2094500,2095000,2067600,2071100,24628640
20180808 00:00,2060500,2078100,2045200,2072500,21327126
20180809 00:00,2075000,2097800,2072000,2088800,23061519
20180810 00:00,2073100,2091000,2066700,2075300,24126427
20180813 00:00,2077000,2109600,2077000,2088700,25277798
20180814 00:00,2101500,2105600,2082600,2097500,19584346
20180815 00:00,2090000,2107400,2083300,2102400,27446468
20180816 00:00,2119300,2138200,2114700,2133200,26206801
20180817 00:00,2134700,2179500,2131600,2175800,34300137
20180820 00:00,2181700,2191800,2151000,2154600,28477170
20180821 00:00,2166200,2172000,2140200,2150400,24850932
20180822 00:00,2142400,2163600,2138400,2150500,17693684
20180823 00:00,2146000,2170500,2146000,2154900,17875005
20180824 00:00,2164100,2169000,2151100,2161600,17703970
20180827 00:00,2170200,2187400,2163200,2179400,19528107
20180828 00:00,2190100,2205400,2189200,2197000,22101025
20180829 00:00,2201800,2234900,2194100,2229800,26116995
20180830 00:00,2232500,2282600,2224100,2250300,48008353
20180831 00:00,2266400,2288700,2262200,2276300,40227875
20180904 00:00,2285900,2291800,2266300,2283600,25495964
20180905 00:00,2290000,2296800,2251000,2268700,31865602
20180906 00:00,2266100,2273500,2213000,2231000,33161533
20180907 00:00,2219400,2253800,2207100,2213000,35892265
20180910 00:00,2210000,2218500,2164700,2183300,38196181
20180911 00:00,2179100,2243000,2165600,2238500,34613944
20180912 00:00,2249700,2250000,2198300,2210700,48211997
20180913 00:00,2235100,2283600,2225600,2264100,39251148
20180914 00:00,2255000,2268500,2225200,2238400,30610962
20180917 00:00,2220000,2229500,2172700,2178800,35976341
20180918 00:00,2176800,2218200,2171200,2182400,30424424
20180919 00:00,2185000,2196400,2153000,2183700,26326617
20180920 00:00,2203200,2222900,2191500,2200300,25437404
20180921 00:00,2210000,2213600,2172900,2176600,73988725
20180924 00:00,2167200,2212600,2166300,2207900,26047095
20180925 00:00,2197300,2228200,2197000,2221900,21667045
20180926 00:00,2211500,2237500,2197500,2204200,22561108
20180927 00:00,2239900,2264400,2235400,2249500,28199654
20180928 00:00,2248000,2258400,2240200,2257400,20450318
20181001 00:00,2279500,2294200,2263500,2272600,20845743
20181002 00:00,2272300,2300000,2266200,2292800,23727885
20181003 00:00,2300500,2334800,2297800,2320700,26848042
20181004 00:00,2307800,2323500,2267300,2279900,30427873
20181005 00:00,2279600,2284100,2205800,2242900,32529751
20181008 00:00,2220600,2248000,2202000,2237700,28251787
20181009 00:00,2236000,2272700,2222500,2268700,25564613
20181010 00:00,2255000,2263500,2160500,2163600,39709643
20181011 00:00,2145300,2195000,2123200,2144500,49769239
20181012 00:00,2212000,2228800,2168400,2221100,36679388
20181015 00:00,2210400,2218300,2172800,2173600,27851304
20181016 00:00,2189300,2230000,2167700,2221500,27734036
20181017 00:00,2221500,2226400,2193400,2211900,21679517
20181018 00:00,2178600,2197400,2130000,2160200,31376893
20181019 00:00,2180400,2212600,2174300,2193100,31046915
20181022 00:00,2196600,2233600,2188000,2206500,27278719
20181023 00:00,2155800,2232500,2146900,2227300,37582868
20181024 00:00,2227000,2242300,2145400,2150900,38531785
20181025 00:00,2175100,2213800,2167500,2198000,27454374
20181026 00:00,2159800,2202000,2126700,2163000,45224645
20181029 00:00,2191900,2196900,2060900,2122400,44260765
20181030 00:00,2111500,2151800,2092700,2133000,34923742
20181031 00:00,2169800,2204500,2166000,2188600,35290603
20181101 00:00,2190300,2225000,2168100,2222200,41924436
20181102 00:00,2095500,2136500,2054300,2074800,85282286
20181105 00:00,2043900,2043900,1981600,2015900,62626951
20181106 00:00,2018200,2047200,2016900,2037700,30717374
20181107 00:00,2060000,2100600,2041300,2099500,31328425
20181108 00:00,2100400,2101200,2060100,2084900,23835422
20181109 00:00,2055500,2060300,2022500,2044700,31538704
20181112 00:00,1990100,1998500,1937800,1941700,48980221
20181113 00:00,1917200,1971800,1914500,1922300,44755460
20181114 00:00,1938200,1944800,1859300,1868000,59011334
20181115 00:00,1884600,1919700,1869000,1914100,44357251
20181116 00:00,1905300,1949700,1894600,1935300,35358818
20181119 00:00,1900000,1907000,1849900,1858600,39345918
20181120 00:00,1780500,1814800,1755100,1769800,64410698
20181121 00:00,1795600,1802700,1765500,1767800,28809177
20181123 00:00,1749600,1765800,1721000,1722900,22727552
20181126 00:00,1741800,1749500,1702600,1746200,42322672
20181127 00:00,1714800,1747700,1708800,1742400,38404632
20181128 00:00,1767400,1812900,1749300,1809400,44160354
20181129 00:00,1827300,1828000,1777000,1795500,39761060
20181130 00:00,1803300,1803300,1770300,1785800,34349738
20181203 00:00,1844500,1849400,1812100,1848200,37497639
20181204 00:00,1810000,1823800,1762700,1766900,39089374
20181206 00:00,1717400,1747800,1704200,1747200,40585440
20181207 00:00,1734500,1744900,1683000,1684900,40013532
20181210 00:00,1650000,1700900,1633300,1696000,58438527
20181211 00:00,1716900,1717900,1670000,1686300,43484675
20181212 00:00,1704000,1719100,1690200,1691000,32813045
20181213 00:00,1704400,1725600,1695500,1709500,31080738
20181214 00:00,1690000,1693000,1652800,1654800,39498528
20181217 00:00,1654200,1683500,1627300,1639400,41779997
20181218 00:00,1654900,1675300,1643900,1660700,32370476
20181219 00:00,1660000,1674500,1590900,1608900,46221126
20181220 00:00,1601900,1621000,1553000,1568300,62736123
20181221 00:00,1558500,1581600,1496300,1507300,87909043
20181224 00:00,1481500,1515500,1466000,1468300,35943663
20181226 00:00,1482000,1572300,1467200,1571700,55871647
20181227 00:00,1561300,1567700,1500700,1561500,49673892
20181228 00:00,1574800,1585200,1545500,1562300,39967793
20181231 00:00,1585300,1593600,1564800,1577400,32904170
20190102 00:00,1548000,1588500,1542400,1579200,30451305
20190103 00:00,1440100,1457500,1420000,1421900,87179424
20190104 00:00,1445000,1485400,1438000,1482600,55892106
20190107 00:00,1487000,1488300,1459000,1479300,53268908
20190108 00:00,1497400,1518200,1485200,1507500,39034603
20190109 00:00,1514000,1545300,1496300,1533100,43288070
20190110 00:00,1523200,1539700,1508600,1538000,35652756
20190111 00:00,1529100,1537000,1515100,1522900,25399628
20190114 00:00,1508500,1512700,1492200,1500000,30366113
20190115 00:00,1502800,1533900,1500500,1530700,27851063
20190116 00:00,1530500,1558800,1530000,1549400,29486618
20190117 00:00,1542200,1576500,1532600,1558600,28844868
20190118 00:00,1576000,1578800,1559900,1568200,31796579
20190122 00:00,1565900,1567300,1526200,1533000,28047236
20190123 00:00,1540300,1551400,1517000,1539200,22344193
20190124 00:00,1538000,1544800,1517400,1527000,23095470
20190125 00:00,1554800,1581400,1543200,1577600,32290301
20190128 00:00,1558400,1563300,1536700,1563000,24184758
20190129 00:00,1562100,1581300,1541100,1546800,32559817
20190130 00:00,1632200,1661500,1602300,1652500,58281742
20190131 00:00,1661400,1690000,1645600,1664400,37741865
20190201 00:00,1670100,1689800,1659300,1665200,30521556
20190204 00:00,1674800,1716600,1672800,1712500,29741119
20190205 00:00,1729300,1750800,1723500,1741800,34820577
20190206 00:00,1748000,1755700,1728600,1742400,27610319
20190207 00:00,1723200,1739400,1703400,1709400,30668812
20190208 00:00,1689900,1706600,1684200,1704100,22643786
20190211 00:00,1711000,1712100,1692500,1694300,19952918
20190212 00:00,1701000,1710000,1697000,1708900,21342247
20190213 00:00,1713200,1724800,1699200,1701800,21333941
20190214 00:00,1698500,1712700,1693900,1708000,19904136
20190215 00:00,1714700,1717000,1697500,1704200,23061402
20190219 00:00,1695500,1714400,1694300,1709300,17797528
20190220 00:00,1711000,1733200,1709900,1720300,24184631
20190221 00:00,1718000,1723700,1703100,1710600,16844199
20190222 00:00,1713800,1730000,1713800,1729700,18076934
20190225 00:00,1739900,1758700,1739400,1742300,20981451
20190226 00:00,1736200,1753000,1731600,1743300,16335773
20190227 00:00,1732300,1750000,1727300,1748700,25394202
20190228 00:00,1743200,1749100,1729100,1731500,24330849
20190301 00:00,1742300,1751500,1728900,1749700,24392490
20190304 00:00,1756400,1777500,1739700,1758500,25600749
20190305 00:00,1758600,1760000,1745400,1755300,18002718
20190306 00:00,1746700,1754900,1739400,1745200,19532202
20190307 00:00,1738700,1744400,1720200,1725000,23273842
20190308 00:00,1703200,1730800,1695000,1729100,22428998
20190311 00:00,1754100,1791300,1753500,1789000,28592932
20190312 00:00,1800000,1826700,1793700,1809100,29892421
20190313 00:00,1822900,1832900,1809200,1817100,29284826
20190314 00:00,1839000,1841000,1825600,1837300,22343443
20190315 00:00,1847000,1873300,1837400,1861200,37251007
20190318 00:00,1859000,1883900,1857900,1880200,24635460
20190319 00:00,1884000,1889900,1859200,1865300,30220000
20190320 00:00,1862300,1894900,1847300,1881600,29792200
20190321 00:00,1900000,1963200,1898100,1950900,48452146
20190322 00:00,1952800,1976900,1907700,1910500,40784741
20190325 00:00,1915400,1919800,1866000,1887400,42198785
20190326 00:00,1916000,1928800,1845900,1867900,47668901
20190327 00:00,1887100,1897600,1865400,1884700,28993216
20190328 00:00,1889400,1895600,1875300,1887200,20234083
20190329 00:00,1898500,1900800,1885400,1899500,22013390
20190401 00:00,1915700,1916800,1883800,1912400,25425424
20190402 00:00,1910500,1944600,1910500,1940200,21057211
20190403 00:00,1932500,1965000,1931500,1953500,21671194
20190404 00:00,1948000,1963700,1931400,1956900,18756603
20190405 00:00,1964100,1971000,1959300,1970000,17154104
20190408 00:00,1964200,2002300,1963300,2001000,24768724
20190409 00:00,2003200,2028500,1992300,1995000,34653266
20190410 00:00,1987700,2007400,1981800,2006200,20754302
20190411 00:00,2007400,2010000,1984500,1989500,19339690
20190412 00:00,1991400,2001400,1962100,1988700,26689186
20190415 00:00,1985300,1998400,1980100,1992300,16318763
20190416 00:00,1993200,2013700,1985600,1992500,25195764
20190417 00:00,1992800,2034600,1986100,2031300,29206623
20190418 00:00,2034500,2041500,2025200,2038600,23419730
20190422 00:00,2026600,2049400,2023300,2045300,16941460
20190423 00:00,2044300,2077500,2039000,2074800,22404497
20190424 00:00,2072500,2084800,2070500,2071600,16379009
20190425 00:00,2066600,2077600,2051200,2052800,17045102
20190426 00:00,2048600,2050000,2021200,2043000,18079176
20190429 00:00,2043100,2059700,2038600,2046100,20616417
20190430 00:00,2030000,2033900,1991100,2006700,37897524
20190501 00:00,2102000,2153100,2092300,2105200,60920449
20190502 00:00,2096500,2126500,2081300,2091500,29773353
20190503 00:00,2107800,2118400,2102300,2117500,19914692
20190506 00:00,2041600,2088400,2035000,2084800,30671387
20190507 00:00,2058600,2074000,2008300,2028600,37611128
20190508 00:00,2019000,2053400,2017600,2029000,25065553
20190509 00:00,2004900,2016800,1966700,2007200,33971701
20190510 00:00,1974700,1988500,1927600,1971800,37862697
20190513 00:00,1874800,1894800,1828500,1857200,54536180
20190514 00:00,1863300,1897100,1854100,1886600,34254031
20190515 00:00,1862700,1917500,1860100,1909200,25174109
20190516 00:00,1898800,1924800,1888400,1900800,31423655
20190517 00:00,1870400,1909000,1867600,1890000,31183123
20190520 00:00,1835000,1843400,1802900,1830900,35753103
20190521 00:00,1850500,1880000,1847000,1866000,26468911
20190522 00:00,1846600,1857100,1825500,1827800,28925399
20190523 00:00,1797200,1805400,1778100,1796600,35226162
20190524 00:00,1802000,1821400,1786200,1789700,22837599
20190528 00:00,1789000,1805900,1779200,1782300,26276760
20190529 00:00,1764400,1793500,1760000,1773800,27586624
20190530 00:00,1779500,1792300,1766700,1783000,20656632
20190531 00:00,1760000,1779900,1749900,1750700,25064310
20190603 00:00,1754400,1779200,1702700,1733000,39113826
20190604 00:00,1754300,1798400,1745200,1796400,29218482
20190605 00:00,1843900,1849900,1811400,1825400,28097747
20190606 00:00,1830000,1854700,1821500,1852200,19838791
20190607 00:00,1866300,1919200,1857700,1901500,29612392
20190610 00:00,1920000,1953700,1916100,1925800,25047727
20190611 00:00,1949300,1960000,1936000,1948100,24003333
20190612 00:00,1939900,1959700,1933700,1941900,17215817
20190613 00:00,1947300,1968000,1936000,1941500,19529750
20190614 00:00,1914900,1935800,1903000,1927400,17078239
20190617 00:00,1928600,1949600,1921700,1938900,13922065
20190618 00:00,1960000,2002900,1952100,1984500,25386223
20190619 00:00,1996700,1998900,1973100,1978700,19989153
20190620 00:00,2002200,2006000,1980300,1994600,20517172
20190621 00:00,1988000,2008500,1981400,1987800,41263981
20190624 00:00,1985400,2001600,1981700,1985800,17357165
20190625 00:00,1984300,1992900,1952900,1955700,21313820
20190626 00:00,1977700,2009900,1973400,1998000,25253435
20190627 00:00,2001900,2015700,1995700,1997400,16997615
20190628 00:00,1986100,1994900,1970500,1979200,27712001
20190701 00:00,2031000,2044900,2006500,2015500,25670964
20190702 00:00,2014600,2031300,2013600,2027300,16587660
20190703 00:00,2031300,2044400,2027000,2044100,10760409
20190705 00:00,2029000,2050800,2029000,2042300,16516244
20190708 00:00,2007800,2014000,1984100,2000200,23775835
20190709 00:00,1990500,2015100,1988100,2012400,18952251
20190710 00:00,2018500,2037300,2015600,2032300,16985391
20190711 00:00,2031500,2043900,2017100,2017500,17716133
20190712 00:00,2024400,2040000,2022000,2033000,16951805
20190715 00:00,2040600,2058700,2040000,2052100,15841588
20190716 00:00,2045900,2061100,2035000,2045000,15428190
20190717 00:00,2040500,2050900,2032700,2033500,12894336
20190718 00:00,2039100,2058800,2037000,2056600,16631100
20190719 00:00,2060000,2065000,2023600,2025900,19557061
20190722 00:00,2038100,2072300,2036100,2072200,21090062
20190723 00:00,2084600,2089100,2073000,2088400,17244346
20190724 00:00,2077000,2091500,2071800,2086700,14426025
20190725 00:00,2088300,2092400,2067300,2070200,13227412
20190726 00:00,2074500,2097300,2071400,2077400,17068566
20190729 00:00,2084600,2106400,2084100,2096800,20726142
20190730 00:00,2087400,2106600,2073100,2087800,25813791
20190731 00:00,2163500,2213700,2113000,2130400,66545065
20190801 00:00,2140200,2180300,2067300,2084300,53417109
20190802 00:00,2052600,2064300,2016300,2040200,37596689
20190805 00:00,1979800,1986500,1925800,1933400,49704015
20190806 00:00,1964500,1980700,1940400,1970000,33878295
20190807 00:00,1954000,1995600,1938200,1990400,32066903
20190808 00:00,2004200,2035300,1993900,2034300,25802533
20190809 00:00,2012300,2027600,1992900,2009900,23591110
20190812 00:00,1994400,2020600,1991500,2004800,21678415
20190813 00:00,2010200,2121400,2008300,2089700,46000668
20190814 00:00,2031100,2064400,2025000,2027500,33845211
20190815 00:00,2033800,2051500,1996700,2017400,25991513
20190816 00:00,2043600,2071600,2038500,2065000,26376612
20190819 00:00,2105900,2127300,2100400,2103500,23121339
20190820 00:00,2108900,2133500,2103200,2103600,22806812
20190821 00:00,2128700,2136500,2116100,2126400,20374054
20190822 00:00,2133000,2144300,2107500,2124600,21585112
20190823 00:00,2094300,2120500,2010000,2026400,44029832
20190826 00:00,2059700,2071900,2050600,2064900,24544286
20190827 00:00,2079200,2085500,2035400,2041600,23816371
20190828 00:00,2041700,2057200,2033300,2055300,14983320
20190829 00:00,2085000,2093200,2066500,2090100,20221028
20190830 00:00,2100000,2104500,2072000,2087400,19329251
20190903 00:00,2066700,2069800,2042200,2057000,18937497
20190904 00:00,2083900,2094800,2073100,2091900,18690378
20190905 00:00,2120000,2139600,2115100,2132800,22262812
20190906 00:00,2140700,2144200,2125100,2132600,18686623
20190909 00:00,2147700,2164400,2110700,2141700,25735935
20190910 00:00,2138600,2167800,2117100,2167000,29786065
20190911 00:00,2180000,2236400,2177300,2235900,42429827
20190912 00:00,2248000,2264200,2228600,2230900,29902917
20190913 00:00,2198100,2207900,2170200,2187500,37753560
20190916 00:00,2176400,2201300,2175600,2199000,20302149
20190917 00:00,2199600,2208200,2191200,2207000,17281680
20190918 00:00,2210100,2228500,2194500,2227700,24215116
20190919 00:00,2220200,2237600,2203700,2209600,21122718
20190920 00:00,2215000,2225500,2174800,2177300,48887352
20190923 00:00,2189800,2198400,2176500,2187200,18212999
20190924 00:00,2210800,2224800,2171900,2176800,29844705
20190925 00:00,2186200,2215000,2171500,2210300,21190603
20190926 00:00,2199400,2209400,2188300,2198900,18055336
20190927 00:00,2205400,2209600,2172800,2188200,24024717
20190930 00:00,2208500,2245800,2208000,2239700,24486462
20191001 00:00,2250000,2282000,2241900,2245900,33778745
20191002 00:00,2231200,2235900,2179300,2189600,33571088
20191003 00:00,2181900,2209600,2151500,2208200,27251589
20191004 00:00,2255400,2274900,2239000,2270100,32870062
20191007 00:00,2262600,2299300,2258600,2270600,29690531
20191008 00:00,2258700,2280600,2243300,2244000,26652154
20191009 00:00,2270000,2277900,2256500,2270300,18028870
20191010 00:00,2279000,2304400,2273000,2300900,27542365
20191011 00:00,2329000,2376400,2323000,2362100,40790607
20191014 00:00,2350000,2381400,2346700,2358700,23356092
20191015 00:00,2363200,2376500,2348800,2353200,19881534
20191016 00:00,2332600,2352400,2332000,2343700,17355461
20191017 00:00,2350000,2361500,2335300,2352800,16457679
20191018 00:00,2345300,2375800,2342900,2364100,23618798
20191021 00:00,2375000,2409900,2373200,2405100,21108275
20191022 00:00,2411500,2422000,2396200,2399600,19912916
20191023 00:00,2421000,2432400,2412200,2431800,18201573
20191024 00:00,2446900,2448000,2418100,2435800,16751305
20191025 00:00,2430000,2467300,2428800,2465800,16940620
20191028 00:00,2473800,2492500,2467300,2490500,23078082
20191029 00:00,2490000,2497400,2425700,2432900,33578680
20191030 00:00,2447700,2453000,2412100,2432600,25917983
20191031 00:00,2472300,2491800,2423700,2487600,31413217
20191101 00:00,2495000,2559300,2491700,2558200,36783160
20191104 00:00,2574500,2578500,2553800,2575000,24447271
20191105 00:00,2570300,2581900,2563200,2571300,18617883
20191106 00:00,2567800,2574900,2553600,2572400,16734698
20191107 00:00,2586900,2603500,2581100,2594300,22907896
20191108 00:00,2587000,2604400,2568500,2601400,16802101
20191111 00:00,2582800,2624700,2582700,2622000,19903371
20191112 00:00,2616300,2627900,2609200,2619600,20163851
20191113 00:00,2611000,2647800,2610500,2644700,25158183
20191114 00:00,2640000,2648800,2620900,2626400,20744040
20191115 00:00,2640000,2657800,2630100,2657600,23977970
20191118 00:00,2657400,2674300,2642300,2671000,19678304
20191119 00:00,2679600,2680000,2654000,2662900,16368358
20191120 00:00,2656900,2660800,2604000,2631900,23905480
20191121 00:00,2635900,2640100,2611800,2620100,28360767
20191122 00:00,2625000,2631800,2608400,2617800,15152877
20191125 00:00,2625200,2664400,2625200,2663700,18806882
20191126 00:00,2670000,2672100,2625000,2642900,21530133
20191127 00:00,2658400,2679800,2653100,2678400,15141632
20191129 00:00,2662000,2680000,2659000,2672500,10136207
20191202 00:00,2673300,2682500,2634500,2641600,21924088
20191203 00:00,2582800,2595300,2562900,2594500,26825032
20191204 00:00,2610000,2633100,2606900,2617400,15489436
20191205 00:00,2638000,2658900,2627300,2655800,16894553
20191206 00:00,2675800,2710000,2673000,2707100,24429287
20191209 00:00,2701000,2707900,2649100,2669200,29535952
20191210 00:00,2686700,2700700,2658600,2684800,21119366
20191211 00:00,2687300,2711000,2685000,2707700,18581840
20191212 00:00,2677000,2725500,2673200,2714600,32297515
20191213 00:00,2714700,2753000,2709300,2751500,31067183
20191216 00:00,2770000,2807900,2769500,2798600,29324890
20191217 00:00,2798200,2817700,2788000,2804100,26651704
20191218 00:00,2798300,2819000,2791200,2797400,25882777
20191219 00:00,2795000,2811800,2789500,2800200,20705891
20191220 00:00,2826500,2826500,2785600,2794400,46250825
20191223 00:00,2806600,2842500,2803700,2840000,21823263
20191224 00:00,2846900,2848900,2829300,2842700,9836468
20191226 00:00,2848200,2899800,2847000,2899100,22011315
20191227 00:00,2911800,2939700,2881100,2898000,34863745
20191230 00:00,2894400,2926900,2852300,2915200,34989194
20191231 00:00,2898100,2936800,2895200,2936500,23468463
20200102 00:00,2962700,3006000,2951900,3003500,32381034
20200103 00:00,2969500,3005800,2965000,2974300,32601142
20200106 00:00,2937000,2999600,2927500,2998000,27977020
20200107 00:00,2999800,3009000,2974800,2983900,25250263
20200108 00:00,2971700,3044400,2971500,3031900,31268321
20200109 00:00,3072500,3104200,3062000,3096300,39912596
20200110 00:00,3107700,3126600,3082500,3103300,33656639
20200113 00:00,3117500,3170700,3111500,3169600,28896523
20200114 00:00,3167600,3175500,3117500,3126800,38416611
20200115 00:00,3119900,3155000,3095500,3113400,29150931
20200116 00:00,3135900,3157000,3120900,3152400,24836375
20200117 00:00,3163000,3187400,3150000,3187300,31081354
20200121 00:00,3172500,3190200,3160000,3165700,25133196
20200122 00:00,3187500,3199900,3173200,3177000,24127862
20200123 00:00,3179200,3195600,3156500,3192300,22286631
20200124 00:00,3202500,3233300,3175200,3183100,35615543
20200127 00:00,3099000,3133333,3048800,3089500,37697592
20200128 00:00,3125000,3184000,3121900,3176900,31754321
20200129 00:00,3246500,3278500,3213900,3243400,51731160
20200130 00:00,3206700,3240800,3187500,3238700,30144754
20200131 00:00,3209400,3226900,3082800,3095100,48133278
20200203 00:00,3041100,3134900,3022100,3086600,41259829
20200204 00:00,3154900,3196400,3136400,3188500,32279972
20200205 00:00,3236900,3247500,3189500,3214500,28242608
20200206 00:00,3226700,3252200,3202900,3252100,24559070
20200207 00:00,3222600,3234000,3179000,3200300,27946505
20200210 00:00,3141300,3215500,3138500,3215500,25450198
20200211 00:00,3236000,3239000,3187200,3196100,22191448
20200212 00:00,3214700,3272100,3214700,3272000,25914325
20200213 00:00,3243800,3262100,3233500,3248700,21873539
20200214 00:00,3247000,3259700,3228500,3249500,19018937
20200218 00:00,3153300,3197500,3146100,3190000,35034300
20200219 00:00,3200000,3245700,3200000,3236200,22163363
20200220 00:00,3226300,3246500,3182100,3203000,23849231
20200221 00:00,3187800,3204500,3105000,3130500,30890162
20200224 00:00,2970000,3041200,2892200,2981800,52307378
20200225 00:00,3006400,3025200,2861300,2880800,54932892
20200226 00:00,2865200,2978700,2865000,2926500,47456499
20200227 00:00,2810900,2860000,2729600,2735200,75781788
20200228 00:00,2574400,2784200,2563700,2733600,100904820
20200302 00:00,2823700,3014400,2777200,2988100,81659854
20200303 00:00,3037500,3040000,2858000,2893200,76293729
20200304 00:00,2968000,3034000,2931300,3027400,52290112
20200305 00:00,2954800,2995600,2914200,2929200,44777759
20200306 00:00,2819600,2908200,2812200,2890300,53813953
20200309 00:00,2635000,2780900,2630000,2661700,68555675
20200310 00:00,2770800,2864400,2693700,2853400,68122357
20200311 00:00,2773000,2812200,2718600,2754300,61364748
20200312 00:00,2555700,2700000,2480000,2482300,99843824
20200313 00:00,2650000,2799200,2529700,2779700,88089084
20200316 00:00,2419400,2591200,2400000,2422100,76597410
20200317 00:00,2473700,2580000,2384100,2528600,79230394
20200318 00:00,2404000,2500000,2371200,2466700,71796128
20200319 00:00,2470000,2528400,2426000,2447800,66152618
20200320 00:00,2472900,2518300,2280000,2292400,94917781
20200323 00:00,2278600,2281900,2126100,2243700,80038459
20200324 00:00,2365200,2476900,2343000,2468800,69055081
20200325 00:00,2508000,2582500,2443000,2455200,71644221
20200326 00:00,2463600,2586800,2463500,2584400,59057497
20200327 00:00,2529200,2558700,2470500,2477400,48846513
20200330 00:00,2507700,2555200,2494000,2548100,40114610
20200331 00:00,2555500,2624900,2520000,2542900,46008161
20200401 00:00,2466200,2487200,2391400,2409100,42038194
20200402 00:00,2399800,2451500,2369000,2449300,39708628
20200403 00:00,2428000,2457500,2389700,2414100,31059630
20200406 00:00,2511800,2631100,2493800,2624700,47496802
20200407 00:00,2712500,2717000,2590000,2594300,48072366
20200408 00:00,2627500,2673800,2612300,2660700,39082334
20200409 00:00,2689200,2700700,2647000,2679900,38627672
20200413 00:00,2681900,2737000,2658400,2732500,31595212
20200414 00:00,2800000,2892000,2780500,2870500,46345015
20200415 00:00,2826200,2863500,2806300,2844300,29698253
20200416 00:00,2872500,2882000,2823500,2866900,36580021
20200417 00:00,2850000,2869450,2768600,2828000,50272804
20200420 00:00,2776600,2816700,2768500,2769300,30573223
20200421 00:00,2761800,2772600,2654300,2683700,42903803
20200422 00:00,2737100,2779800,2721800,2761000,27502743
20200423 00:00,2758200,2817500,2748700,2750300,29742001
20200424 00:00,2770400,2830500,2770000,2829700,30057060
20200427 00:00,2818300,2845400,2799500,2831700,27697617
20200428 00:00,2850800,2858200,2782000,2785800,25978683
20200429 00:00,2850000,2896700,2838900,2877300,30806334
20200430 00:00,2899800,2945300,2883500,2938000,36903820
20200501 00:00,2861000,2990000,2858500,2890700,58497701
20200504 00:00,2889800,2936900,2863100,2931600,32239791
20200505 00:00,2950100,3010000,2944600,2975600,35880335
20200506 00:00,3005600,3032400,2988700,3006300,34121143
20200507 00:00,3033000,3051700,3019700,3037400,27534394
20200508 00:00,3057000,3103500,3042800,3101300,32233356
20200511 00:00,3080000,3170500,3072400,3150100,35350431
20200512 00:00,3177600,3196900,3108900,3114100,38375666
20200513 00:00,3120600,3159500,3032000,3076500,48719640
20200514 00:00,3047000,3097900,3015300,3095400,38327759
20200515 00:00,3009400,3079000,3002000,3077100,40036651
20200518 00:00,3130000,3166800,3103300,3149600,31825542
20200519 00:00,3150100,3185200,3130100,3131400,24463706
20200520 00:00,3166800,3195200,3161800,3192300,26655394
20200521 00:00,3186600,3208900,3158700,3168500,24479394
20200522 00:00,3159000,3192300,3153400,3188900,19743294
20200526 00:00,3234800,3242400,3165000,3167300,30322784
20200527 00:00,3158800,3187100,3131000,3181100,26592670
20200528 00:00,3167900,3234400,3156500,3182500,31536479
20200529 00:00,3194700,3211500,3164700,3179400,35401913
20200601 00:00,3178300,3223500,3172100,3218500,19591309
20200602 00:00,3206200,3234400,3189200,3233400,20446066
20200603 00:00,3248500,3262000,3223000,3251200,24772075
20200604 00:00,3243900,3256200,3207600,3223200,20789365
20200605 00:00,3233300,3317500,3232300,3315000,32280099
20200608 00:00,3300000,3336000,3273400,3334600,22810245
20200609 00:00,3320900,3456000,3320100,3439900,35161695
20200610 00:00,3479700,3547700,3461000,3528400,40052142
20200611 00:00,3493000,3510600,3354800,3359000,48008118
20200612 00:00,3449000,3478000,3342300,3388000,47299827
20200615 00:00,3331200,3457500,3325700,3429900,33041320
20200616 00:00,3513100,3532000,3447000,3520800,39345262
20200617 00:00,3550000,3555000,3510900,3515900,27085491
20200618 00:00,3514500,3534500,3492200,3517300,22999982
20200619 00:00,3554000,3565600,3451400,3497200,59934663
20200622 00:00,3516300,3594800,3511500,3588700,32515789
20200623 00:00,3640000,3723900,3622700,3665300,51631515
20200624 00:00,3652500,3687900,3585200,3600600,46763018
20200625 00:00,3606900,3650000,3575700,3648400,33120124
20200626 00:00,3643800,3653200,3530200,3536300,46965764
20200629 00:00,3534000,3621700,3512800,3617800,30730944
20200630 00:00,3600800,3659800,3599700,3648000,32258552
20200701 00:00,3650100,3673600,3639100,3641100,26463915
20200702 00:00,3678800,3704700,3636400,3641100,26826178
20200706 00:00,3699500,3757800,3698600,3738500,27797951
20200707 00:00,3755400,3786200,3722300,3726900,26145379
20200708 00:00,3769200,3815000,3763600,3813700,27857053
20200709 00:00,3850000,3852700,3786600,3827300,29984767
20200710 00:00,3820300,3839200,3788200,3836800,21449624
20200713 00:00,3890600,3998300,3810300,3819100,45405010
20200714 00:00,3795000,3890200,3755000,3882300,38742064
20200715 00:00,3959800,3969900,3859400,3909000,36575111
20200716 00:00,3862400,3896200,3836100,3860900,26114472
20200717 00:00,3880000,3885900,3833600,3853100,21876696
20200720 00:00,3856000,3940000,3842400,3934300,21976225
20200721 00:00,3970000,3970000,3869700,3880000,24751445
20200722 00:00,3867700,3919000,3864100,3890900,19731553
20200723 00:00,3878900,3883400,3680300,3713800,46441599
20200724 00:00,3636300,3718800,3565800,3704600,44385196
20200727 00:00,3748600,3796200,3739200,3792400,28296482
20200728 00:00,3771500,3782100,3729900,3730100,24538559
20200729 00:00,3750000,3809200,3749000,3801600,21090305
20200730 00:00,3769000,3851900,3750700,3847600,30067346
20200731 00:00,4115000,4256700,4033000,4250400,88982562
20200803 00:00,4330000,4465900,4315700,4357500,74380886
20200804 00:00,4365500,4431700,4335500,4386600,41828167
20200805 00:00,4377500,4415600,4355900,4402500,28434345
20200806 00:00,4416500,4576600,4391900,4556100,48853284
20200807 00:00,4530000,4547000,4411500,4444500,46559480
20200810 00:00,4500600,4551000,4400000,4509100,51298151
20200811 00:00,4480000,4499300,4364400,4375000,44241133
20200812 00:00,4419000,4531000,4411900,4520400,40095900
20200813 00:00,4580000,4641700,4557100,4600400,48991175
20200814 00:00,4587600,4600000,4521800,4596300,39205563
20200817 00:00,4640000,4643800,4558500,4584300,27472451
20200818 00:00,4574500,4640000,4560300,4622500,25044141
20200819 00:00,4639700,4686500,4624300,4628300,35168834
20200820 00:00,4630000,4735700,4629000,4731000,30343029
20200821 00:00,4780600,4994700,4769600,4974800,80480241
20200824 00:00,5151100,5151600,4957100,5034300,82116269
20200825 00:00,4988000,5007500,4922100,4993000,50533344
20200826 00:00,5049800,5079800,5003400,5060900,39166661
20200827 00:00,5085000,5099400,4953300,5000400,37351071
20200828 00:00,5040000,5057700,4983100,4992300,44109029
20200831 00:00,1276700,1310000,1262500,1290400,210024091
20200901 00:00,1329100,1348000,1305300,1341800,142927370
20200902 00:00,1375800,1379800,1270000,1314000,189870444
20200903 00:00,1269700,1288400,1205000,1208800,239632199
20200904 00:00,1200000,1237000,1108900,1209600,313674294
20200908 00:00,1137400,1189900,1126800,1128200,215998176
20200909 00:00,1173000,1191400,1152600,1173200,163375192
20200910 00:00,1203700,1205000,1125000,1134900,173105110
20200911 00:00,1146800,1152300,1100000,1120000,173446838
20200914 00:00,1147800,1159300,1128000,1153550,131875383
20200915 00:00,1183800,1188100,1136100,1155400,174732675
20200916 00:00,1153300,1160000,1120400,1121300,148185782
20200917 00:00,1097700,1122000,1087000,1103400,167927991
20200918 00:00,1104100,1108700,1060900,1068400,257836586
20200921 00:00,1045200,1101900,1031000,1100800,184509278
20200922 00:00,1126700,1128600,1091500,1118100,173469313
20200923 00:00,1116300,1121100,1067700,1071200,143337239
20200924 00:00,1051800,1102500,1050000,1082200,156876677
20200925 00:00,1084900,1124400,1076800,1122800,142794694
20200928 00:00,1149100,1153200,1127800,1149600,131094725
20200929 00:00,1145200,1153200,1135700,1140900,94874590
20200930 00:00,1136700,1172600,1136200,1158100,136407147
20201001 00:00,1177200,1177200,1158300,1167900,108893988
20201002 00:00,1127400,1153700,1122200,1130200,134381717
20201005 00:00,1139100,1166500,1135500,1165000,99613735
20201006 00:00,1157100,1161200,1122500,1131600,155170544
20201007 00:00,1146600,1155500,1141300,1150800,91397477
20201008 00:00,1162700,1164000,1145900,1149700,79054883
20201009 00:00,1151900,1170000,1149100,1169700,94514444
20201012 00:00,1200000,1251800,1192900,1244000,226136777
20201013 00:00,1253300,1253900,1196500,1211000,248673492
20201014 00:00,1210000,1230300,1196200,1211900,144919505
20201015 00:00,1188000,1212000,1181500,1207100,105978785
20201016 00:00,1213400,1215500,1188000,1190200,109798659
20201019 00:00,1199800,1204200,1156600,1159800,115626252
20201020 00:00,1160700,1189800,1156300,1175100,117201313
20201021 00:00,1164800,1187000,1164500,1168700,85131018
20201022 00:00,1174500,1180400,1145900,1157500,98341620
20201023 00:00,1163200,1165500,1142800,1150400,78699954
20201026 00:00,1139700,1165500,1128800,1150500,105623648
20201027 00:00,1155000,1172750,1145300,1166000,88006894
20201028 00:00,1148900,1154300,1111000,1112000,138547743
20201029 00:00,1124200,1169300,1122000,1153200,120764972
20201030 00:00,1110000,1119800,1077200,1088600,180368663
20201102 00:00,1092400,1106800,1073300,1087700,117088646
20201103 00:00,1097100,1121136,1087300,1104400,102939716
20201104 00:00,1141700,1155800,1123500,1149500,130107078
20201105 00:00,1180100,1196200,1168600,1190300,119380038
20201106 00:00,1182400,1192000,1161300,1186900,108714236
20201109 00:00,1202600,1219900,1160500,1163200,143638864
20201110 00:00,1155400,1175900,1141300,1159700,128009306
20201111 00:00,1171500,1196300,1164400,1194900,108090635
20201112 00:00,1196200,1205300,1185700,1192100,99357117
20201113 00:00,1194300,1196800,1178700,1192600,77852195
20201116 00:00,1188800,1209900,1181500,1203000,84834352
20201117 00:00,1194600,1206700,1189600,1193900,71696016
20201118 00:00,1186100,1198200,1180000,1180300,70257532
20201119 00:00,1173900,1190600,1168100,1186400,71380389
20201120 00:00,1186300,1187700,1172900,1173400,70773969
20201123 00:00,1171300,1176200,1135100,1138500,121710863
20201124 00:00,1138900,1158500,1125800,1151700,109318450
20201125 00:00,1156200,1167500,1151700,1160300,71597559
20201127 00:00,1165300,1174900,1162150,1165900,44376849
20201130 00:00,1168300,1209700,1168100,1190500,154701563
20201201 00:00,1210400,1234600,1200100,1227200,119871958
20201202 00:00,1220900,1233700,1208900,1230800,79971583
20201203 00:00,1235000,1237800,1222100,1229400,72305745
20201204 00:00,1225400,1228700,1215200,1222500,71261462
20201207 00:00,1223500,1245700,1222200,1237500,77750844
20201208 00:00,1243500,1249800,1230900,1243800,73917230
20201209 00:00,1244500,1259500,1210000,1217800,108033510
20201210 00:00,1205300,1238700,1201500,1232400,76346631
20201211 00:00,1224100,1227600,1205500,1224100,80921421
20201214 00:00,1226300,1233500,1215400,1217800,76642800
20201215 00:00,1243200,1279000,1241300,1278800,147839243
20201216 00:00,1274500,1283700,1265600,1278100,93829046
20201217 00:00,1289800,1295800,1280500,1287000,83049250
20201218 00:00,1290000,1291000,1261200,1266550,175622774
20201221 00:00,1251000,1283100,1234400,1282300,106381816
20201222 00:00,1316100,1344100,1296500,1318800,160595408
20201223 00:00,1321700,1324300,1307800,1309600,81901772
20201224 00:00,1314100,1334600,1311000,1319700,52389677
20201228 00:00,1340000,1373400,1335200,1366900,118820877
20201229 00:00,1380500,1387890,1343400,1348700,116216209
20201230 00:00,1355400,1359900,1334000,1337200,91783071
20201231 00:00,1340000,1347400,1317200,1326900,95781876
20210104 00:00,1335600,1336100,1267500,1294100,134310279
20210105 00:00,1289800,1317400,1284300,1310100,90751839
20210106 00:00,1275300,1310400,1263800,1266000,148162644
20210107 00:00,1283800,1316250,1278600,1309200,101546258
20210108 00:00,1325000,1326300,1302300,1320500,98370666
20210111 00:00,1290000,1301700,1285000,1289800,91540256
20210112 00:00,1284800,1296900,1268600,1288000,86984801
20210113 00:00,1286200,1314500,1284900,1308900,83856968
20210114 00:00,1307600,1310000,1287500,1289100,84631818
20210115 00:00,1289600,1302200,1270000,1271400,105455867
20210119 00:00,1277200,1287000,1269300,1278300,82744545
20210120 00:00,1286200,1324900,1285400,1320300,97655021
20210121 00:00,1338300,1395000,1335900,1368700,111368141
20210122 00:00,1363400,1398500,1350200,1390700,108987826
20210125 00:00,1431300,1462500,1365400,1429200,149872132
20210126 00:00,1435600,1443000,1413800,1431600,88575471
20210127 00:00,1434300,1443000,1404100,1420600,117622448
20210128 00:00,1395200,1421311,1367000,1370900,132668032
20210129 00:00,1357000,1367400,1302100,1319600,169240240
20210201 00:00,1336500,1353800,1309200,1341400,101481210
20210202 00:00,1356000,1363200,1346100,1349900,77143372
20210203 00:00,1355600,1357700,1336100,1339400,85290931
20210204 00:00,1364100,1375843,1345900,1373900,75587226
20210205 00:00,1373500,1374200,1358650,1367600,71738089
20210208 00:00,1361100,1369600,1349200,1369100,66521628
20210209 00:00,1367100,1378750,1358500,1360100,72253657
20210210 00:00,1364900,1369900,1344000,1353900,69469843
20210211 00:00,1359800,1363900,1337700,1351300,61294694
20210212 00:00,1342800,1355300,1336900,1353700,58004505
20210216 00:00,1354700,1360100,1327000,1331900,75143402
20210217 00:00,1312300,1322200,1289656,1308400,93799555
20210218 00:00,1292200,1299950,1274000,1297100,93027275
20210219 00:00,1301600,1307100,1288000,1298700,82969578
20210222 00:00,1279900,1297300,1256000,1260000,99386093
20210223 00:00,1237900,1267400,1183800,1258600,149836737
20210224 00:00,1249800,1261667,1222300,1253500,105531170
20210225 00:00,1246400,1264600,1200563,1209900,139143008
20210226 00:00,1226100,1248500,1212000,1212600,149612830
20210301 00:00,1237800,1279300,1227900,1277900,110211547
20210302 00:00,1284200,1287200,1250100,1251200,95815822
20210303 00:00,1247700,1257200,1218399,1220600,105107985
20210304 00:00,1217200,1236000,1186150,1201300,162524577
20210305 00:00,1209600,1219350,1175600,1214200,147534127
20210308 00:00,1209200,1210000,1162100,1163600,146625101
20210309 00:00,1191000,1220600,1187900,1210850,120468403
20210310 00:00,1216300,1221700,1194500,1199800,106188810
20210311 00:00,1224700,1232200,1199800,1219600,96995435
20210312 00:00,1203100,1219600,1191600,1210300,84418265
20210315 00:00,1214500,1240000,1204200,1239900,85568838
20210316 00:00,1257100,1272200,1247100,1255700,110417901
20210317 00:00,1241000,1258599,1223360,1247600,108018092
20210318 00:00,1229100,1231800,1203200,1205300,116917364
20210319 00:00,1201500,1214300,1196700,1199900,157394857
20210322 00:00,1202600,1238700,1202600,1233900,100349204
20210323 00:00,1233400,1242400,1221400,1225400,92996567
20210324 00:00,1228300,1229000,1200650,1200900,84561533
20210325 00:00,1194100,1216600,1190000,1205900,94704046
20210326 00:00,1203500,1214800,1189200,1212100,90549889
20210329 00:00,1216700,1225800,1207200,1213900,75279258
20210330 00:00,1200100,1213900,1188600,1199000,83655585
20210331 00:00,1216500,1235400,1211500,1221500,109019052